cellnumber,    x-coordinate,    y-coordinate,        pressure,     temperature,   intermittency,momentum-thickness-re,          y-plus,       heat-flux,face-area-magnitude
         1, 4.571863264E-02, 5.833970755E-02, 3.819684479E+05, 5.692798559E+02, 2.000468698E-02, 3.755258337E+02, 1.983977723E-01,-6.029349220E+04, 3.907368740E-04
         2, 4.550694674E-02, 5.866813287E-02, 3.822810755E+05, 5.687717984E+02, 2.000478842E-02, 3.737494150E+02, 1.974254822E-01,-6.086082222E+04, 3.907370936E-04
         3, 4.529467970E-02, 5.899618566E-02, 3.825886835E+05, 5.683554369E+02, 2.000489258E-02, 3.719775258E+02, 1.964408729E-01,-6.131958402E+04, 3.907373637E-04
         4, 4.508182406E-02, 5.932385474E-02, 3.828914102E+05, 5.680245358E+02, 2.000499956E-02, 3.702102214E+02, 1.954427475E-01,-6.167670030E+04, 3.907377068E-04
         5, 4.486837983E-02, 5.965114385E-02, 3.831892871E+05, 5.677765206E+02, 2.000510937E-02, 3.684476434E+02, 1.944286715E-01,-6.193338464E+04, 3.907381455E-04
         6, 4.465434328E-02, 5.997804552E-02, 3.834823657E+05, 5.676130547E+02, 2.000522204E-02, 3.666900529E+02, 1.934018093E-01,-6.207375471E+04, 3.907386365E-04
         7, 4.443971440E-02, 6.030455977E-02, 3.837707882E+05, 5.675314921E+02, 2.000533756E-02, 3.649375037E+02, 1.923618488E-01,-6.207999117E+04, 3.907389381E-04
         8, 4.422448203E-02, 6.063067541E-02, 3.840546037E+05, 5.675172488E+02, 2.000545600E-02, 3.631901229E+02, 1.913073648E-01,-6.196100138E+04, 3.907390194E-04
         9, 4.400864244E-02, 6.095638871E-02, 3.843338252E+05, 5.675534967E+02, 2.000557728E-02, 3.614480181E+02, 1.902420082E-01,-6.173560345E+04, 3.907389200E-04
        10, 4.379219189E-02, 6.128169969E-02, 3.846085010E+05, 5.676255140E+02, 2.000570142E-02, 3.597113047E+02, 1.891672206E-01,-6.141747213E+04, 3.907386797E-04
        11, 4.357512668E-02, 6.160659716E-02, 3.848785941E+05, 5.677168167E+02, 2.000582841E-02, 3.579800829E+02, 1.880839765E-01,-6.102462593E+04, 3.907383390E-04
        12, 4.335743934E-02, 6.193108112E-02, 3.851440505E+05, 5.678104409E+02, 2.000595820E-02, 3.562544609E+02, 1.870001854E-01,-6.058235353E+04, 3.907379385E-04
        13, 4.313912988E-02, 6.225514039E-02, 3.854048958E+05, 5.678933158E+02, 2.000609081E-02, 3.545345316E+02, 1.859228217E-01,-6.011036378E+04, 3.907375194E-04
        14, 4.292018339E-02, 6.257877499E-02, 3.856611690E+05, 5.679548856E+02, 2.000622629E-02, 3.528203615E+02, 1.848537481E-01,-5.962039071E+04, 3.907371233E-04
        15, 4.270060360E-02, 6.290198117E-02, 3.859128864E+05, 5.679832883E+02, 2.000636459E-02, 3.511120171E+02, 1.837948031E-01,-5.912838355E+04, 3.907367921E-04
        16, 4.248037934E-02, 6.322474033E-02, 3.861600418E+05, 5.679673271E+02, 2.000650570E-02, 3.494095617E+02, 1.827502452E-01,-5.865344385E+04, 3.907365681E-04
        17, 4.225951061E-02, 6.354705989E-02, 3.864026328E+05, 5.678985526E+02, 2.000664952E-02, 3.477130365E+02, 1.817310201E-01,-5.821286738E+04, 3.907364933E-04
        18, 4.203799367E-02, 6.386893988E-02, 3.866407716E+05, 5.677698478E+02, 2.000679631E-02, 3.460224906E+02, 1.807493070E-01,-5.782420804E+04, 3.907365746E-04
        19, 4.181582481E-02, 6.419036537E-02, 3.868746872E+05, 5.675770627E+02, 2.000694612E-02, 3.443379167E+02, 1.798066206E-01,-5.749854665E+04, 3.907367756E-04
        20, 4.159301519E-02, 6.451135129E-02, 3.871046353E+05, 5.673194983E+02, 2.000709871E-02, 3.426593051E+02, 1.788988323E-01,-5.724385413E+04, 3.907370759E-04
        21, 4.136955738E-02, 6.483189017E-02, 3.873308321E+05, 5.670034525E+02, 2.000725431E-02, 3.409867155E+02, 1.780210901E-01,-5.704298884E+04, 3.907374565E-04
        22, 4.114546627E-02, 6.515198201E-02, 3.875534468E+05, 5.666230357E+02, 2.000741291E-02, 3.393201904E+02, 1.771710264E-01,-5.691487205E+04, 3.907378987E-04
        23, 4.092073813E-02, 6.547162682E-02, 3.877726095E+05, 5.661843038E+02, 2.000757459E-02, 3.376597890E+02, 1.763473137E-01,-5.684731574E+04, 3.907383841E-04
        24, 4.069537669E-02, 6.579082459E-02, 3.879884741E+05, 5.656848698E+02, 2.000773938E-02, 3.360055803E+02, 1.755523520E-01,-5.684658110E+04, 3.907388940E-04
        25, 4.046938941E-02, 6.610958278E-02, 3.882012299E+05, 5.651219411E+02, 2.000790738E-02, 3.343576321E+02, 1.747866082E-01,-5.692937249E+04, 3.907394100E-04
        26, 4.024277627E-02, 6.642789394E-02, 3.884110760E+05, 5.645005678E+02, 2.000807873E-02, 3.327160173E+02, 1.740466497E-01,-5.709652399E+04, 3.907399137E-04
        27, 4.001554102E-02, 6.674576551E-02, 3.886182193E+05, 5.638284589E+02, 2.000825363E-02, 3.310808300E+02, 1.733249409E-01,-5.734056053E+04, 3.907403870E-04
        28, 3.978768736E-02, 6.706319749E-02, 3.888228124E+05, 5.631135513E+02, 2.000843238E-02, 3.294521886E+02, 1.726065939E-01,-5.764870342E+04, 3.907408117E-04
        29, 3.955921903E-02, 6.738018245E-02, 3.890248379E+05, 5.623602897E+02, 2.000861515E-02, 3.278302482E+02, 1.718749738E-01,-5.801572202E+04, 3.907411363E-04
        30, 3.933013603E-02, 6.769672036E-02, 3.892241308E+05, 5.615743214E+02, 2.000880150E-02, 3.262151612E+02, 1.711308909E-01,-5.844311232E+04, 3.907411986E-04
        31, 3.910042346E-02, 6.801281124E-02, 3.894205765E+05, 5.607646911E+02, 2.000899235E-02, 3.246071710E+02, 1.703866282E-01,-5.892872368E+04, 3.907410011E-04
        32, 3.887008503E-02, 6.832844019E-02, 3.896141679E+05, 5.599411057E+02, 2.000918794E-02, 3.230063690E+02, 1.696444931E-01,-5.946299949E+04, 3.907406084E-04
        33, 3.863910586E-02, 6.864360720E-02, 3.898049186E+05, 5.591124490E+02, 2.000938841E-02, 3.214128638E+02, 1.688998885E-01,-6.003494205E+04, 3.907400864E-04
        34, 3.840747848E-02, 6.895828992E-02, 3.899928117E+05, 5.582861081E+02, 2.000959399E-02, 3.198267889E+02, 1.681492019E-01,-6.063789779E+04, 3.907395017E-04
        35, 3.817519546E-02, 6.927248836E-02, 3.901778137E+05, 5.574701300E+02, 2.000980496E-02, 3.182482809E+02, 1.673909675E-01,-6.126542212E+04, 3.907389221E-04
        36, 3.794225305E-02, 6.958620250E-02, 3.903598846E+05, 5.566737968E+02, 2.001002162E-02, 3.166774718E+02, 1.666249255E-01,-6.190843094E+04, 3.907384161E-04
        37, 3.770864010E-02, 6.989941001E-02, 3.905389985E+05, 5.559071168E+02, 2.001024430E-02, 3.151144889E+02, 1.658508256E-01,-6.255439238E+04, 3.907380531E-04
        38, 3.747434542E-02, 7.021211088E-02, 3.907151350E+05, 5.551793502E+02, 2.001047333E-02, 3.135594472E+02, 1.650650300E-01,-6.318884542E+04, 3.907379037E-04
        39, 3.723936900E-02, 7.052430511E-02, 3.908882014E+05, 5.544977846E+02, 2.001070890E-02, 3.120124535E+02, 1.642662226E-01,-6.379786037E+04, 3.907380392E-04
        40, 3.700369596E-02, 7.083596289E-02, 3.910581022E+05, 5.538659436E+02, 2.001095105E-02, 3.104736101E+02, 1.634657553E-01,-6.437729529E+04, 3.907385268E-04
        41, 3.676732630E-02, 7.114709914E-02, 3.912248769E+05, 5.532858161E+02, 2.001120032E-02, 3.089430086E+02, 1.626773039E-01,-6.492548618E+04, 3.907392101E-04
        42, 3.653025255E-02, 7.145770639E-02, 3.913886733E+05, 5.527557927E+02, 2.001145702E-02, 3.074206820E+02, 1.619034900E-01,-6.545021060E+04, 3.907398121E-04
        43, 3.629247472E-02, 7.176776975E-02, 3.915496700E+05, 5.522820570E+02, 2.001172102E-02, 3.059066454E+02, 1.611376010E-01,-6.593866124E+04, 3.907403255E-04
        44, 3.605399653E-02, 7.207728922E-02, 3.917079823E+05, 5.518687880E+02, 2.001199267E-02, 3.044009821E+02, 1.603746646E-01,-6.637695482E+04, 3.907407652E-04
        45, 3.581481054E-02, 7.238627225E-02, 3.918637085E+05, 5.515154781E+02, 2.001227212E-02, 3.029037660E+02, 1.596131812E-01,-6.675899975E+04, 3.907411461E-04
        46, 3.557492420E-02, 7.269470394E-02, 3.920169307E+05, 5.512191098E+02, 2.001255960E-02, 3.014150758E+02, 1.588516182E-01,-6.708218707E+04, 3.907414833E-04
        47, 3.533432633E-02, 7.300259173E-02, 3.921677074E+05, 5.509735094E+02, 2.001285524E-02, 2.999349871E+02, 1.580884871E-01,-6.735039592E+04, 3.907417919E-04
        48, 3.509302810E-02, 7.330992818E-02, 3.923160568E+05, 5.507714082E+02, 2.001315914E-02, 2.984635811E+02, 1.573269409E-01,-6.757390269E+04, 3.907420871E-04
        49, 3.485102579E-02, 7.361669838E-02, 3.924620448E+05, 5.506084985E+02, 2.001347149E-02, 2.970009386E+02, 1.565734529E-01,-6.775960520E+04, 3.907423840E-04
        50, 3.460831195E-02, 7.392292470E-02, 3.926057952E+05, 5.504829009E+02, 2.001379259E-02, 2.955471174E+02, 1.558280614E-01,-6.790400606E+04, 3.907426981E-04
        51, 3.436489403E-02, 7.422857732E-02, 3.927474071E+05, 5.503882167E+02, 2.001412262E-02, 2.941021735E+02, 1.550872265E-01,-6.801058364E+04, 3.907430448E-04
        52, 3.412076831E-02, 7.453367859E-02, 3.928869615E+05, 5.503171987E+02, 2.001446174E-02, 2.926661840E+02, 1.543473196E-01,-6.808654685E+04, 3.907434082E-04
        53, 3.387593105E-02, 7.483820617E-02, 3.930245005E+05, 5.502638688E+02, 2.001481003E-02, 2.912392235E+02, 1.536050467E-01,-6.813992361E+04, 3.907436094E-04
        54, 3.363038599E-02, 7.514215261E-02, 3.931600235E+05, 5.502246851E+02, 2.001516792E-02, 2.898213905E+02, 1.528598654E-01,-6.817492877E+04, 3.907436053E-04
        55, 3.338412568E-02, 7.544552535E-02, 3.932935196E+05, 5.501966609E+02, 2.001553570E-02, 2.884127621E+02, 1.521124000E-01,-6.819322941E+04, 3.907434364E-04
        56, 3.313714266E-02, 7.574831694E-02, 3.934249662E+05, 5.501754266E+02, 2.001591357E-02, 2.870134106E+02, 1.513655765E-01,-6.820055631E+04, 3.907431436E-04
        57, 3.288944438E-02, 7.605051994E-02, 3.935543695E+05, 5.501570992E+02, 2.001630181E-02, 2.856234036E+02, 1.506247598E-01,-6.820370653E+04, 3.907427680E-04
        58, 3.264101967E-02, 7.635211945E-02, 3.936817837E+05, 5.501385918E+02, 2.001670089E-02, 2.842427869E+02, 1.498900539E-01,-6.820809784E+04, 3.907423511E-04
        59, 3.239186853E-02, 7.665312290E-02, 3.938072216E+05, 5.501177501E+02, 2.001711109E-02, 2.828715948E+02, 1.491590418E-01,-6.821694442E+04, 3.907419347E-04
        60, 3.214199096E-02, 7.695352286E-02, 3.939306907E+05, 5.500933600E+02, 2.001753274E-02, 2.815098674E+02, 1.484320810E-01,-6.823303294E+04, 3.907415608E-04
        61, 3.189137951E-02, 7.725330442E-02, 3.940521852E+05, 5.500651022E+02, 2.001796624E-02, 2.801576264E+02, 1.477118416E-01,-6.825847926E+04, 3.907412718E-04
        62, 3.164003044E-02, 7.755247504E-02, 3.941717353E+05, 5.500329913E+02, 2.001841201E-02, 2.788148631E+02, 1.470006816E-01,-6.829499199E+04, 3.907411103E-04
        63, 3.138794005E-02, 7.785102725E-02, 3.942893646E+05, 5.499973579E+02, 2.001887042E-02, 2.774815556E+02, 1.462991731E-01,-6.834333835E+04, 3.907411186E-04
        64, 3.113511391E-02, 7.814894617E-02, 3.944050936E+05, 5.499579166E+02, 2.001934204E-02, 2.761577501E+02, 1.456110557E-01,-6.840671344E+04, 3.907412802E-04
        65, 3.088154271E-02, 7.844623178E-02, 3.945189814E+05, 5.499153058E+02, 2.001982752E-02, 2.748435192E+02, 1.449377399E-01,-6.848577737E+04, 3.907415143E-04
        66, 3.062723391E-02, 7.874289155E-02, 3.946310852E+05, 5.498705821E+02, 2.002032687E-02, 2.735387997E+02, 1.442795271E-01,-6.858096705E+04, 3.907418108E-04
        67, 3.037218750E-02, 7.903891802E-02, 3.947414847E+05, 5.498257572E+02, 2.002084076E-02, 2.722435990E+02, 1.436398916E-01,-6.869235902E+04, 3.907421683E-04
        68, 3.011640534E-02, 7.933430374E-02, 3.948503056E+05, 5.497830306E+02, 2.002136995E-02, 2.709578856E+02, 1.430158853E-01,-6.881799537E+04, 3.907425853E-04
        69, 2.985988930E-02, 7.962905616E-02, 3.949576193E+05, 5.497446149E+02, 2.002191497E-02, 2.696816280E+02, 1.424006308E-01,-6.895396492E+04, 3.907430605E-04
        70, 2.960263751E-02, 7.992317528E-02, 3.950634660E+05, 5.497126983E+02, 2.002247628E-02, 2.684148142E+02, 1.417927106E-01,-6.909725957E+04, 3.907435925E-04
        71, 2.934465744E-02, 8.021664619E-02, 3.951678903E+05, 5.496893879E+02, 2.002305462E-02, 2.671574300E+02, 1.411929294E-01,-6.924571693E+04, 3.907441801E-04
        72, 2.908594906E-02, 8.050947636E-02, 3.952709426E+05, 5.496760232E+02, 2.002365070E-02, 2.659094444E+02, 1.406016944E-01,-6.939827972E+04, 3.907448220E-04
        73, 2.882651053E-02, 8.080165833E-02, 3.953726820E+05, 5.496735569E+02, 2.002426525E-02, 2.646708204E+02, 1.400197488E-01,-6.955524733E+04, 3.907455170E-04
        74, 2.856634744E-02, 8.109320700E-02, 3.954731911E+05, 5.496838673E+02, 2.002489926E-02, 2.634415200E+02, 1.394461068E-01,-6.971441808E+04, 3.907462640E-04
        75, 2.830545977E-02, 8.138410002E-02, 3.955725630E+05, 5.497088557E+02, 2.002555387E-02, 2.622215073E+02, 1.388720923E-01,-6.987009414E+04, 3.907470192E-04
        76, 2.804384567E-02, 8.167434484E-02, 3.956708305E+05, 5.497504677E+02, 2.002622906E-02, 2.610107266E+02, 1.382865325E-01,-7.001633297E+04, 3.907474488E-04
        77, 2.778149955E-02, 8.196392655E-02, 3.957679375E+05, 5.498097317E+02, 2.002692661E-02, 2.598091846E+02, 1.376864343E-01,-7.015187653E+04, 3.907474510E-04
        78, 2.751841769E-02, 8.225283772E-02, 3.958638122E+05, 5.498875892E+02, 2.002764776E-02, 2.586168445E+02, 1.370733421E-01,-7.027508792E+04, 3.907471101E-04
        79, 2.725459263E-02, 8.254107833E-02, 3.959583818E+05, 5.499845432E+02, 2.002839342E-02, 2.574336438E+02, 1.364502221E-01,-7.038511927E+04, 3.907465126E-04
        80, 2.699001692E-02, 8.282861859E-02, 3.960515932E+05, 5.501005014E+02, 2.002916476E-02, 2.562595062E+02, 1.358227705E-01,-7.048300496E+04, 3.907457462E-04
        81, 2.672468312E-02, 8.311546594E-02, 3.961434352E+05, 5.502347509E+02, 2.002996312E-02, 2.550943270E+02, 1.351953910E-01,-7.057140995E+04, 3.907448995E-04
        82, 2.645858563E-02, 8.340159804E-02, 3.962339174E+05, 5.503872211E+02, 2.003078994E-02, 2.539379772E+02, 1.345681209E-01,-7.065077910E+04, 3.907440621E-04
        83, 2.619172074E-02, 8.368701488E-02, 3.963230442E+05, 5.505586232E+02, 2.003164672E-02, 2.527903143E+02, 1.339367941E-01,-7.071724930E+04, 3.907433249E-04
        84, 2.592407912E-02, 8.397170901E-02, 3.964107697E+05, 5.507480585E+02, 2.003253480E-02, 2.516511923E+02, 1.332986695E-01,-7.076907852E+04, 3.907427796E-04
        85, 2.565565705E-02, 8.425565809E-02, 3.964970245E+05, 5.509531461E+02, 2.003345546E-02, 2.505204583E+02, 1.326574131E-01,-7.081090965E+04, 3.907425189E-04
        86, 2.538644336E-02, 8.453886211E-02, 3.965817447E+05, 5.511730249E+02, 2.003440988E-02, 2.493979283E+02, 1.320246463E-01,-7.084898494E+04, 3.907426362E-04
        87, 2.511643991E-02, 8.482131362E-02, 3.966649426E+05, 5.514076264E+02, 2.003540057E-02, 2.482833949E+02, 1.314151769E-01,-7.088861051E+04, 3.907431134E-04
        88, 2.484564297E-02, 8.510299772E-02, 3.967467163E+05, 5.516559908E+02, 2.003643057E-02, 2.471766118E+02, 1.308312651E-01,-7.092980533E+04, 3.907437442E-04
        89, 2.457405999E-02, 8.538392931E-02, 3.968271667E+05, 5.519172290E+02, 2.003749938E-02, 2.460772830E+02, 1.302678738E-01,-7.096996061E+04, 3.907444593E-04
        90, 2.430169471E-02, 8.566410840E-02, 3.969063747E+05, 5.521900385E+02, 2.003860968E-02, 2.449852000E+02, 1.297254948E-01,-7.101131289E+04, 3.907452143E-04
        91, 2.402855642E-02, 8.594353497E-02, 3.969844317E+05, 5.524732640E+02, 2.003976376E-02, 2.439001205E+02, 1.292059983E-01,-7.105597585E+04, 3.907459651E-04
        92, 2.375464886E-02, 8.622220159E-02, 3.970614430E+05, 5.527657728E+02, 2.004096407E-02, 2.428218029E+02, 1.287090629E-01,-7.110518617E+04, 3.907466678E-04
        93, 2.347997762E-02, 8.650012314E-02, 3.971375184E+05, 5.530665445E+02, 2.004221325E-02, 2.417500106E+02, 1.282309351E-01,-7.115902112E+04, 3.907472789E-04
        94, 5.269045383E-02, 8.096554875E-02, 2.418413421E+05, 6.159920620E+02, 3.676645674E-02, 7.440160014E+02, 3.964053224E-01,-2.025002371E+05, 3.907310926E-04
        95, 5.255749077E-02, 8.133295923E-02, 2.420016428E+05, 6.149578669E+02, 3.684354937E-02, 7.461235597E+02, 3.957070770E-01,-2.030960990E+05, 3.907310248E-04
        96, 5.242430791E-02, 8.170029521E-02, 2.421708229E+05, 6.138599818E+02, 3.693657253E-02, 7.482884756E+02, 3.948213467E-01,-2.036348703E+05, 3.907309784E-04
        97, 5.229090527E-02, 8.206754923E-02, 2.423497441E+05, 6.126904262E+02, 3.705029783E-02, 7.504943078E+02, 3.936975675E-01,-2.041174975E+05, 3.907309609E-04
        98, 5.215727538E-02, 8.243472129E-02, 2.425378875E+05, 6.114412066E+02, 3.719011086E-02, 7.527278155E+02, 3.922795589E-01,-2.044903298E+05, 3.907309801E-04
        99, 5.202341825E-02, 8.280180395E-02, 2.427387229E+05, 6.100964863E+02, 3.737135387E-02, 7.549775061E+02, 3.904821183E-01,-2.047227802E+05, 3.907310424E-04
       100, 5.188932642E-02, 8.316880465E-02, 2.429536158E+05, 6.086363029E+02, 3.762785065E-02, 7.572342083E+02, 3.880601234E-01,-2.046990765E+05, 3.907311239E-04
       101, 5.175499618E-02, 8.353571594E-02, 2.431749681E+05, 6.070264247E+02, 3.783289142E-02, 7.594955749E+02, 3.843777647E-01,-2.039625649E+05, 3.907311963E-04
       102, 5.162042752E-02, 8.390254527E-02, 2.433807217E+05, 6.052202890E+02, 3.695343312E-02, 7.617637241E+02, 3.783173613E-01,-2.015293750E+05, 3.907312632E-04
       103, 5.148562044E-02, 8.426928520E-02, 2.435410376E+05, 6.031653421E+02, 3.482367844E-02, 7.640455073E+02, 3.682712559E-01,-1.960448397E+05, 3.907313300E-04
       104, 5.135056376E-02, 8.463593572E-02, 2.436004969E+05, 6.008242429E+02, 3.500938395E-02, 7.663413484E+02, 3.529169257E-01,-1.860183767E+05, 3.907314022E-04
       105, 5.121526495E-02, 8.500248939E-02, 2.435140738E+05, 5.981893496E+02, 3.398485273E-02, 7.686369953E+02, 3.301112620E-01,-1.697666379E+05, 3.907314853E-04
       106, 5.107971281E-02, 8.536896110E-02, 2.432903831E+05, 5.953583911E+02, 2.874304934E-02, 7.708639687E+02, 3.021350087E-01,-1.493887580E+05, 3.907315851E-04
       107, 5.094391108E-02, 8.573533595E-02, 2.429859373E+05, 5.925243173E+02, 2.501553961E-02, 7.729066982E+02, 2.764104167E-01,-1.317621243E+05, 3.907317071E-04
       108, 5.080785602E-02, 8.610160649E-02, 2.426244097E+05, 5.897780188E+02, 2.345762258E-02, 7.747255430E+02, 2.535821212E-01,-1.178127565E+05, 3.907318570E-04
       109, 5.067154020E-02, 8.646779507E-02, 2.421816607E+05, 5.871221818E+02, 2.261832199E-02, 7.763362525E+02, 2.311973832E-01,-1.050669248E+05, 3.907320408E-04
       110, 5.053496733E-02, 8.683387935E-02, 2.416585491E+05, 5.845613776E+02, 2.166563549E-02, 7.777489996E+02, 2.100746476E-01,-9.281544488E+04, 3.907322642E-04
       111, 5.039813370E-02, 8.719987422E-02, 2.411263755E+05, 5.821461970E+02, 2.105631416E-02, 7.789485113E+02, 1.935222682E-01,-8.223041328E+04, 3.907325331E-04
       112, 5.026103556E-02, 8.756575733E-02, 2.406709217E+05, 5.799312489E+02, 2.070217063E-02, 7.798994240E+02, 1.829712998E-01,-7.477417023E+04, 3.907328535E-04
       113, 5.012366921E-02, 8.793155104E-02, 2.403125345E+05, 5.779183745E+02, 2.043837541E-02, 7.806195412E+02, 1.761112879E-01,-7.019428479E+04, 3.907332314E-04
       114, 4.998603463E-02, 8.829724044E-02, 2.400204540E+05, 5.760816278E+02, 2.032273820E-02, 7.811557501E+02, 1.708563429E-01,-6.746441974E+04, 3.907336729E-04
       115, 4.984812438E-02, 8.866283298E-02, 2.397665223E+05, 5.743877947E+02, 2.023971934E-02, 7.815567768E+02, 1.663444498E-01,-6.572546804E+04, 3.907341708E-04
       116, 4.970994219E-02, 8.902831376E-02, 2.395325621E+05, 5.728184444E+02, 2.019844937E-02, 7.818562635E+02, 1.622609925E-01,-6.455427168E+04, 3.907345746E-04
       117, 4.957147315E-02, 8.939368278E-02, 2.393073501E+05, 5.713607768E+02, 2.015697428E-02, 7.820776409E+02, 1.584735361E-01,-6.369015924E+04, 3.907347987E-04
       118, 4.943270981E-02, 8.975895494E-02, 2.390861087E+05, 5.700026411E+02, 2.013853320E-02, 7.822346114E+02, 1.548488478E-01,-6.302029737E+04, 3.907348645E-04
       119, 4.929364100E-02, 9.012410045E-02, 2.388617217E+05, 5.687341268E+02, 2.012854104E-02, 7.823363323E+02, 1.513320236E-01,-6.244054995E+04, 3.907347960E-04
       120, 4.915426672E-02, 9.048913419E-02, 2.386331427E+05, 5.675482538E+02, 2.011823477E-02, 7.823876709E+02, 1.480972032E-01,-6.195622386E+04, 3.907346177E-04
       121, 4.901456460E-02, 9.085404128E-02, 2.384003667E+05, 5.664393732E+02, 2.010686391E-02, 7.824008482E+02, 1.450934432E-01,-6.157732554E+04, 3.907343552E-04
       122, 4.887453839E-02, 9.121882170E-02, 2.381620240E+05, 5.654019225E+02, 2.009659547E-02, 7.823712583E+02, 1.422764634E-01,-6.127785152E+04, 3.907340346E-04
       123, 4.873417318E-02, 9.158347547E-02, 2.379178832E+05, 5.644306798E+02, 2.008637746E-02, 7.822967428E+02, 1.396724434E-01,-6.104802810E+04, 3.907336826E-04
       124, 4.859345779E-02, 9.194798768E-02, 2.376682136E+05, 5.635191979E+02, 2.007690097E-02, 7.821871829E+02, 1.372425197E-01,-6.088246426E+04, 3.907333271E-04
       125, 4.845238850E-02, 9.231236577E-02, 2.374129170E+05, 5.626623665E+02, 2.006898583E-02, 7.820413682E+02, 1.348998138E-01,-6.075660132E+04, 3.907329963E-04
       126, 4.831095040E-02, 9.267660230E-02, 2.371512865E+05, 5.618594104E+02, 2.006365142E-02, 7.818606387E+02, 1.325670189E-01,-6.063328964E+04, 3.907327193E-04
       127, 4.816913977E-02, 9.304069728E-02, 2.368821062E+05, 5.611095547E+02, 2.006152269E-02, 7.816455004E+02, 1.302290839E-01,-6.048581144E+04, 3.907325259E-04
       128, 4.802694544E-02, 9.340463579E-02, 2.366045509E+05, 5.604108603E+02, 2.006245366E-02, 7.813966262E+02, 1.279498672E-01,-6.031028090E+04, 3.907324466E-04
       129, 4.788435996E-02, 9.376841784E-02, 2.363189105E+05, 5.597610386E+02, 2.006556916E-02, 7.811146403E+02, 1.258101851E-01,-6.011583004E+04, 3.907325129E-04
       130, 4.774136841E-02, 9.413205087E-02, 2.360264430E+05, 5.591570397E+02, 2.006990288E-02, 7.808001730E+02, 1.238439126E-01,-5.991198054E+04, 3.907327567E-04
       131, 4.759797081E-02, 9.449552000E-02, 2.357287243E+05, 5.585966063E+02, 2.007494298E-02, 7.804536199E+02, 1.220171003E-01,-5.969574196E+04, 3.907331805E-04
       132, 4.745415598E-02, 9.485881776E-02, 2.354268999E+05, 5.580795407E+02, 2.008033707E-02, 7.800754390E+02, 1.202615967E-01,-5.945210475E+04, 3.907336181E-04
       133, 4.730992019E-02, 9.522195905E-02, 2.351213627E+05, 5.576056764E+02, 2.008561842E-02, 7.796660943E+02, 1.185422087E-01,-5.917222645E+04, 3.907340064E-04
       134, 4.716526344E-02, 9.558492899E-02, 2.348121829E+05, 5.571756466E+02, 2.009058717E-02, 7.792259407E+02, 1.168810653E-01,-5.885859301E+04, 3.907343553E-04
       135, 4.702018201E-02, 9.594772756E-02, 2.344994729E+05, 5.567883495E+02, 2.009548894E-02, 7.787553234E+02, 1.153351052E-01,-5.852673901E+04, 3.907346749E-04
       136, 4.687466845E-02, 9.631036222E-02, 2.341836307E+05, 5.564401575E+02, 2.010047534E-02, 7.782546295E+02, 1.139782625E-01,-5.820393935E+04, 3.907349753E-04
       137, 4.672873020E-02, 9.667281806E-02, 2.338656312E+05, 5.561320707E+02, 2.010512545E-02, 7.777244763E+02, 1.128745807E-01,-5.790891777E+04, 3.907352668E-04
       138, 4.658235982E-02, 9.703510255E-02, 2.335469348E+05, 5.558648455E+02, 2.010868589E-02, 7.771657349E+02, 1.120261728E-01,-5.765098513E+04, 3.907355596E-04
       139, 4.643555358E-02, 9.739721566E-02, 2.332287507E+05, 5.556380866E+02, 2.011074131E-02, 7.765793533E+02, 1.113627328E-01,-5.742278858E+04, 3.907358643E-04
       140, 4.628831148E-02, 9.775914252E-02, 2.329115523E+05, 5.554498732E+02, 2.011137885E-02, 7.759662646E+02, 1.108122284E-01,-5.721214815E+04, 3.907361911E-04
       141, 4.614062607E-02, 9.812089801E-02, 2.325952998E+05, 5.552981651E+02, 2.011107656E-02, 7.753273260E+02, 1.103422888E-01,-5.701483061E+04, 3.907365507E-04
       142, 4.599250108E-02, 9.848246723E-02, 2.322795634E+05, 5.551811076E+02, 2.011015157E-02, 7.746632206E+02, 1.099564003E-01,-5.683530167E+04, 3.907369535E-04
       143, 4.584393278E-02, 9.884385020E-02, 2.319638050E+05, 5.550972544E+02, 2.010867631E-02, 7.739744729E+02, 1.097039138E-01,-5.668607931E+04, 3.907374102E-04
       144, 4.569491372E-02, 9.920506179E-02, 2.316479079E+05, 5.550448775E+02, 2.010678706E-02, 7.732614845E+02, 1.096559091E-01,-5.658597595E+04, 3.907379316E-04
       145, 4.554545134E-02, 9.956607968E-02, 2.313323854E+05, 5.550211387E+02, 2.010460231E-02, 7.725245158E+02, 1.098421488E-01,-5.655140366E+04, 3.907385283E-04
       146, 4.539553449E-02, 9.992691875E-02, 2.310179994E+05, 5.550251482E+02, 2.010224033E-02, 7.717636254E+02, 1.102040057E-01,-5.657527638E+04, 3.907392112E-04
       147, 4.524515942E-02, 1.002875641E-01, 2.307049202E+05, 5.550567268E+02, 2.009976024E-02, 7.709786555E+02, 1.106605640E-01,-5.663598697E+04, 3.907399058E-04
       148, 4.509432241E-02, 1.006480157E-01, 2.303929346E+05, 5.551145050E+02, 2.009722023E-02, 7.701694501E+02, 1.111947666E-01,-5.672268319E+04, 3.907403333E-04
       149, 4.494301230E-02, 1.010082662E-01, 2.300820646E+05, 5.551970510E+02, 2.009468010E-02, 7.693357544E+02, 1.118183898E-01,-5.683784898E+04, 3.907404758E-04
       150, 4.479121789E-02, 1.013683230E-01, 2.297724329E+05, 5.553031418E+02, 2.009219112E-02, 7.684771560E+02, 1.125198718E-01,-5.698213543E+04, 3.907403874E-04
       151, 4.463892058E-02, 1.017281562E-01, 2.294640936E+05, 5.554314966E+02, 2.008977053E-02, 7.675931036E+02, 1.132842638E-01,-5.714944525E+04, 3.907401234E-04
       152, 4.448611662E-02, 1.020877808E-01, 2.291573089E+05, 5.555790625E+02, 2.008741485E-02, 7.666829986E+02, 1.140851122E-01,-5.733608955E+04, 3.907397407E-04
       153, 4.433278739E-02, 1.024471819E-01, 2.288521335E+05, 5.557439730E+02, 2.008510475E-02, 7.657461522E+02, 1.148684013E-01,-5.753120236E+04, 3.907392976E-04
       154, 4.417892918E-02, 1.028063521E-01, 2.285482016E+05, 5.559243706E+02, 2.008281403E-02, 7.647818701E+02, 1.155979850E-01,-5.772491443E+04, 3.907388536E-04
       155, 4.402451962E-02, 1.031652912E-01, 2.282449745E+05, 5.561196674E+02, 2.008053493E-02, 7.637895996E+02, 1.162752236E-01,-5.791455609E+04, 3.907384700E-04
       156, 4.386955127E-02, 1.035239771E-01, 2.279419983E+05, 5.563298622E+02, 2.007828866E-02, 7.627688658E+02, 1.169145827E-01,-5.810216128E+04, 3.907382090E-04
       157, 4.371401295E-02, 1.038824245E-01, 2.276389068E+05, 5.565546032E+02, 2.007611062E-02, 7.617190620E+02, 1.175217641E-01,-5.828853711E+04, 3.907381347E-04
       158, 4.355788976E-02, 1.042406186E-01, 2.273353868E+05, 5.567932590E+02, 2.007402551E-02, 7.606396329E+02, 1.181005679E-01,-5.847321641E+04, 3.907383123E-04
       159, 4.340117425E-02, 1.045985520E-01, 2.270313208E+05, 5.570452267E+02, 2.007202849E-02, 7.595300643E+02, 1.186363375E-01,-5.865262432E+04, 3.907388085E-04
       160, 4.324385151E-02, 1.049562246E-01, 2.267263763E+05, 5.573097613E+02, 2.007008775E-02, 7.583898572E+02, 1.190815123E-01,-5.881660648E+04, 3.907396914E-04
       161, 4.308590665E-02, 1.053136140E-01, 2.264195811E+05, 5.575862193E+02, 2.006817366E-02, 7.572186128E+02, 1.194111157E-01,-5.895595133E+04, 3.907410305E-04
       162, 4.292733595E-02, 1.056707352E-01, 2.261097737E+05, 5.578745158E+02, 2.006628330E-02, 7.560161271E+02, 1.196650545E-01,-5.907635941E+04, 3.907428936E-04
       163, 4.276811332E-02, 1.060275659E-01, 2.257961563E+05, 5.581747862E+02, 2.006443684E-02, 7.547822448E+02, 1.198992524E-01,-5.919302322E+04, 3.907448936E-04
       164, 4.260822758E-02, 1.063841060E-01, 2.254781707E+05, 5.584875626E+02, 2.006265919E-02, 7.535166861E+02, 1.201459845E-01,-5.931269138E+04, 3.907462161E-04
       165, 4.244764894E-02, 1.067403331E-01, 2.251555566E+05, 5.588135116E+02, 2.006095703E-02, 7.522191280E+02, 1.204394942E-01,-5.943952318E+04, 3.907469145E-04
       166, 4.228635505E-02, 1.070962325E-01, 2.248286151E+05, 5.591534436E+02, 2.005934083E-02, 7.508893390E+02, 1.207914390E-01,-5.957627186E+04, 3.907471644E-04
       167, 4.212431237E-02, 1.074517965E-01, 2.244977021E+05, 5.595065748E+02, 2.005781244E-02, 7.495269774E+02, 1.211634725E-01,-5.971627934E+04, 3.907471481E-04
       168, 4.196150228E-02, 1.078070104E-01, 2.241629023E+05, 5.598711878E+02, 2.005637655E-02, 7.481317490E+02, 1.214955715E-01,-5.984716231E+04, 3.907470549E-04
       169, 4.179789871E-02, 1.081618592E-01, 2.238238102E+05, 5.602475176E+02, 2.005507839E-02, 7.467035117E+02, 1.217278766E-01,-5.995272649E+04, 3.907470808E-04
       170, 4.163346812E-02, 1.085163280E-01, 2.234793362E+05, 5.606356950E+02, 2.005405357E-02, 7.452422709E+02, 1.218247937E-01,-6.002118283E+04, 3.907474285E-04
       171, 4.146818817E-02, 1.088703945E-01, 2.231278693E+05, 5.610354897E+02, 2.005359297E-02, 7.437482063E+02, 1.218060034E-01,-6.005342688E+04, 3.907483074E-04
       172, 4.130203649E-02, 1.092240587E-01, 2.227678710E+05, 5.614469926E+02, 2.005420239E-02, 7.422216022E+02, 1.217427399E-01,-6.006300866E+04, 3.907499338E-04
       173, 4.113497958E-02, 1.095772982E-01, 2.223983611E+05, 5.618694449E+02, 2.005659612E-02, 7.406626723E+02, 1.216950374E-01,-6.006888513E+04, 3.907525307E-04
       174, 4.096699879E-02, 1.099301055E-01, 2.220183890E+05, 5.623044887E+02, 2.006150618E-02, 7.390714747E+02, 1.216935146E-01,-6.007750774E+04, 3.907563278E-04
       175, 4.079806432E-02, 1.102824584E-01, 2.216270143E+05, 5.627537248E+02, 2.006918142E-02, 7.374481167E+02, 1.218020236E-01,-6.009621407E+04, 3.907615616E-04
       176, 4.062815011E-02, 1.106343493E-01, 2.212240650E+05, 5.632176390E+02, 2.007871547E-02, 7.357928100E+02, 1.221064527E-01,-6.014260415E+04, 3.907684753E-04
       177, 4.045723006E-02, 1.109857559E-01, 2.208102029E+05, 5.636963365E+02, 2.008779076E-02, 7.341055310E+02, 1.226242902E-01,-6.022588209E+04, 3.907773188E-04
       178, 4.028527811E-02, 1.113366783E-01, 2.203858490E+05, 5.641896356E+02, 2.009351909E-02, 7.323859702E+02, 1.233174802E-01,-6.034079751E+04, 3.907882586E-04
       179, 4.011226073E-02, 1.116870865E-01, 2.199510207E+05, 5.646963196E+02, 2.009428075E-02, 7.306339982E+02, 1.241792486E-01,-6.048326071E+04, 3.907985209E-04
       180, 3.993813321E-02, 1.120369434E-01, 2.195061221E+05, 5.652155408E+02, 2.009082093E-02, 7.288495014E+02, 1.251953227E-01,-6.064710331E+04, 3.908048683E-04
       181, 3.976283967E-02, 1.123862341E-01, 2.190512163E+05, 5.657473842E+02, 2.008510580E-02, 7.270323131E+02, 1.263321169E-01,-6.082291176E+04, 3.908077199E-04
       182, 3.958631679E-02, 1.127348989E-01, 2.185859597E+05, 5.662903597E+02, 2.007793244E-02, 7.251826107E+02, 1.275929435E-01,-6.101372178E+04, 3.908077606E-04
       183, 3.940851614E-02, 1.130829155E-01, 2.181098303E+05, 5.668446364E+02, 2.006890368E-02, 7.233005321E+02, 1.290194886E-01,-6.122776703E+04, 3.908057101E-04
       184, 3.922937810E-02, 1.134302467E-01, 2.176225861E+05, 5.674103666E+02, 2.005820825E-02, 7.213863027E+02, 1.307327424E-01,-6.148677818E+04, 3.908023227E-04
       185, 3.904884681E-02, 1.137768477E-01, 2.171264446E+05, 5.679876083E+02, 2.004616171E-02, 7.194399824E+02, 1.328064670E-01,-6.181093949E+04, 3.907983873E-04
       186, 3.886686638E-02, 1.141226888E-01, 2.166244559E+05, 5.685751742E+02, 2.003365561E-02, 7.174609993E+02, 1.351012889E-01,-6.218200634E+04, 3.907947277E-04
       187, 3.868338093E-02, 1.144677326E-01, 2.161176914E+05, 5.691710671E+02, 2.002212892E-02, 7.154487857E+02, 1.374169636E-01,-6.255402568E+04, 3.907922022E-04
       188, 3.849833831E-02, 1.148119271E-01, 2.156050813E+05, 5.697738575E+02, 2.001313628E-02, 7.134036253E+02, 1.397043186E-01,-6.290570738E+04, 3.907917038E-04
       189, 3.831167519E-02, 1.151552573E-01, 2.150851890E+05, 5.703829651E+02, 2.000738813E-02, 7.113263414E+02, 1.420806671E-01,-6.325839804E+04, 3.907941603E-04
       190, 3.812333569E-02, 1.154976785E-01, 2.145581247E+05, 5.709983012E+02, 2.000424163E-02, 7.092175833E+02, 1.447465207E-01,-6.365481390E+04, 3.908005340E-04
       191, 3.793327138E-02, 1.158391461E-01, 2.140280033E+05, 5.716194786E+02, 2.000245761E-02, 7.070773951E+02, 1.477796963E-01,-6.412027133E+04, 3.908118218E-04
       192, 3.774141520E-02, 1.161796376E-01, 2.135005069E+05, 5.722451865E+02, 2.000125147E-02, 7.049049622E+02, 1.509404442E-01,-6.461961285E+04, 3.908290548E-04
       193, 3.754771873E-02, 1.165191010E-01, 2.129768518E+05, 5.728734990E+02, 2.000056334E-02, 7.026993175E+02, 1.538840731E-01,-6.507960876E+04, 3.908532986E-04
       194, 3.735212609E-02, 1.168575138E-01, 2.124523236E+05, 5.735036696E+02, 2.000032726E-02, 7.004604699E+02, 1.565721757E-01,-6.547686127E+04, 3.908848135E-04
       195, 3.715457022E-02, 1.171948165E-01, 2.119216910E+05, 5.741369332E+02, 2.000029801E-02, 6.981900224E+02, 1.593953160E-01,-6.587446074E+04, 3.909132424E-04
       196, 3.695499152E-02, 1.175309494E-01, 2.113886507E+05, 5.747746714E+02, 2.000033127E-02, 6.958894496E+02, 1.627218650E-01,-6.635366471E+04, 3.909317242E-04
       197, 3.675331548E-02, 1.178658456E-01, 2.108631218E+05, 5.754155799E+02, 2.000035086E-02, 6.935574568E+02, 1.664312057E-01,-6.691773194E+04, 3.909418107E-04
       198, 3.654947504E-02, 1.181994379E-01, 2.103522385E+05, 5.760569715E+02, 2.000036803E-02, 6.911922992E+02, 1.700829082E-01,-6.748637684E+04, 3.909453196E-04
       199, 3.634339571E-02, 1.185316592E-01, 2.098547761E+05, 5.766976382E+02, 2.000038929E-02, 6.887935550E+02, 1.734076880E-01,-6.798887731E+04, 3.909441420E-04
       200, 3.613501042E-02, 1.188624278E-01, 2.093651173E+05, 5.773379533E+02, 2.000041062E-02, 6.863624336E+02, 1.765620656E-01,-6.843954539E+04, 3.909402435E-04
       201, 3.592425212E-02, 1.191916838E-01, 2.088820836E+05, 5.779794169E+02, 2.000043351E-02, 6.839000940E+02, 1.798993359E-01,-6.890913328E+04, 3.909356633E-04
       202, 3.571105003E-02, 1.195193678E-01, 2.084124975E+05, 5.786228724E+02, 2.000045779E-02, 6.814062226E+02, 1.835661683E-01,-6.944044846E+04, 3.909325152E-04
       203, 3.549532965E-02, 1.198453903E-01, 2.079666714E+05, 5.792673511E+02, 2.000048363E-02, 6.788793981E+02, 1.873670623E-01,-7.000538440E+04, 3.909329869E-04
       204, 3.527702764E-02, 1.201696917E-01, 2.075515035E+05, 5.799101046E+02, 2.000051102E-02, 6.763184231E+02, 1.908924980E-01,-7.053157464E+04, 3.909393405E-04
       205, 3.505606949E-02, 1.204921976E-01, 2.071628053E+05, 5.805499597E+02, 2.000053993E-02, 6.737232316E+02, 1.938257898E-01,-7.095345243E+04, 3.909539117E-04
       206, 3.483238444E-02, 1.208128557E-01, 2.067870651E+05, 5.811880850E+02, 2.000057035E-02, 6.710951548E+02, 1.962597916E-01,-7.127229130E+04, 3.909791096E-04
       207, 3.460590914E-02, 1.211315766E-01, 2.064131337E+05, 5.818278401E+02, 2.000060247E-02, 6.684357916E+02, 1.986017225E-01,-7.155710460E+04, 3.910174160E-04
       208, 3.437656537E-02, 1.214483008E-01, 2.060391219E+05, 5.824721109E+02, 2.000063661E-02, 6.657452762E+02, 2.011957789E-01,-7.187996105E+04, 3.910713849E-04
       209, 3.414428979E-02, 1.217629611E-01, 2.056704048E+05, 5.831224213E+02, 2.000067294E-02, 6.630222159E+02, 2.041547052E-01,-7.226727031E+04, 3.911436410E-04
       210, 3.390900791E-02, 1.220754832E-01, 2.053163148E+05, 5.837786391E+02, 2.000071157E-02, 6.602647429E+02, 2.073561286E-01,-7.270930038E+04, 3.912317607E-04
       211, 3.367065638E-02, 1.223857552E-01, 2.049813884E+05, 5.844413323E+02, 2.000075279E-02, 6.574716139E+02, 2.105149544E-01,-7.314926003E+04, 3.913034294E-04
       212, 3.342915326E-02, 1.226936653E-01, 2.046611760E+05, 5.851103993E+02, 2.000079641E-02, 6.546420386E+02, 2.134656957E-01,-7.353524728E+04, 3.913477410E-04
       213, 3.318442777E-02, 1.229990646E-01, 2.043456539E+05, 5.857841211E+02, 2.000084247E-02, 6.517765789E+02, 2.163992437E-01,-7.390088499E+04, 3.913690820E-04
       214, 3.293640912E-02, 1.233018115E-01, 2.040312687E+05, 5.864668393E+02, 2.000089128E-02, 6.488750556E+02, 2.197373845E-01,-7.431530689E+04, 3.913720817E-04
       215, 3.268502653E-02, 1.236017570E-01, 2.037284865E+05, 5.871613401E+02, 2.000094325E-02, 6.459352111E+02, 2.237200439E-01,-7.482966417E+04, 3.913615611E-04
       216, 3.243020549E-02, 1.238987669E-01, 2.034530176E+05, 5.878690764E+02, 2.000099855E-02, 6.429537436E+02, 2.282671966E-01,-7.543538509E+04, 3.913425340E-04
       217, 3.217186779E-02, 1.241927072E-01, 2.032178150E+05, 5.885899520E+02, 2.000105694E-02, 6.399286122E+02, 2.333303979E-01,-7.611063662E+04, 3.913202093E-04
       218, 3.190994635E-02, 1.244834214E-01, 2.030411998E+05, 5.893232171E+02, 2.000111802E-02, 6.368584586E+02, 2.391668792E-01,-7.688057968E+04, 3.912999911E-04
       219, 3.164436668E-02, 1.247707754E-01, 2.029586534E+05, 5.900672212E+02, 2.000118188E-02, 6.337409459E+02, 2.458288070E-01,-7.776873220E+04, 3.912874793E-04
       220, 3.137505427E-02, 1.250546128E-01, 2.030378074E+05, 5.908178729E+02, 2.000124877E-02, 6.305722964E+02, 2.524846076E-01,-7.869456647E+04, 3.912884688E-04
       221, 3.110193834E-02, 1.253348291E-01, 2.032999043E+05, 5.915713038E+02, 2.000131756E-02, 6.273504675E+02, 2.585974472E-01,-7.952132142E+04, 3.913089476E-04
       222, 3.082494438E-02, 1.256112456E-01, 2.037090392E+05, 5.923237134E+02, 2.000138988E-02, 6.240748702E+02, 2.625743315E-01,-8.008564654E+04, 3.913550949E-04
       223, 3.054399788E-02, 1.258837283E-01, 2.041990504E+05, 5.930758020E+02, 2.000146323E-02, 6.207501634E+02, 2.652283377E-01,-8.036952805E+04, 3.914332770E-04
       224, 3.025902994E-02, 1.261521578E-01, 2.047172387E+05, 5.938341380E+02, 2.000154021E-02, 6.173822754E+02, 2.676903116E-01,-8.059517533E+04, 3.915500426E-04
       225, 2.996996418E-02, 1.264163703E-01, 2.052699979E+05, 5.946015453E+02, 2.000162181E-02, 6.139702042E+02, 2.707518999E-01,-8.089695902E+04, 3.917121158E-04
       226, 2.967673726E-02, 1.266762167E-01, 2.058884359E+05, 5.953757121E+02, 2.000170893E-02, 6.105097995E+02, 2.741364999E-01,-8.128122469E+04, 3.919042088E-04
       227, 2.937931940E-02, 1.269315183E-01, 2.065771543E+05, 5.961559168E+02, 2.000180115E-02, 6.069974550E+02, 2.772558558E-01,-8.164231278E+04, 3.920538947E-04
       228, 2.907771990E-02, 1.271820664E-01, 2.073161635E+05, 5.969428911E+02, 2.000189778E-02, 6.034337456E+02, 2.801284342E-01,-8.194190184E+04, 3.921509488E-04
       229, 2.877194807E-02, 1.274276227E-01, 2.080975865E+05, 5.977376231E+02, 2.000199934E-02, 5.998204060E+02, 2.832724109E-01,-8.224881712E+04, 3.922033716E-04
       230, 2.846202068E-02, 1.276679486E-01, 2.089460583E+05, 5.985398132E+02, 2.000210720E-02, 5.961564340E+02, 2.867904878E-01,-8.261404996E+04, 3.922195293E-04
       231, 2.814795077E-02, 1.279028654E-01, 2.098742635E+05, 5.993475817E+02, 2.000222170E-02, 5.924386986E+02, 2.902771870E-01,-8.299172027E+04, 3.922081633E-04
       232, 2.782974951E-02, 1.281321049E-01, 2.108738770E+05, 6.001603231E+02, 2.000234226E-02, 5.886661124E+02, 2.935802227E-01,-8.333455312E+04, 3.921783961E-04
       233, 2.750743181E-02, 1.283554584E-01, 2.119340601E+05, 6.009787495E+02, 2.000246910E-02, 5.848391353E+02, 2.969726341E-01,-8.366904511E+04, 3.921397377E-04
       234, 2.718100883E-02, 1.285726875E-01, 2.130657207E+05, 6.018042072E+02, 2.000260301E-02, 5.809571145E+02, 3.007662917E-01,-8.404475474E+04, 3.921020880E-04
       235, 2.685049549E-02, 1.287835985E-01, 2.142965318E+05, 6.026361270E+02, 2.000274485E-02, 5.770174517E+02, 3.048454218E-01,-8.446297279E+04, 3.920757386E-04
       236, 2.651590481E-02, 1.289879382E-01, 2.156393688E+05, 6.034714978E+02, 2.000289469E-02, 5.730171955E+02, 3.088038756E-01,-8.486958984E+04, 3.920713714E-04
       237, 2.617724985E-02, 1.291854978E-01, 2.170813376E+05, 6.043054489E+02, 2.000305212E-02, 5.689550594E+02, 3.124954799E-01,-8.523826266E+04, 3.921000535E-04
       238, 2.583454363E-02, 1.293760389E-01, 2.186057772E+05, 6.051364566E+02, 2.000321709E-02, 5.648308758E+02, 3.163038547E-01,-8.561355883E+04, 3.921732299E-04
       239, 2.548779920E-02, 1.295593381E-01, 2.202322602E+05, 6.059660368E+02, 2.000339049E-02, 5.606432374E+02, 3.206711453E-01,-8.606751169E+04, 3.923027120E-04
       240, 2.513703145E-02, 1.297351867E-01, 2.220066199E+05, 6.067944244E+02, 2.000357339E-02, 5.563882291E+02, 3.254594193E-01,-8.660622348E+04, 3.925006619E-04
       241, 2.478225157E-02, 1.299033612E-01, 2.239613991E+05, 6.076189070E+02, 2.000376622E-02, 5.520624021E+02, 3.300158973E-01,-8.713442335E+04, 3.927788424E-04
       242, 2.442350984E-02, 1.300636083E-01, 2.260889558E+05, 6.084357892E+02, 2.000396706E-02, 5.476647312E+02, 3.337212576E-01,-8.754817624E+04, 3.930868578E-04
       243, 2.406095527E-02, 1.302157342E-01, 2.283459468E+05, 6.092440932E+02, 2.000417596E-02, 5.431977996E+02, 3.363662619E-01,-8.784112789E+04, 3.933235749E-04
       244, 2.369480394E-02, 1.303595454E-01, 2.306612769E+05, 6.100427791E+02, 2.000439942E-02, 5.386663537E+02, 3.380442459E-01,-8.803479972E+04, 3.934849320E-04
       245, 2.332527563E-02, 1.304948032E-01, 2.329553112E+05, 6.108310230E+02, 2.000463664E-02, 5.340716188E+02, 3.395270071E-01,-8.818564316E+04, 3.935785581E-04
       246, 2.295259386E-02, 1.306212991E-01, 2.352235171E+05, 6.116131824E+02, 2.000488769E-02, 5.294164927E+02, 3.422956108E-01,-8.846189132E+04, 3.936127475E-04
       247, 2.257698216E-02, 1.307388544E-01, 2.375867106E+05, 6.123913679E+02, 2.000515600E-02, 5.246991041E+02, 3.466901606E-01,-8.897551294E+04, 3.935964723E-04
       248, 2.219866216E-02, 1.308472306E-01, 2.401551645E+05, 6.131613333E+02, 2.000544307E-02, 5.199107500E+02, 3.509600885E-01,-8.956564884E+04, 3.935393942E-04
       249, 2.181785554E-02, 1.309462339E-01, 2.428831072E+05, 6.139155438E+02, 2.000574391E-02, 5.150494810E+02, 3.535039219E-01,-8.997054551E+04, 3.934518762E-04
       250, 2.143478580E-02, 1.310356557E-01, 2.456490175E+05, 6.146511520E+02, 2.000605691E-02, 5.101244111E+02, 3.547113430E-01,-9.016319997E+04, 3.933449922E-04
       251, 2.104967646E-02, 1.311152726E-01, 2.483858102E+05, 6.153697401E+02, 2.000638968E-02, 5.051436777E+02, 3.558313323E-01,-9.032336733E+04, 3.932305348E-04
       252, 2.066274546E-02, 1.311848909E-01, 2.510943490E+05, 6.160740044E+02, 2.000674801E-02, 5.001067881E+02, 3.575989643E-01,-9.058269066E+04, 3.931210199E-04
       253, 2.027422003E-02, 1.312442869E-01, 2.538093157E+05, 6.167642177E+02, 2.000713142E-02, 4.950096488E+02, 3.602336858E-01,-9.097795873E+04, 3.930296886E-04
       254, 1.988431998E-02, 1.312932819E-01, 2.565835787E+05, 6.174406382E+02, 2.000753801E-02, 4.898486013E+02, 3.636938590E-01,-9.150704627E+04, 3.929705037E-04
       255, 1.949326880E-02, 1.313316226E-01, 2.594699933E+05, 6.181021713E+02, 2.000796611E-02, 4.846205971E+02, 3.678075267E-01,-9.215387809E+04, 3.929581416E-04
       256, 1.910128817E-02, 1.313591301E-01, 2.625230723E+05, 6.187464664E+02, 2.000841679E-02, 4.793238830E+02, 3.722410064E-01,-9.287896612E+04, 3.930079782E-04
       257, 1.870860159E-02, 1.313755959E-01, 2.657775152E+05, 6.193680330E+02, 2.000889643E-02, 4.739591608E+02, 3.761342487E-01,-9.351789636E+04, 3.931331147E-04
       258, 2.320455201E-02, 8.677729219E-02, 3.972127427E+05, 5.533747443E+02, 2.004351407E-02, 2.406845195E+02, 1.277661650E-01,-7.121677169E+04, 3.907477551E-04
       259, 2.292837203E-02, 8.705371618E-02, 3.972871697E+05, 5.536897921E+02, 2.004486940E-02, 2.396251273E+02, 1.273128871E-01,-7.127828634E+04, 3.907480533E-04
       260, 2.265144885E-02, 8.732938766E-02, 3.973608616E+05, 5.540111583E+02, 2.004628270E-02, 2.385716501E+02, 1.268725358E-01,-7.134475729E+04, 3.907481309E-04
       261, 2.237378433E-02, 8.760432154E-02, 3.974339036E+05, 5.543384714E+02, 2.004775826E-02, 2.375239148E+02, 1.264443152E-01,-7.141652836E+04, 3.907479455E-04
       262, 2.209538780E-02, 8.787850291E-02, 3.975063933E+05, 5.546714291E+02, 2.004930106E-02, 2.364817677E+02, 1.260167895E-01,-7.148950995E+04, 3.907474688E-04
       263, 2.181625739E-02, 8.815194666E-02, 3.975783430E+05, 5.550099076E+02, 2.005091338E-02, 2.354450574E+02, 1.255766574E-01,-7.156021411E+04, 3.907468357E-04
       264, 2.153639682E-02, 8.842463791E-02, 3.976496862E+05, 5.553542551E+02, 2.005260113E-02, 2.344137166E+02, 1.251242117E-01,-7.162986973E+04, 3.907461950E-04
       265, 2.125579491E-02, 8.869656920E-02, 3.977203702E+05, 5.557047822E+02, 2.005437032E-02, 2.333876610E+02, 1.246646202E-01,-7.170002882E+04, 3.907456223E-04
       266, 2.097445168E-02, 8.896772563E-02, 3.977903622E+05, 5.560615164E+02, 2.005622593E-02, 2.323667893E+02, 1.241990732E-01,-7.177170750E+04, 3.907451929E-04
       267, 2.069235966E-02, 8.923809975E-02, 3.978596257E+05, 5.564249572E+02, 2.005817349E-02, 2.313510242E+02, 1.237280493E-01,-7.184524794E+04, 3.907449828E-04
       268, 2.040951699E-02, 8.950769901E-02, 3.979281262E+05, 5.567960187E+02, 2.006021857E-02, 2.303403067E+02, 1.232541353E-01,-7.192068725E+04, 3.907450684E-04
       269, 2.012591809E-02, 8.977650106E-02, 3.979958469E+05, 5.571753504E+02, 2.006236707E-02, 2.293345944E+02, 1.227801333E-01,-7.199879366E+04, 3.907455273E-04
       270, 1.984155923E-02, 9.004449099E-02, 3.980627825E+05, 5.575635718E+02, 2.006462501E-02, 2.283338592E+02, 1.223068279E-01,-7.207976889E+04, 3.907464374E-04
       271, 1.955643483E-02, 9.031168371E-02, 3.981289275E+05, 5.579613787E+02, 2.006699801E-02, 2.273380922E+02, 1.218336114E-01,-7.216302086E+04, 3.907478775E-04
       272, 1.927054115E-02, 9.057804197E-02, 3.981942684E+05, 5.583694604E+02, 2.006949127E-02, 2.263473081E+02, 1.213600265E-01,-7.224772498E+04, 3.907499271E-04
       273, 1.898387633E-02, 9.084357321E-02, 3.982587840E+05, 5.587881743E+02, 2.007210926E-02, 2.253615392E+02, 1.208881493E-01,-7.233467379E+04, 3.907526650E-04
       274, 1.869643293E-02, 9.110827744E-02, 3.983224665E+05, 5.592179307E+02, 2.007485637E-02, 2.243808328E+02, 1.204223241E-01,-7.242542754E+04, 3.907556611E-04
       275, 1.840820909E-02, 9.137212485E-02, 3.983853320E+05, 5.596586780E+02, 2.007773685E-02, 2.234052412E+02, 1.199632762E-01,-7.252138253E+04, 3.907576857E-04
       276, 1.811920479E-02, 9.163512290E-02, 3.984473877E+05, 5.601115485E+02, 2.008075181E-02, 2.224348164E+02, 1.195094900E-01,-7.262038987E+04, 3.907585836E-04
       277, 1.782942377E-02, 9.189727157E-02, 3.985086371E+05, 5.605770488E+02, 2.008390276E-02, 2.214696461E+02, 1.190631028E-01,-7.272266632E+04, 3.907584001E-04
       278, 1.753886044E-02, 9.215854108E-02, 3.985691039E+05, 5.610555541E+02, 2.008719089E-02, 2.205098217E+02, 1.186249924E-01,-7.282865797E+04, 3.907571810E-04
       279, 1.724751852E-02, 9.241894633E-02, 3.986288015E+05, 5.615473841E+02, 2.009061657E-02, 2.195554426E+02, 1.181937303E-01,-7.293718066E+04, 3.907549725E-04
       280, 1.695539616E-02, 9.267846495E-02, 3.986877383E+05, 5.620519176E+02, 2.009417984E-02, 2.186066311E+02, 1.177699118E-01,-7.304923516E+04, 3.907518209E-04
       281, 1.666249335E-02, 9.293710440E-02, 3.987459307E+05, 5.625687650E+02, 2.009788235E-02, 2.176635232E+02, 1.173530492E-01,-7.316638284E+04, 3.907477732E-04
       282, 1.636881195E-02, 9.319484979E-02, 3.988033800E+05, 5.630985368E+02, 2.010172735E-02, 2.167262599E+02, 1.169398926E-01,-7.328719684E+04, 3.907428765E-04
       283, 1.607435010E-02, 9.345170110E-02, 3.988600562E+05, 5.636414995E+02, 2.010571987E-02, 2.157949956E+02, 1.165288468E-01,-7.341091548E+04, 3.907371783E-04
       284, 1.577910595E-02, 9.370763600E-02, 3.989159049E+05, 5.641978044E+02, 2.010986751E-02, 2.148698908E+02, 1.161235289E-01,-7.353965801E+04, 3.907307265E-04
       285, 1.548308320E-02, 9.396265447E-02, 3.989708645E+05, 5.647676933E+02, 2.011418068E-02, 2.139510891E+02, 1.157422879E-01,-7.368318226E+04, 3.907237373E-04
       286, 1.518628560E-02, 9.421677142E-02, 3.990249758E+05, 5.653512698E+02, 2.011868703E-02, 2.130387558E+02, 1.154076862E-01,-7.385005149E+04, 3.907185099E-04
       287, 1.488872804E-02, 9.446999431E-02, 3.990784113E+05, 5.659482026E+02, 2.012340573E-02, 2.121329419E+02, 1.151233131E-01,-7.403906274E+04, 3.907165289E-04
       288, 1.459042635E-02, 9.472233057E-02, 3.991313669E+05, 5.665578896E+02, 2.012836001E-02, 2.112337388E+02, 1.148802731E-01,-7.424881581E+04, 3.907175917E-04
       289, 1.429140009E-02, 9.497381747E-02, 3.991839977E+05, 5.671802953E+02, 2.013358437E-02, 2.103413124E+02, 1.146707853E-01,-7.447827426E+04, 3.907214633E-04
       290, 1.399166696E-02, 9.522446990E-02, 3.992364375E+05, 5.678154096E+02, 2.013911182E-02, 2.094558406E+02, 1.144892752E-01,-7.472615856E+04, 3.907279141E-04
       291, 1.369124278E-02, 9.547430277E-02, 3.992887981E+05, 5.684634069E+02, 2.014497670E-02, 2.085775440E+02, 1.143328835E-01,-7.499225112E+04, 3.907367199E-04
       292, 1.339014713E-02, 9.572333843E-02, 3.993411995E+05, 5.691247622E+02, 2.015121390E-02, 2.077066833E+02, 1.142013635E-01,-7.527707611E+04, 3.907476622E-04
       293, 1.308839675E-02, 9.597160667E-02, 3.993937771E+05, 5.698000710E+02, 2.015785926E-02, 2.068435681E+02, 1.140970942E-01,-7.558169214E+04, 3.907605282E-04
       294, 1.278600935E-02, 9.621911496E-02, 3.994467345E+05, 5.704897860E+02, 2.016495247E-02, 2.059885663E+02, 1.140191581E-01,-7.590631239E+04, 3.907751104E-04
       295, 1.248300448E-02, 9.646589309E-02, 3.995003126E+05, 5.711939893E+02, 2.017253949E-02, 2.051421224E+02, 1.139598565E-01,-7.624784114E+04, 3.907912070E-04
       296, 1.217939705E-02, 9.671195596E-02, 3.995548334E+05, 5.719122777E+02, 2.018068376E-02, 2.043048015E+02, 1.138797613E-01,-7.658829213E+04, 3.908086210E-04
       297, 1.187519822E-02, 9.695731103E-02, 3.996104280E+05, 5.726450210E+02, 2.018943154E-02, 2.034772646E+02, 1.136904967E-01,-7.688426861E+04, 3.908249343E-04
       298, 1.157039031E-02, 9.720193595E-02, 3.996667499E+05, 5.733941732E+02, 2.019877950E-02, 2.026602987E+02, 1.133440949E-01,-7.712566009E+04, 3.908333376E-04
       299, 1.126492396E-02, 9.744573385E-02, 3.997231808E+05, 5.741630037E+02, 2.020886378E-02, 2.018551640E+02, 1.128588626E-01,-7.732908426E+04, 3.908331593E-04
       300, 1.095874980E-02, 9.768864512E-02, 3.997791619E+05, 5.749550311E+02, 2.021973208E-02, 2.010627729E+02, 1.122602534E-01,-7.749642970E+04, 3.908252096E-04
       301, 1.065181568E-02, 9.793057293E-02, 3.998342519E+05, 5.757742060E+02, 2.023146293E-02, 2.002842712E+02, 1.115642911E-01,-7.763110319E+04, 3.908103703E-04
       302, 1.034406945E-02, 9.817144275E-02, 3.998880410E+05, 5.766244296E+02, 2.024415938E-02, 1.995208969E+02, 1.107749920E-01,-7.773308549E+04, 3.907895952E-04
       303, 1.003546175E-02, 9.841116518E-02, 3.999401012E+05, 5.775092110E+02, 2.025795382E-02, 1.987738776E+02, 1.098907304E-01,-7.780031377E+04, 3.907639106E-04
       304, 9.725939482E-03, 9.864965826E-02, 3.999899427E+05, 5.784328408E+02, 2.027302376E-02, 1.980445369E+02, 1.089068574E-01,-7.782928151E+04, 3.907344146E-04
       305, 9.415452369E-03, 9.888684750E-02, 4.000369616E+05, 5.794006390E+02, 2.028959788E-02, 1.973342479E+02, 1.078232257E-01,-7.781633589E+04, 3.907022783E-04
       306, 9.103948250E-03, 9.912264347E-02, 4.000804299E+05, 5.804177745E+02, 2.030795636E-02, 1.966443893E+02, 1.066477990E-01,-7.776453171E+04, 3.906687451E-04
       307, 8.791376837E-03, 9.935696423E-02, 4.001193928E+05, 5.814909088E+02, 2.032837801E-02, 1.959762820E+02, 1.054388872E-01,-7.769922521E+04, 3.906351312E-04
       308, 8.477689698E-03, 9.958973527E-02, 4.001529639E+05, 5.826273413E+02, 2.035111368E-02, 1.953310822E+02, 1.044331713E-01,-7.775202723E+04, 3.906034276E-04
       309, 8.162912913E-03, 9.982099384E-02, 4.001813379E+05, 5.838316581E+02, 2.037695181E-02, 1.947101632E+02, 1.038995928E-01,-7.804147614E+04, 3.905846704E-04
       310, 7.847202942E-03, 1.000509560E-01, 4.002059213E+05, 5.851005263E+02, 2.040626592E-02, 1.941139921E+02, 1.038593821E-01,-7.853359573E+04, 3.905843747E-04
       311, 7.530777249E-03, 1.002799422E-01, 4.002282756E+05, 5.864343128E+02, 2.043931948E-02, 1.935434234E+02, 1.041915616E-01,-7.917279205E+04, 3.905986585E-04
       312, 7.213857025E-03, 1.005082875E-01, 4.002495115E+05, 5.878358544E+02, 2.047689574E-02, 1.930001755E+02, 1.047926964E-01,-7.992923412E+04, 3.906244860E-04
       313, 6.896662991E-03, 1.007362977E-01, 4.002703862E+05, 5.893046989E+02, 2.051982446E-02, 1.924861382E+02, 1.055778218E-01,-8.075983275E+04, 3.906599934E-04
       314, 6.579415873E-03, 1.009643003E-01, 4.002913570E+05, 5.908346065E+02, 2.056921209E-02, 1.920035990E+02, 1.064692116E-01,-8.163657527E+04, 3.907044884E-04
       315, 6.262336392E-03, 1.011926234E-01, 4.003124876E+05, 5.924212073E+02, 2.062642484E-02, 1.915548577E+02, 1.074107699E-01,-8.253500403E+04, 3.907584503E-04
       316, 5.945644807E-03, 1.014215872E-01, 4.003335886E+05, 5.940606996E+02, 2.069314451E-02, 1.911419457E+02, 1.083132317E-01,-8.342482072E+04, 3.908235290E-04
       317, 5.629561841E-03, 1.016515121E-01, 4.003533032E+05, 5.957518575E+02, 2.077111485E-02, 1.907665158E+02, 1.090725309E-01,-8.426803056E+04, 3.909025439E-04
       318, 5.314308684E-03, 1.018827185E-01, 4.003686003E+05, 5.974961755E+02, 2.086134267E-02, 1.904300647E+02, 1.097916388E-01,-8.514719509E+04, 3.909994818E-04
       319, 5.000128876E-03, 1.021155566E-01, 4.003754683E+05, 5.993060388E+02, 2.096269339E-02, 1.901340151E+02, 1.118511215E-01,-8.690102748E+04, 3.911117598E-04
       320, 4.687829874E-03, 1.023509800E-01, 4.003768514E+05, 6.011773115E+02, 2.108284327E-02, 1.898812068E+02, 1.169614443E-01,-9.043365965E+04, 3.910804279E-04
       321, 4.379306454E-03, 1.025910750E-01, 4.003891763E+05, 6.030670367E+02, 2.122514381E-02, 1.896732422E+02, 1.251968012E-01,-9.547316369E+04, 3.908345953E-04
       322, 4.077021033E-03, 1.028385535E-01, 4.004366326E+05, 6.049192140E+02, 2.139040390E-02, 1.895148759E+02, 1.352068847E-01,-1.012467918E+05, 3.905875324E-04
       323, 3.783370368E-03, 1.030960158E-01, 4.005435733E+05, 6.066671500E+02, 2.159439587E-02, 1.894148693E+02, 1.435689911E-01,-1.058147784E+05, 3.906305629E-04
       324, 3.499808721E-03, 1.033647731E-01, 4.007154104E+05, 6.082848134E+02, 2.181995154E-02, 1.893759287E+02, 1.478940746E-01,-1.081031718E+05, 3.908970206E-04
       325, 3.226472996E-03, 1.036442965E-01, 4.009306337E+05, 6.098030625E+02, 2.208420193E-02, 1.893762515E+02, 1.489917458E-01,-1.094824867E+05, 3.911420814E-04
       326, 2.963028615E-03, 1.039334089E-01, 4.011680961E+05, 6.112472396E+02, 2.240266000E-02, 1.894582626E+02, 1.483490454E-01,-1.106031192E+05, 3.912454856E-04
       327, 2.709201770E-03, 1.042310074E-01, 4.014150437E+05, 6.126349648E+02, 2.277778685E-02, 1.895770283E+02, 1.469145045E-01,-1.118853705E+05, 3.911442887E-04
       328, 2.465085592E-03, 1.045364588E-01, 4.016655675E+05, 6.139681323E+02, 2.323577853E-02, 1.897338014E+02, 1.451782097E-01,-1.133713945E+05, 3.909917436E-04
       329, 2.231159946E-03, 1.048496217E-01, 4.019200888E+05, 6.152384408E+02, 2.378807665E-02, 1.899129011E+02, 1.429668893E-01,-1.147567917E+05, 3.908778744E-04
       330, 2.007990610E-03, 1.051704362E-01, 4.021767960E+05, 6.164407905E+02, 2.447372124E-02, 1.900977292E+02, 1.399422504E-01,-1.159822972E+05, 3.908457531E-04
       331, 1.796062686E-03, 1.054988056E-01, 4.024315061E+05, 6.175706981E+02, 2.533845560E-02, 1.902697655E+02, 1.358127819E-01,-1.168592716E+05, 3.909052899E-04
       332, 1.595587237E-03, 1.058343649E-01, 4.026777598E+05, 6.186336518E+02, 2.643636648E-02, 1.904114645E+02, 1.305628119E-01,-1.175375297E+05, 3.909803786E-04
       333, 1.406557509E-03, 1.061765775E-01, 4.029095558E+05, 6.196378606E+02, 2.787615828E-02, 1.905110627E+02, 1.243245472E-01,-1.182196589E+05, 3.910283546E-04
       334, 1.228940906E-03, 1.065248698E-01, 4.031221595E+05, 6.205874504E+02, 2.980913017E-02, 1.905675770E+02, 1.171198361E-01,-1.189314055E+05, 3.910196222E-04
       335, 1.062763506E-03, 1.068787426E-01, 4.033122926E+05, 6.214852078E+02, 3.251296222E-02, 1.905904942E+02, 1.089009716E-01,-1.197770410E+05, 3.909735219E-04
       336, 9.081822354E-04, 1.072377861E-01, 4.034775101E+05, 6.223263795E+02, 3.651061385E-02, 1.905951860E+02, 9.930031720E-02,-1.206748495E+05, 3.909443996E-04
       337, 7.654310903E-04, 1.076016799E-01, 4.036142939E+05, 6.231007533E+02, 4.297015865E-02, 1.905828208E+02, 8.745106168E-02,-1.213609390E+05, 3.909448075E-04
       338, 6.347505259E-04, 1.079700962E-01, 4.037164667E+05, 6.238000040E+02, 5.562043526E-02, 1.905555427E+02, 7.258546434E-02,-1.216768233E+05, 3.909804538E-04
       339, 5.164025933E-04, 1.083426923E-01, 4.037814459E+05, 6.244125982E+02, 9.741212605E-02, 1.905174664E+02, 5.179980608E-02,-1.210195209E+05, 3.910033350E-04
       340, 4.106838896E-04, 1.087190658E-01, 4.038058117E+05, 6.249338939E+02, 4.580186302E-01, 1.904754985E+02, 7.890006642E-03,-1.183169627E+05, 3.909875296E-04
       341, 3.179053019E-04, 1.090988070E-01, 4.037851309E+05, 6.254310887E+02, 1.053975544E-01, 1.904606088E+02, 4.807591654E-02,-1.173100450E+05, 3.909513732E-04
       342, 2.383466490E-04, 1.094815060E-01, 4.037261999E+05, 6.259142541E+02, 5.934401400E-02, 1.904039434E+02, 6.980613456E-02,-1.180119236E+05, 3.909222136E-04
       343, 1.720655855E-04, 1.098667160E-01, 4.036253392E+05, 6.263521996E+02, 4.484342003E-02, 1.903063619E+02, 8.640974065E-02,-1.183528146E+05, 3.909402656E-04
       344, 1.188574970E-04, 1.102539897E-01, 4.034801571E+05, 6.267443902E+02, 3.751723655E-02, 1.901806800E+02, 1.006144194E-01,-1.185046710E+05, 3.909881611E-04
       345, 7.844619540E-05, 1.106428504E-01, 4.032893063E+05, 6.270908742E+02, 3.304983691E-02, 1.900389511E+02, 1.133091086E-01,-1.185327839E+05, 3.910319602E-04
       346, 5.062049604E-05, 1.110328436E-01, 4.030504278E+05, 6.273923203E+02, 3.006836080E-02, 1.898835545E+02, 1.249900243E-01,-1.185816010E+05, 3.910378824E-04
       347, 3.543276034E-05, 1.114235148E-01, 4.027626949E+05, 6.276459525E+02, 2.795067864E-02, 1.897109380E+02, 1.357815378E-01,-1.186671049E+05, 3.909951896E-04
       348, 3.317144365E-05, 1.118144169E-01, 4.024267591E+05, 6.278471499E+02, 2.638645769E-02, 1.895185524E+02, 1.456733200E-01,-1.186469034E+05, 3.909306619E-04
       349, 4.416094089E-05, 1.122051105E-01, 4.020456943E+05, 6.279929774E+02, 2.519758500E-02, 1.893117885E+02, 1.546034405E-01,-1.184841427E+05, 3.908772597E-04
       350, 6.860299618E-05, 1.125951558E-01, 4.016243377E+05, 6.280790264E+02, 2.427114909E-02, 1.891059756E+02, 1.624986043E-01,-1.180098042E+05, 3.908781781E-04
       351, 1.063808159E-04, 1.129841879E-01, 4.011673620E+05, 6.281072122E+02, 2.354610136E-02, 1.889224013E+02, 1.695278723E-01,-1.172789421E+05, 3.909448395E-04
       352, 1.571617468E-04, 1.133718193E-01, 4.006769901E+05, 6.280820723E+02, 2.296603179E-02, 1.887812276E+02, 1.759676573E-01,-1.164166856E+05, 3.910476862E-04
       353, 2.206068457E-04, 1.137576848E-01, 4.001532757E+05, 6.280081553E+02, 2.250286295E-02, 1.887148109E+02, 1.820570374E-01,-1.155786704E+05, 3.911515324E-04
       354, 2.966150641E-04, 1.141413227E-01, 3.995975377E+05, 6.278898637E+02, 2.212920490E-02, 1.887425507E+02, 1.878331748E-01,-1.149867163E+05, 3.911510942E-04
       355, 3.855126270E-04, 1.145221144E-01, 3.990191892E+05, 6.277234599E+02, 2.182165134E-02, 1.888594386E+02, 1.926367564E-01,-1.144136520E+05, 3.910130181E-04
       356, 4.878341861E-04, 1.148993224E-01, 3.984434054E+05, 6.275028094E+02, 2.157670000E-02, 1.891069381E+02, 1.956259510E-01,-1.139017666E+05, 3.908065574E-04
       357, 6.039924920E-04, 1.152723059E-01, 3.979086995E+05, 6.272017751E+02, 2.135749386E-02, 1.894958470E+02, 1.954383104E-01,-1.124126557E+05, 3.906407763E-04
       358, 7.332351524E-04, 1.156409457E-01, 3.974440865E+05, 6.268136865E+02, 2.117232019E-02, 1.900307267E+02, 1.923556899E-01,-1.092350833E+05, 3.907319037E-04
       359, 8.732750430E-04, 1.160058007E-01, 3.970387845E+05, 6.263876276E+02, 2.101895079E-02, 1.907154912E+02, 1.892773065E-01,-1.058061528E+05, 3.909543387E-04
       360, 1.021323027E-03, 1.163676977E-01, 3.966549542E+05, 6.259671006E+02, 2.088622849E-02, 1.915455603E+02, 1.881777968E-01,-1.028660805E+05, 3.910863243E-04
       361, 1.174815465E-03, 1.167273596E-01, 3.962516440E+05, 6.255930904E+02, 2.078100188E-02, 1.925321000E+02, 1.901437693E-01,-1.012668854E+05, 3.910287017E-04
       362, 1.332331449E-03, 1.170852110E-01, 3.958047709E+05, 6.252784270E+02, 2.069006884E-02, 1.936736372E+02, 1.941728155E-01,-1.009744740E+05, 3.909447645E-04
       363, 1.493592979E-03, 1.174413040E-01, 3.953180376E+05, 6.250080347E+02, 2.061142922E-02, 1.949699539E+02, 1.982398450E-01,-1.008786520E+05, 3.908862773E-04
       364, 1.658550696E-03, 1.177956611E-01, 3.948026825E+05, 6.247662847E+02, 2.054446120E-02, 1.964198566E+02, 2.018870288E-01,-1.006867022E+05, 3.908518117E-04
       365, 1.827155007E-03, 1.181482598E-01, 3.942626835E+05, 6.245563525E+02, 2.048717030E-02, 1.980211575E+02, 2.053260971E-01,-1.004221723E+05, 3.908399534E-04
       366, 1.999356784E-03, 1.184991226E-01, 3.936991189E+05, 6.243784696E+02, 2.043782812E-02, 1.997721230E+02, 2.086708517E-01,-1.001270340E+05, 3.908493024E-04
       367, 2.175106201E-03, 1.188482344E-01, 3.931117381E+05, 6.242305947E+02, 2.039510329E-02, 2.016722449E+02, 2.120107484E-01,-9.983846396E+04, 3.908784739E-04
       368, 2.354353899E-03, 1.191956103E-01, 3.924990135E+05, 6.241120967E+02, 2.035790512E-02, 2.037219890E+02, 2.153946169E-01,-9.956494007E+04, 3.909260993E-04
       369, 2.537050983E-03, 1.195412576E-01, 3.918596743E+05, 6.240213707E+02, 2.032533981E-02, 2.059218552E+02, 2.187957082E-01,-9.929850535E+04, 3.909908267E-04
       370, 2.723147161E-03, 1.198851541E-01, 3.911932327E+05, 6.239568101E+02, 2.029669933E-02, 2.082724948E+02, 2.222091496E-01,-9.904278640E+04, 3.910713215E-04
       371, 2.912593773E-03, 1.202273294E-01, 3.904980725E+05, 6.239178923E+02, 2.027137264E-02, 2.107736040E+02, 2.257011799E-01,-9.881209676E+04, 3.911662668E-04
       372, 3.105340991E-03, 1.205677688E-01, 3.897710055E+05, 6.239067475E+02, 2.024884401E-02, 2.134247216E+02, 2.293225499E-01,-9.860729079E+04, 3.912743643E-04
       373, 3.301339457E-03, 1.209064722E-01, 3.890085725E+05, 6.239239082E+02, 2.022871167E-02, 2.162252319E+02, 2.330955724E-01,-9.843453947E+04, 3.913943342E-04
       374, 3.500539577E-03, 1.212434545E-01, 3.882064110E+05, 6.239695628E+02, 2.021065594E-02, 2.191752378E+02, 2.370846164E-01,-9.830729116E+04, 3.915249162E-04
       375, 3.702892223E-03, 1.215787083E-01, 3.873573530E+05, 6.240414133E+02, 2.019424496E-02, 2.222722565E+02, 2.413891584E-01,-9.820920862E+04, 3.916648692E-04
       376, 3.908351529E-03, 1.219122410E-01, 3.864505483E+05, 6.241368925E+02, 2.017958019E-02, 2.255183550E+02, 2.461866660E-01,-9.820545330E+04, 3.918105692E-04
       377, 4.116937984E-03, 1.222439706E-01, 3.854753108E+05, 6.242562326E+02, 2.016644438E-02, 2.289152534E+02, 2.514997534E-01,-9.838149184E+04, 3.919216561E-04
       378, 4.328787792E-03, 1.225737259E-01, 3.844274316E+05, 6.243971400E+02, 2.015443421E-02, 2.324603985E+02, 2.570029408E-01,-9.863719551E+04, 3.919704787E-04
       379, 4.544090945E-03, 1.229012609E-01, 3.833080807E+05, 6.245537935E+02, 2.014349334E-02, 2.361521258E+02, 2.624493902E-01,-9.887112817E+04, 3.919647969E-04
       380, 4.763039295E-03, 1.232263371E-01, 3.821180273E+05, 6.247219801E+02, 2.013351158E-02, 2.399874750E+02, 2.678338354E-01,-9.908123859E+04, 3.919141352E-04
       381, 4.985824693E-03, 1.235487089E-01, 3.808562065E+05, 6.248998837E+02, 2.012437260E-02, 2.439630773E+02, 2.731888806E-01,-9.927271269E+04, 3.918287311E-04
       382, 5.212638993E-03, 1.238681376E-01, 3.795205905E+05, 6.250844142E+02, 2.011597817E-02, 2.480754404E+02, 2.785354586E-01,-9.945502190E+04, 3.917195459E-04
       383, 5.443674047E-03, 1.241843849E-01, 3.781086880E+05, 6.252728500E+02, 2.010824476E-02, 2.523210046E+02, 2.838732229E-01,-9.962958365E+04, 3.915982741E-04
       384, 5.679121241E-03, 1.244972125E-01, 3.766184475E+05, 6.254620701E+02, 2.010110154E-02, 2.566961741E+02, 2.891767490E-01,-9.979414810E+04, 3.914773488E-04
       385, 5.919172894E-03, 1.248063669E-01, 3.750486141E+05, 6.256497706E+02, 2.009448759E-02, 2.611973042E+02, 2.944174650E-01,-9.994354809E+04, 3.913699455E-04
       386, 6.164020393E-03, 1.251116246E-01, 3.733983143E+05, 6.258332883E+02, 2.008834981E-02, 2.658195796E+02, 2.995744149E-01,-1.000766322E+05, 3.912899799E-04
       387, 6.413856056E-03, 1.254127175E-01, 3.716669977E+05, 6.260090083E+02, 2.008264210E-02, 2.705588219E+02, 3.046302980E-01,-1.001957040E+05, 3.912521022E-04
       388, 6.668871269E-03, 1.257094443E-01, 3.698544508E+05, 6.261741562E+02, 2.007732507E-02, 2.754114926E+02, 3.095650708E-01,-1.002986103E+05, 3.912716845E-04
       389, 6.929258350E-03, 1.260015368E-01, 3.679611901E+05, 6.263280522E+02, 2.007236336E-02, 2.803740802E+02, 3.143516646E-01,-1.003748146E+05, 3.913648012E-04
       390, 7.195208222E-03, 1.262887418E-01, 3.659889379E+05, 6.264702931E+02, 2.006772990E-02, 2.854421263E+02, 3.189436630E-01,-1.004195661E+05, 3.915482023E-04
       391, 7.466913201E-03, 1.265708655E-01, 3.639426385E+05, 6.265974731E+02, 2.006343146E-02, 2.906136848E+02, 3.232778537E-01,-1.004635462E+05, 3.918392766E-04
       392, 7.744552102E-03, 1.268476099E-01, 3.618306213E+05, 6.267075671E+02, 2.005934186E-02, 2.958800142E+02, 3.272363201E-01,-1.004484014E+05, 3.922351355E-04
       393, 8.028198965E-03, 1.271187514E-01, 3.596566719E+05, 6.268004516E+02, 2.005550746E-02, 3.012353007E+02, 3.309000401E-01,-1.003348687E+05, 3.926000204E-04
       394, 8.317791857E-03, 1.273840070E-01, 3.574149133E+05, 6.268773508E+02, 2.005194048E-02, 3.066734719E+02, 3.345979090E-01,-1.002207390E+05, 3.928765487E-04
       395, 8.613230661E-03, 1.276430935E-01, 3.550922828E+05, 6.269385514E+02, 2.004860797E-02, 3.121883510E+02, 3.385043642E-01,-1.001538113E+05, 3.930730038E-04
       396, 8.914411999E-03, 1.278957427E-01, 3.526776740E+05, 6.269829602E+02, 2.004549528E-02, 3.177736658E+02, 3.425103541E-01,-1.001139212E+05, 3.931985709E-04
       397, 9.221236221E-03, 1.281416416E-01, 3.501701530E+05, 6.270092966E+02, 2.004259450E-02, 3.234232483E+02, 3.464830265E-01,-1.000830037E+05, 3.932630661E-04
       398, 9.533599950E-03, 1.283805370E-01, 3.475695742E+05, 6.270150189E+02, 2.003989161E-02, 3.291309560E+02, 3.503550098E-01,-1.000502445E+05, 3.932769518E-04
       399, 9.851402603E-03, 1.286121458E-01, 3.448791953E+05, 6.269989233E+02, 2.003737269E-02, 3.348901127E+02, 3.540365633E-01,-9.999667877E+04, 3.932513506E-04
       400, 1.017454080E-02, 1.288361549E-01, 3.421042504E+05, 6.269622235E+02, 2.003502756E-02, 3.406938427E+02, 3.574947440E-01,-9.991351830E+04, 3.931980584E-04
       401, 1.050291490E-02, 1.290523112E-01, 3.392474009E+05, 6.269050481E+02, 2.003284719E-02, 3.465360844E+02, 3.608171068E-01,-9.982036380E+04, 3.931295542E-04
       402, 1.083642151E-02, 1.292603463E-01, 3.363045892E+05, 6.268269231E+02, 2.003081959E-02, 3.524115074E+02, 3.640833146E-01,-9.972844590E+04, 3.930590072E-04
       403, 1.117496006E-02, 1.294599324E-01, 3.332740139E+05, 6.267259262E+02, 2.002893093E-02, 3.583144358E+02, 3.671973103E-01,-9.962145229E+04, 3.930002806E-04
       404, 1.151842810E-02, 1.296508312E-01, 3.301646593E+05, 6.265995378E+02, 2.002716833E-02, 3.642381760E+02, 3.699457069E-01,-9.946990932E+04, 3.929679299E-04
       405, 1.186672412E-02, 1.298327446E-01, 3.269947596E+05, 6.264458793E+02, 2.002552190E-02, 3.701754928E+02, 3.722240312E-01,-9.926892033E+04, 3.929771965E-04
       406, 1.221974660E-02, 1.300053895E-01, 3.237798033E+05, 6.262664473E+02, 2.002399341E-02, 3.761205964E+02, 3.741414885E-01,-9.905898835E+04, 3.930439947E-04
       407, 1.257739309E-02, 1.301684678E-01, 3.205313930E+05, 6.260609790E+02, 2.002257329E-02, 3.820717091E+02, 3.757080564E-01,-9.887859583E+04, 3.931848744E-04
       408, 1.293953974E-02, 1.303217560E-01, 3.172705958E+05, 6.258261234E+02, 2.002119632E-02, 3.880151572E+02, 3.765898703E-01,-9.859079204E+04, 3.933897065E-04
       409, 1.330596488E-02, 1.304650605E-01, 3.140159106E+05, 6.255600499E+02, 2.001991679E-02, 3.939485231E+02, 3.768858945E-01,-9.816850144E+04, 3.935841929E-04
       410, 1.367636491E-02, 1.305982769E-01, 3.107638371E+05, 6.252657827E+02, 2.001872439E-02, 3.998662478E+02, 3.771373417E-01,-9.776144160E+04, 3.937501254E-04
       411, 1.405042131E-02, 1.307213455E-01, 3.074960814E+05, 6.249470049E+02, 2.001760710E-02, 4.057645076E+02, 3.775621056E-01,-9.740133078E+04, 3.938846695E-04
       412, 1.442781650E-02, 1.308341622E-01, 3.041967234E+05, 6.246066174E+02, 2.001656155E-02, 4.116400686E+02, 3.781252213E-01,-9.707096567E+04, 3.939858090E-04
       413, 1.480823196E-02, 1.309366673E-01, 3.008582211E+05, 6.242447986E+02, 2.001558664E-02, 4.174898659E+02, 3.787360430E-01,-9.676141721E+04, 3.940523433E-04
       414, 1.519135199E-02, 1.310287565E-01, 2.974774522E+05, 6.238616672E+02, 2.001467972E-02, 4.233112582E+02, 3.793587819E-01,-9.646735498E+04, 3.940838846E-04
       415, 1.557685621E-02, 1.311103553E-01, 2.940512103E+05, 6.234562657E+02, 2.001383670E-02, 4.291015233E+02, 3.799542047E-01,-9.618419504E+04, 3.940808578E-04
       416, 1.596442610E-02, 1.311813891E-01, 2.905808429E+05, 6.230270122E+02, 2.001305353E-02, 4.348578180E+02, 3.804600611E-01,-9.590742434E+04, 3.940444998E-04
       417, 1.635374688E-02, 1.312417537E-01, 2.870699641E+05, 6.225746193E+02, 2.001232599E-02, 4.405773350E+02, 3.808375527E-01,-9.562663685E+04, 3.939768610E-04
       418, 1.674450003E-02, 1.312913895E-01, 2.835234622E+05, 6.220996360E+02, 2.001164981E-02, 4.462573310E+02, 3.810597732E-01,-9.533669160E+04, 3.938808071E-04
       419, 1.713636518E-02, 1.313302070E-01, 2.799479659E+05, 6.216022782E+02, 2.001102107E-02, 4.518950006E+02, 3.810857575E-01,-9.503332180E+04, 3.937600222E-04
       420, 1.752902567E-02, 1.313581020E-01, 2.763547936E+05, 6.210819760E+02, 2.001043611E-02, 4.574878335E+02, 3.808425324E-01,-9.471258614E+04, 3.936190119E-04
       421, 1.792216301E-02, 1.313750297E-01, 2.727637128E+05, 6.205345724E+02, 2.000988894E-02, 4.630316905E+02, 3.801691885E-01,-9.436440658E+04, 3.934631076E-04
       422, 1.831546240E-02, 1.313808858E-01, 2.692140550E+05, 6.199633804E+02, 2.000938296E-02, 4.685248521E+02, 3.787441047E-01,-9.397808248E+04, 3.932984696E-04
       423, 5.282319710E-02, 8.059805632E-02, 2.416866974E+05, 6.169712762E+02, 3.670144364E-02, 7.419847758E+02, 3.969562032E-01,-2.018492493E+05, 3.907311745E-04
       424, 5.295573547E-02, 8.023048937E-02, 2.415358737E+05, 6.179032776E+02, 3.664553753E-02, 7.400526270E+02, 3.973999117E-01,-2.011554624E+05, 3.907312632E-04
       425, 5.308806524E-02, 7.986285537E-02, 2.413853954E+05, 6.187937798E+02, 3.659586785E-02, 7.382461037E+02, 3.977658817E-01,-2.004216949E+05, 3.907313515E-04
       426, 5.322019383E-02, 7.949513942E-02, 2.412330977E+05, 6.196468949E+02, 3.655086686E-02, 7.365931925E+02, 3.980447729E-01,-1.996380361E+05, 3.907314326E-04
       427, 5.335211754E-02, 7.912734896E-02, 2.410798148E+05, 6.204663274E+02, 3.651269798E-02, 7.351194959E+02, 3.982100046E-01,-1.988100569E+05, 3.907314995E-04
       428, 5.348385125E-02, 7.875949889E-02, 2.409299805E+05, 6.212529737E+02, 3.647610641E-02, 7.338461204E+02, 3.982799780E-01,-1.979805033E+05, 3.907315456E-04
       429, 5.361539498E-02, 7.839157432E-02, 2.407840351E+05, 6.220064990E+02, 3.655292393E-02, 7.327872009E+02, 3.983933252E-01,-1.972477379E+05, 3.907315643E-04
       430, 5.374674872E-02, 7.802358270E-02, 2.406358652E+05, 6.227037390E+02, 3.366864877E-02, 7.319563620E+02, 3.970736152E-01,-1.952366624E+05, 3.907315491E-04
       431, 5.387791991E-02, 7.765552402E-02, 2.404891428E+05, 6.233716460E+02, 3.280627240E-02, 7.313595818E+02, 3.957907162E-01,-1.933464629E+05, 3.907314937E-04
       432, 5.400890857E-02, 7.728740573E-02, 2.403488366E+05, 6.240212294E+02, 3.272426303E-02, 7.309629276E+02, 3.949934342E-01,-1.919589421E+05, 3.907313920E-04
       433, 5.413972586E-02, 7.691922039E-02, 2.402106095E+05, 6.246528178E+02, 3.268522564E-02, 7.308686630E+02, 3.945278244E-01,-1.908786125E+05, 3.907312437E-04
       434, 5.427036807E-02, 7.655098289E-02, 2.400707780E+05, 6.252641406E+02, 3.264084518E-02, 7.309516724E+02, 3.942065775E-01,-1.899391223E+05, 3.907310977E-04
       435, 5.440083891E-02, 7.618267834E-02, 2.399284030E+05, 6.258533861E+02, 3.260308179E-02, 7.312280232E+02, 3.939329738E-01,-1.890684890E+05, 3.907309797E-04
       436, 5.453114584E-02, 7.581431419E-02, 2.397834847E+05, 6.264174524E+02, 3.257091605E-02, 7.317199529E+02, 3.936683503E-01,-1.882488522E+05, 3.907308867E-04
       437, 5.466128513E-02, 7.544589043E-02, 2.396365784E+05, 6.269516305E+02, 3.254268484E-02, 7.324085158E+02, 3.933926576E-01,-1.874847583E+05, 3.907308150E-04
       438, 5.479126424E-02, 7.507741451E-02, 2.394890396E+05, 6.274530801E+02, 3.251814716E-02, 7.332739948E+02, 3.930957410E-01,-1.867808086E+05, 3.907307612E-04
       439, 5.492108315E-02, 7.470887899E-02, 2.393422693E+05, 6.279204475E+02, 3.249738936E-02, 7.342975792E+02, 3.927868245E-01,-1.861456776E+05, 3.907307219E-04
       440, 5.505074561E-02, 7.434029132E-02, 2.391962813E+05, 6.283528559E+02, 3.248010404E-02, 7.354595334E+02, 3.924857237E-01,-1.855895785E+05, 3.907306938E-04
       441, 5.518024787E-02, 7.397164404E-02, 2.390502717E+05, 6.287499545E+02, 3.246555712E-02, 7.367390969E+02, 3.922078609E-01,-1.851175975E+05, 3.907306734E-04
       442, 5.530960113E-02, 7.360295206E-02, 2.389032515E+05, 6.291123019E+02, 3.245294791E-02, 7.381148928E+02, 3.919541214E-01,-1.847255118E+05, 3.907306576E-04
       443, 5.543880537E-02, 7.323419303E-02, 2.387553634E+05, 6.294406920E+02, 3.244204256E-02, 7.395654778E+02, 3.917097948E-01,-1.844063815E+05, 3.907306432E-04
       444, 5.556785688E-02, 7.286539674E-02, 2.386079598E+05, 6.297362383E+02, 3.243297722E-02, 7.410699918E+02, 3.914671489E-01,-1.841559963E+05, 3.907306271E-04
       445, 5.569676682E-02, 7.249654084E-02, 2.384615654E+05, 6.299957239E+02, 3.242558807E-02, 7.426089040E+02, 3.912332135E-01,-1.839889210E+05, 3.907306060E-04
       446, 5.582553521E-02, 7.212763280E-02, 2.383157564E+05, 6.302198273E+02, 3.241935591E-02, 7.441647131E+02, 3.910136988E-01,-1.838952365E+05, 3.907305771E-04
       447, 5.595415831E-02, 7.175868750E-02, 2.381697146E+05, 6.304059228E+02, 3.241366719E-02, 7.457224553E+02, 3.908063113E-01,-1.838795695E+05, 3.907305372E-04
       448, 5.608264729E-02, 7.138968259E-02, 2.380232833E+05, 6.305559081E+02, 3.240836537E-02, 7.472699370E+02, 3.905995801E-01,-1.839234245E+05, 3.907304835E-04
       449, 5.621099845E-02, 7.102064043E-02, 2.378769166E+05, 6.306718350E+02, 3.240354210E-02, 7.487977530E+02, 3.903893824E-01,-1.840177652E+05, 3.907304185E-04
       450, 5.633921549E-02, 7.065153867E-02, 2.377305249E+05, 6.307562435E+02, 3.239898070E-02, 7.502990653E+02, 3.901808775E-01,-1.841545319E+05, 3.907303676E-04
       451, 5.646730214E-02, 7.028239965E-02, 2.375835842E+05, 6.308123145E+02, 3.239464720E-02, 7.517692875E+02, 3.899778316E-01,-1.843257402E+05, 3.907303367E-04
       452, 5.659526214E-02, 6.991322339E-02, 2.374361862E+05, 6.308447665E+02, 3.239079596E-02, 7.532056852E+02, 3.897741144E-01,-1.845172542E+05, 3.907303228E-04
       453, 5.672309548E-02, 6.954399496E-02, 2.372892234E+05, 6.308582011E+02, 3.238794609E-02, 7.546069703E+02, 3.895649771E-01,-1.847205409E+05, 3.907303232E-04
       454, 5.685080588E-02, 6.917472184E-02, 2.371433903E+05, 6.308555355E+02, 3.238639446E-02, 7.559728696E+02, 3.893602990E-01,-1.849379977E+05, 3.907303350E-04
       455, 5.697839707E-02, 6.880541146E-02, 2.369980359E+05, 6.308397725E+02, 3.238582884E-02, 7.573037448E+02, 3.891758527E-01,-1.851670910E+05, 3.907303557E-04
       456, 5.710587278E-02, 6.843605638E-02, 2.368519174E+05, 6.308161954E+02, 3.238571507E-02, 7.586000135E+02, 3.890119521E-01,-1.853893093E+05, 3.907303824E-04
       457, 5.723322928E-02, 6.806667149E-02, 2.367047249E+05, 6.307895593E+02, 3.238586462E-02, 7.598617743E+02, 3.888555179E-01,-1.855896388E+05, 3.907304126E-04
       458, 5.736047402E-02, 6.769723445E-02, 2.365570618E+05, 6.307627209E+02, 3.238646000E-02, 7.610885075E+02, 3.886966549E-01,-1.857629271E+05, 3.907304439E-04
       459, 5.748760700E-02, 6.732776761E-02, 2.364094102E+05, 6.307393910E+02, 3.238764415E-02, 7.622789049E+02, 3.885374245E-01,-1.859006340E+05, 3.907304736E-04
       460, 5.761463568E-02, 6.695826352E-02, 2.362612605E+05, 6.307236861E+02, 3.238917093E-02, 7.634308954E+02, 3.883849055E-01,-1.859923408E+05, 3.907304994E-04
       461, 5.774156004E-02, 6.658872217E-02, 2.361115616E+05, 6.307194728E+02, 3.239064147E-02, 7.645416486E+02, 3.882379005E-01,-1.860269316E+05, 3.907305188E-04
       462, 5.786838010E-02, 6.621914357E-02, 2.359597218E+05, 6.307276514E+02, 3.239184994E-02, 7.656078165E+02, 3.880903344E-01,-1.860061436E+05, 3.907305297E-04
       463, 5.799509957E-02, 6.584953517E-02, 2.358053687E+05, 6.307485712E+02, 3.239260927E-02, 7.666258390E+02, 3.879421040E-01,-1.859309421E+05, 3.907305297E-04
       464, 5.812172592E-02, 6.547988951E-02, 2.356476364E+05, 6.307838914E+02, 3.239269610E-02, 7.675922325E+02, 3.877931328E-01,-1.857945209E+05, 3.907305167E-04
       465, 5.824825540E-02, 6.511021405E-02, 2.354860572E+05, 6.308338270E+02, 3.239221386E-02, 7.685038844E+02, 3.876375154E-01,-1.856003208E+05, 3.907304921E-04
       466, 5.837468803E-02, 6.474050879E-02, 2.353211615E+05, 6.308979029E+02, 3.239125436E-02, 7.693582887E+02, 3.874676384E-01,-1.853524110E+05, 3.907304655E-04
       467, 5.850103125E-02, 6.437076628E-02, 2.351534260E+05, 6.309756342E+02, 3.239016389E-02, 7.701537345E+02, 3.872849484E-01,-1.850549922E+05, 3.907304387E-04
       468, 5.862728134E-02, 6.400099397E-02, 2.349828690E+05, 6.310662458E+02, 3.238905556E-02, 7.708893705E+02, 3.870928324E-01,-1.847143082E+05, 3.907304118E-04
       469, 5.875343457E-02, 6.363118440E-02, 2.348099419E+05, 6.311676125E+02, 3.238816879E-02, 7.715652493E+02, 3.868839247E-01,-1.843398405E+05, 3.907303847E-04
       470, 5.887949467E-02, 6.326135248E-02, 2.346363012E+05, 6.312770576E+02, 3.238818201E-02, 7.721822768E+02, 3.866474036E-01,-1.839418182E+05, 3.907303578E-04
       471, 5.900546163E-02, 6.289148331E-02, 2.344639044E+05, 6.313939320E+02, 3.238987163E-02, 7.727421946E+02, 3.863860437E-01,-1.835254011E+05, 3.907303309E-04
       472, 5.913133174E-02, 6.252158433E-02, 2.342933167E+05, 6.315156221E+02, 3.239332587E-02, 7.732474828E+02, 3.861235092E-01,-1.831106054E+05, 3.907303041E-04
       473, 5.925711244E-02, 6.215165183E-02, 2.341230352E+05, 6.316372849E+02, 3.239770919E-02, 7.737012519E+02, 3.858841102E-01,-1.827198167E+05, 3.907302776E-04
       474, 5.938279256E-02, 6.178168580E-02, 2.339511829E+05, 6.317538151E+02, 3.240207516E-02, 7.741070509E+02, 3.856682776E-01,-1.823646862E+05, 3.907302514E-04
       475, 5.950838327E-02, 6.141168997E-02, 2.337776049E+05, 6.318612942E+02, 3.240618567E-02, 7.744687146E+02, 3.854581912E-01,-1.820480620E+05, 3.907302256E-04
       476, 5.963388085E-02, 6.104166061E-02, 2.336035496E+05, 6.319561718E+02, 3.241042875E-02, 7.747901943E+02, 3.852429366E-01,-1.817772671E+05, 3.907302003E-04
       477, 5.975927785E-02, 6.067160144E-02, 2.334300541E+05, 6.320325057E+02, 3.241511276E-02, 7.750753912E+02, 3.850302876E-01,-1.815751896E+05, 3.907301754E-04
       478, 5.988458544E-02, 6.030150503E-02, 2.332569614E+05, 6.320828318E+02, 3.242001357E-02, 7.753279942E+02, 3.848349994E-01,-1.814667836E+05, 3.907301512E-04
       479, 6.000979617E-02, 5.993138254E-02, 2.330836678E+05, 6.321003780E+02, 3.242475533E-02, 7.755513250E+02, 3.846586575E-01,-1.814662727E+05, 3.907301276E-04
       480, 6.013491005E-02, 5.956122652E-02, 2.329107230E+05, 6.320800557E+02, 3.242938625E-02, 7.757482005E+02, 3.844871808E-01,-1.815781396E+05, 3.907301048E-04
       481, 6.025993079E-02, 5.919103697E-02, 2.327397629E+05, 6.320177378E+02, 3.243443751E-02, 7.759208370E+02, 3.843130389E-01,-1.818076953E+05, 3.907300870E-04
       482, 6.038485840E-02, 5.882081389E-02, 2.325716345E+05, 6.319109830E+02, 3.244023976E-02, 7.760707808E+02, 3.841522865E-01,-1.821605073E+05, 3.907300801E-04
       483, 6.050969660E-02, 5.845056474E-02, 2.324052965E+05, 6.317592908E+02, 3.244620413E-02, 7.761988440E+02, 3.840238828E-01,-1.826343363E+05, 3.907300834E-04
       484, 6.063444167E-02, 5.808028206E-02, 2.322393019E+05, 6.315615251E+02, 3.245166722E-02, 7.763051058E+02, 3.839275417E-01,-1.832267655E+05, 3.907300954E-04
       485, 6.075910106E-02, 5.770997331E-02, 2.320732840E+05, 6.313156674E+02, 3.245638869E-02, 7.763889648E+02, 3.838527512E-01,-1.839363391E+05, 3.907301148E-04
       486, 6.088367105E-02, 5.733963102E-02, 2.319075509E+05, 6.310252378E+02, 3.246051297E-02, 7.764490708E+02, 3.837925267E-01,-1.847420267E+05, 3.907301402E-04
       487, 6.100815907E-02, 5.696926266E-02, 2.317421943E+05, 6.306858125E+02, 3.246408478E-02, 7.764866887E+02, 3.837519552E-01,-1.856663521E+05, 3.907301701E-04
       488, 6.113256514E-02, 5.659886822E-02, 2.315767002E+05, 6.302969243E+02, 3.246693131E-02, 7.764861646E+02, 3.837374098E-01,-1.867027958E+05, 3.907302033E-04
       489, 6.125688925E-02, 5.622844398E-02, 2.314102534E+05, 6.298645502E+02, 3.246885451E-02, 7.764669200E+02, 3.837483555E-01,-1.878205769E+05, 3.907302385E-04
       490, 6.138113514E-02, 5.585799366E-02, 2.312423811E+05, 6.293937731E+02, 3.246979183E-02, 7.764162587E+02, 3.837788725E-01,-1.890013424E+05, 3.907302744E-04
       491, 6.150530279E-02, 5.548751727E-02, 2.310730026E+05, 6.288902769E+02, 3.246986696E-02, 7.763318257E+02, 3.838230393E-01,-1.902255353E+05, 3.907303098E-04
       492, 6.162939966E-02, 5.511701852E-02, 2.309021620E+05, 6.283611319E+02, 3.246928560E-02, 7.762131532E+02, 3.838777248E-01,-1.914699988E+05, 3.907303435E-04
       493, 6.175341830E-02, 5.474649370E-02, 2.307296774E+05, 6.278166239E+02, 3.246818889E-02, 7.760595955E+02, 3.839427788E-01,-1.927005024E+05, 3.907303742E-04
       494, 6.187736988E-02, 5.437594280E-02, 2.305548885E+05, 6.272708525E+02, 3.246656538E-02, 7.758705971E+02, 3.840190770E-01,-1.938712708E+05, 3.907304009E-04
       495, 6.200125068E-02, 5.400537327E-02, 2.303766958E+05, 6.267404513E+02, 3.246422598E-02, 7.756459088E+02, 3.841045393E-01,-1.949315741E+05, 3.907304224E-04
       496, 6.212506443E-02, 5.363477767E-02, 2.301938547E+05, 6.262373256E+02, 3.246111678E-02, 7.753856807E+02, 3.841966417E-01,-1.958595436E+05, 3.907304375E-04
       497, 6.224881113E-02, 5.326415971E-02, 2.300056632E+05, 6.257678058E+02, 3.245706325E-02, 7.750904941E+02, 3.842871927E-01,-1.966494620E+05, 3.907304431E-04
       498, 6.237248704E-02, 5.289351940E-02, 2.298124071E+05, 6.253481595E+02, 3.245225590E-02, 7.747613509E+02, 3.843572153E-01,-1.972376735E+05, 3.907304376E-04
       499, 6.249609590E-02, 5.252285674E-02, 2.296147305E+05, 6.250055967E+02, 3.244752891E-02, 7.743996422E+02, 3.843916264E-01,-1.975356167E+05, 3.907304221E-04
       500, 6.261962652E-02, 5.215216801E-02, 2.294130065E+05, 6.247473773E+02, 3.244335530E-02, 7.740070967E+02, 3.843897159E-01,-1.975648714E+05, 3.907303983E-04
       501, 6.274309009E-02, 5.178145692E-02, 2.292075058E+05, 6.245712689E+02, 3.243989975E-02, 7.735857330E+02, 3.843540032E-01,-1.973617372E+05, 3.907303674E-04
       502, 6.286647171E-02, 5.141071603E-02, 2.289984389E+05, 6.244793328E+02, 3.243725230E-02, 7.731378026E+02, 3.842838064E-01,-1.969229718E+05, 3.907303311E-04
       503, 6.298977137E-02, 5.103995278E-02, 2.287861541E+05, 6.244850665E+02, 3.243564654E-02, 7.726657185E+02, 3.841716230E-01,-1.961992834E+05, 3.907302910E-04
       504, 6.311299652E-02, 5.066915974E-02, 2.285712727E+05, 6.245969292E+02, 3.243538149E-02, 7.721719850E+02, 3.840100585E-01,-1.951797741E+05, 3.907302486E-04
       505, 6.323613226E-02, 5.029834062E-02, 2.283546832E+05, 6.248182035E+02, 3.243682900E-02, 7.716591270E+02, 3.837937823E-01,-1.938735021E+05, 3.907302056E-04
       506, 6.335917860E-02, 4.992749169E-02, 2.281373004E+05, 6.251456730E+02, 3.244024762E-02, 7.711296276E+02, 3.835268375E-01,-1.923131760E+05, 3.907301638E-04
       507, 6.348213553E-02, 4.955661297E-02, 2.279192580E+05, 6.255722427E+02, 3.244546202E-02, 7.705858597E+02, 3.832225396E-01,-1.905388394E+05, 3.907301249E-04
       508, 6.360501051E-02, 4.918570444E-02, 2.276998781E+05, 6.260860046E+02, 3.245193145E-02, 7.700300281E+02, 3.828910525E-01,-1.885992857E+05, 3.907300907E-04
       509, 6.372778118E-02, 4.881476238E-02, 2.274788250E+05, 6.266757324E+02, 3.245928008E-02, 7.694641498E+02, 3.825299932E-01,-1.865261061E+05, 3.907300631E-04
       510, 6.385046244E-02, 4.844379053E-02, 2.272567489E+05, 6.273362648E+02, 3.246759611E-02, 7.688900125E+02, 3.821311070E-01,-1.843247447E+05, 3.907300440E-04
       511, 6.397303939E-02, 4.807278514E-02, 2.270348291E+05, 6.280595041E+02, 3.247721569E-02, 7.683091317E+02, 3.816926769E-01,-1.820235415E+05, 3.907300354E-04
       512, 6.409551948E-02, 4.770174623E-02, 2.268142064E+05, 6.288359708E+02, 3.248831513E-02, 7.677227314E+02, 3.812181699E-01,-1.796555437E+05, 3.907300388E-04
       513, 6.421789527E-02, 4.733067751E-02, 2.265953668E+05, 6.296466767E+02, 3.250092937E-02, 7.671317132E+02, 3.807241909E-01,-1.772918306E+05, 3.907300513E-04
       514, 6.434016675E-02, 4.695957154E-02, 2.263776743E+05, 6.304767927E+02, 3.251454916E-02, 7.665366764E+02, 3.802305064E-01,-1.749707845E+05, 3.907300700E-04
       515, 6.446233392E-02, 4.658843204E-02, 2.261600701E+05, 6.313135340E+02, 3.252842276E-02, 7.659379152E+02, 3.797447128E-01,-1.727204579E+05, 3.907300947E-04
       516, 6.458440423E-02, 4.621725902E-02, 2.259420658E+05, 6.321419144E+02, 3.254212519E-02, 7.653354512E+02, 3.792659377E-01,-1.705782948E+05, 3.907301253E-04
       517, 6.470637023E-02, 4.584605247E-02, 2.257236789E+05, 6.329468398E+02, 3.255544064E-02, 7.647290466E+02, 3.787969308E-01,-1.685796946E+05, 3.907301614E-04
       518, 6.482823193E-02, 4.547481239E-02, 2.255047022E+05, 6.337159155E+02, 3.256816360E-02, 7.641182407E+02, 3.783440857E-01,-1.667467330E+05, 3.907302029E-04
       519, 6.494999677E-02, 4.510353878E-02, 2.252847621E+05, 6.344423609E+02, 3.258010451E-02, 7.635023788E+02, 3.779111411E-01,-1.650790222E+05, 3.907302495E-04
       520, 6.507166475E-02, 4.473223165E-02, 2.250635317E+05, 6.351243163E+02, 3.259118535E-02, 7.628806689E+02, 3.774974767E-01,-1.635651459E+05, 3.907303011E-04
       521, 6.519322097E-02, 4.436089471E-02, 2.248409457E+05, 6.357524918E+02, 3.260138460E-02, 7.622522216E+02, 3.771042065E-01,-1.622363637E+05, 3.907303574E-04
       522, 6.531468034E-02, 4.398952052E-02, 2.246170312E+05, 6.363101387E+02, 3.261060332E-02, 7.616160942E+02, 3.767382823E-01,-1.611444851E+05, 3.907304181E-04
       523, 6.543604285E-02, 4.361811653E-02, 2.243915584E+05, 6.367920055E+02, 3.261871646E-02, 7.609713350E+02, 3.764050193E-01,-1.602805720E+05, 3.907304831E-04
       524, 6.555730104E-02, 4.324667901E-02, 2.241640924E+05, 6.371947155E+02, 3.262557359E-02, 7.603170201E+02, 3.761069780E-01,-1.596410083E+05, 3.907305522E-04
       525, 6.567846239E-02, 4.287520424E-02, 2.239343664E+05, 6.375149947E+02, 3.263111243E-02, 7.596522907E+02, 3.758430300E-01,-1.592247788E+05, 3.907306252E-04
       526, 6.579951942E-02, 4.250370339E-02, 2.237023746E+05, 6.377533250E+02, 3.263541417E-02, 7.589763797E+02, 3.756110408E-01,-1.590165848E+05, 3.907307018E-04
       527, 6.592047960E-02, 4.213216528E-02, 2.234679744E+05, 6.379112828E+02, 3.263850788E-02, 7.582886359E+02, 3.754133819E-01,-1.590043751E+05, 3.907307818E-04
       528, 6.604134291E-02, 4.176059738E-02, 2.232304689E+05, 6.379861983E+02, 3.264034731E-02, 7.575885291E+02, 3.752597501E-01,-1.592002829E+05, 3.907308608E-04
       529, 6.616210192E-02, 4.138899595E-02, 2.229890908E+05, 6.379745798E+02, 3.264037766E-02, 7.568756944E+02, 3.751509878E-01,-1.596107786E+05, 3.907309146E-04
       530, 6.628275663E-02, 4.101736099E-02, 2.227437044E+05, 6.378752713E+02, 3.263862916E-02, 7.561499289E+02, 3.750763983E-01,-1.602253478E+05, 3.907309365E-04
       531, 6.640330702E-02, 4.064569250E-02, 2.224949865E+05, 6.376950946E+02, 3.263560637E-02, 7.554111995E+02, 3.750248306E-01,-1.610060738E+05, 3.907309293E-04
       532, 6.652374566E-02, 4.027398676E-02, 2.222438416E+05, 6.374419519E+02, 3.263182977E-02, 7.546596275E+02, 3.749928594E-01,-1.619234938E+05, 3.907308958E-04
       533, 6.664407998E-02, 3.990224376E-02, 2.219908195E+05, 6.371295946E+02, 3.262772094E-02, 7.538954820E+02, 3.749788997E-01,-1.629318021E+05, 3.907308391E-04
       534, 6.676428765E-02, 3.953046352E-02, 2.217362451E+05, 6.367589310E+02, 3.262345400E-02, 7.531191668E+02, 3.749849949E-01,-1.640465744E+05, 3.907307622E-04
       535, 6.688437611E-02, 3.915864602E-02, 2.214803373E+05, 6.363408335E+02, 3.261911787E-02, 7.523312094E+02, 3.750102351E-01,-1.652206970E+05, 3.907306683E-04
       536, 6.700434536E-02, 3.878679127E-02, 2.212230315E+05, 6.359024219E+02, 3.261489125E-02, 7.515322481E+02, 3.750460952E-01,-1.663526168E+05, 3.907305607E-04
       537, 6.712419540E-02, 3.841489181E-02, 2.209644759E+05, 6.354622765E+02, 3.261099722E-02, 7.507230112E+02, 3.750823043E-01,-1.674013530E+05, 3.907304426E-04
       538, 6.724390388E-02, 3.804295138E-02, 2.207052232E+05, 6.350398527E+02, 3.260779944E-02, 7.499042998E+02, 3.751065952E-01,-1.683104656E+05, 3.907303176E-04
       539, 6.736348569E-02, 3.767096996E-02, 2.204460505E+05, 6.346735749E+02, 3.260594123E-02, 7.490769683E+02, 3.751023712E-01,-1.689483902E+05, 3.907301890E-04
       540, 6.748293340E-02, 3.729894385E-02, 2.201875884E+05, 6.343976705E+02, 3.260599336E-02, 7.482418993E+02, 3.750591235E-01,-1.692309733E+05, 3.907300604E-04
       541, 6.760223955E-02, 3.692687675E-02, 2.199300451E+05, 6.342462364E+02, 3.260830375E-02, 7.473999831E+02, 3.749691868E-01,-1.690761067E+05, 3.907299356E-04
       542, 6.772141159E-02, 3.655476123E-02, 2.196733664E+05, 6.342489664E+02, 3.261305974E-02, 7.465521094E+02, 3.748227467E-01,-1.684246739E+05, 3.907298183E-04
       543, 6.784042716E-02, 3.618260473E-02, 2.194181057E+05, 6.344234022E+02, 3.262048870E-02, 7.456991508E+02, 3.746027061E-01,-1.672670562E+05, 3.907297124E-04
       544, 6.795930862E-02, 3.581039608E-02, 2.191663012E+05, 6.347696359E+02, 3.263117994E-02, 7.448419655E+02, 3.742837793E-01,-1.656462480E+05, 3.907296266E-04
       545, 6.807803363E-02, 3.543813899E-02, 2.189212582E+05, 6.352896582E+02, 3.264669354E-02, 7.439813365E+02, 3.738560227E-01,-1.635772167E+05, 3.907295802E-04
       546, 6.819660962E-02, 3.506583720E-02, 2.186847236E+05, 6.359920963E+02, 3.266753381E-02, 7.431179573E+02, 3.733496395E-01,-1.610597049E+05, 3.907295764E-04
       547, 6.831503659E-02, 3.469348699E-02, 2.184535071E+05, 6.368655347E+02, 3.269193695E-02, 7.422524055E+02, 3.728352714E-01,-1.581868214E+05, 3.907296145E-04
       548, 6.843331456E-02, 3.432109207E-02, 2.182191624E+05, 6.378812501E+02, 3.271580227E-02, 7.413851777E+02, 3.723785823E-01,-1.550814038E+05, 3.907296939E-04
       549, 6.855145097E-02, 3.394864872E-02, 2.179726728E+05, 6.390079827E+02, 3.273504815E-02, 7.405167498E+02, 3.719753294E-01,-1.518259585E+05, 3.907298140E-04
       550, 6.866943836E-02, 3.357615694E-02, 2.177118662E+05, 6.402145805E+02, 3.274885038E-02, 7.396475869E+02, 3.715385023E-01,-1.484828267E+05, 3.907299741E-04
       551, 6.878728420E-02, 3.320362046E-02, 2.174444660E+05, 6.414702156E+02, 3.276090580E-02, 7.387780952E+02, 3.709653050E-01,-1.451229873E+05, 3.907301735E-04
       552, 6.890497357E-02, 3.283103928E-02, 2.171827922E+05, 6.427494790E+02, 3.277661853E-02, 7.379084775E+02, 3.702443120E-01,-1.418226920E+05, 3.907304116E-04
       553, 6.902252883E-02, 3.245840967E-02, 2.169321962E+05, 6.440328184E+02, 3.279779680E-02, 7.370386413E+02, 3.694924922E-01,-1.386526789E+05, 3.907306878E-04
       554, 6.913993508E-02, 3.208573535E-02, 2.166852626E+05, 6.453072518E+02, 3.282082107E-02, 7.361682803E+02, 3.688456951E-01,-1.356445342E+05, 3.907310014E-04
       555, 6.925719231E-02, 3.171301633E-02, 2.164296916E+05, 6.465581668E+02, 3.284028008E-02, 7.352970261E+02, 3.683363936E-01,-1.328153654E+05, 3.907313518E-04
       556, 6.937431544E-02, 3.134024888E-02, 2.161590616E+05, 6.477688537E+02, 3.285342985E-02, 7.344245022E+02, 3.678981571E-01,-1.301775607E+05, 3.907317384E-04
       557, 6.949128956E-02, 3.096743859E-02, 2.158749984E+05, 6.489248755E+02, 3.286125892E-02, 7.335502660E+02, 3.674525671E-01,-1.277410660E+05, 3.907321605E-04
       558, 6.960812211E-02, 3.059458174E-02, 2.155824177E+05, 6.500150955E+02, 3.286641050E-02, 7.326737220E+02, 3.669760281E-01,-1.255216440E+05, 3.907326175E-04
       559, 6.972481310E-02, 3.022168018E-02, 2.152833485E+05, 6.510313877E+02, 3.287030091E-02, 7.317940498E+02, 3.665191089E-01,-1.235391258E+05, 3.907331083E-04
       560, 6.984136254E-02, 2.984873392E-02, 2.149737449E+05, 6.519677509E+02, 3.287162025E-02, 7.309102221E+02, 3.661474571E-01,-1.218056490E+05, 3.907335642E-04
       561, 6.995776296E-02, 2.947574109E-02, 2.146486851E+05, 6.528197595E+02, 3.286807160E-02, 7.300211667E+02, 3.658477445E-01,-1.203099385E+05, 3.907338520E-04
       562, 7.007400692E-02, 2.910269797E-02, 2.143086627E+05, 6.535855941E+02, 3.286050920E-02, 7.291257221E+02, 3.655606913E-01,-1.190303962E+05, 3.907339658E-04
       563, 7.019008696E-02, 2.872960456E-02, 2.139581250E+05, 6.542675051E+02, 3.285104696E-02, 7.282226283E+02, 3.652497337E-01,-1.179472864E+05, 3.907339173E-04
       564, 7.030598819E-02, 2.835645713E-02, 2.136025292E+05, 6.548603072E+02, 3.284213429E-02, 7.273105128E+02, 3.648986346E-01,-1.170820835E+05, 3.907337190E-04
       565, 7.042171061E-02, 2.798325382E-02, 2.132478901E+05, 6.553633432E+02, 3.283631121E-02, 7.263878924E+02, 3.645053478E-01,-1.164357289E+05, 3.907333842E-04
       566, 7.053723931E-02, 2.760999091E-02, 2.128982997E+05, 6.557711860E+02, 3.283467861E-02, 7.254531630E+02, 3.641152315E-01,-1.160396815E+05, 3.907329266E-04
       567, 7.065256685E-02, 2.723666653E-02, 2.125517886E+05, 6.560793555E+02, 3.283547499E-02, 7.245046233E+02, 3.638043091E-01,-1.159099644E+05, 3.907323606E-04
       568, 7.076768577E-02, 2.686327696E-02, 2.122019537E+05, 6.562867823E+02, 3.283538843E-02, 7.235405815E+02, 3.636029824E-01,-1.160326796E+05, 3.907317012E-04
       569, 7.088258862E-02, 2.648982219E-02, 2.118454720E+05, 6.563969897E+02, 3.283282844E-02, 7.225594436E+02, 3.634575342E-01,-1.163674102E+05, 3.907309643E-04
       570, 7.099726051E-02, 2.611629851E-02, 2.114868871E+05, 6.564198766E+02, 3.282969016E-02, 7.215597076E+02, 3.632778237E-01,-1.168620525E+05, 3.907301662E-04
       571, 7.111170143E-02, 2.574270219E-02, 2.111361365E+05, 6.563578942E+02, 3.282983944E-02, 7.205398846E+02, 3.630159875E-01,-1.175221838E+05, 3.907293238E-04
       572, 7.122589648E-02, 2.536903322E-02, 2.108024505E+05, 6.562080218E+02, 3.283635147E-02, 7.194984059E+02, 3.626902166E-01,-1.183764836E+05, 3.907284549E-04
       573, 7.133983076E-02, 2.499528602E-02, 2.104908803E+05, 6.559759657E+02, 3.285045750E-02, 7.184336992E+02, 3.623403573E-01,-1.194072657E+05, 3.907275776E-04
       574, 7.145351171E-02, 2.462146245E-02, 2.102037975E+05, 6.556765194E+02, 3.287218256E-02, 7.173441403E+02, 3.619965605E-01,-1.205699131E+05, 3.907267110E-04
       575, 7.156691700E-02, 2.424755692E-02, 2.099424110E+05, 6.553201200E+02, 3.290025785E-02, 7.162282089E+02, 3.616652825E-01,-1.218389459E+05, 3.907258787E-04
       576, 7.168004662E-02, 2.387356572E-02, 2.097072704E+05, 6.549240136E+02, 3.293420359E-02, 7.150844541E+02, 3.613406396E-01,-1.231486430E+05, 3.907252258E-04
       577, 7.179290801E-02, 2.349949628E-02, 2.094974181E+05, 6.545161872E+02, 3.297395581E-02, 7.139115635E+02, 3.610387636E-01,-1.244081677E+05, 3.907249006E-04
       578, 7.190550119E-02, 2.312534489E-02, 2.093096971E+05, 6.541347672E+02, 3.301739813E-02, 7.127082956E+02, 3.607823238E-01,-1.255013239E+05, 3.907248955E-04
       579, 7.201783359E-02, 2.275111526E-02, 2.091385429E+05, 6.538257734E+02, 3.306205818E-02, 7.114734696E+02, 3.605835507E-01,-1.262895545E+05, 3.907251940E-04
       580, 7.212991267E-02, 2.237681113E-02, 2.089774006E+05, 6.536340123E+02, 3.310563740E-02, 7.102060763E+02, 3.604190339E-01,-1.266478861E+05, 3.907257801E-04
       581, 7.224175334E-02, 2.200243250E-02, 2.088236417E+05, 6.535990257E+02, 3.314792762E-02, 7.089053394E+02, 3.602186150E-01,-1.264790781E+05, 3.907266381E-04
       582, 7.235335559E-02, 2.162798308E-02, 2.086800577E+05, 6.537425433E+02, 3.319086607E-02, 7.075706754E+02, 3.599194512E-01,-1.257590347E+05, 3.907277531E-04
       583, 7.246472687E-02, 2.125346288E-02, 2.085509090E+05, 6.541004625E+02, 3.323707772E-02, 7.062016129E+02, 3.594985800E-01,-1.244017366E+05, 3.907291103E-04
       584, 7.257588208E-02, 2.087887749E-02, 2.084379145E+05, 6.546790697E+02, 3.328769865E-02, 7.047976941E+02, 3.589850041E-01,-1.224695428E+05, 3.907306957E-04
       585, 7.268682122E-02, 2.050422691E-02, 2.083386092E+05, 6.554632739E+02, 3.334158940E-02, 7.033585770E+02, 3.584309970E-01,-1.200748528E+05, 3.907324956E-04
       586, 7.279755920E-02, 2.012951300E-02, 2.082468399E+05, 6.564179457E+02, 3.339582715E-02, 7.018840206E+02, 3.578859303E-01,-1.173650489E+05, 3.907344967E-04
       587, 7.290809602E-02, 1.975473948E-02, 2.081547288E+05, 6.575170747E+02, 3.344702835E-02, 7.003739603E+02, 3.573792670E-01,-1.144111088E+05, 3.907366864E-04
       588, 7.301844656E-02, 1.937990636E-02, 2.080536566E+05, 6.587226862E+02, 3.349170956E-02, 6.988285070E+02, 3.569365843E-01,-1.113339456E+05, 3.907390525E-04
       589, 7.312861085E-02, 1.900501736E-02, 2.079344462E+05, 6.599924948E+02, 3.352634529E-02, 6.972479911E+02, 3.565762995E-01,-1.082449238E+05, 3.907415830E-04
       590, 7.323859632E-02, 1.863007247E-02, 2.077881637E+05, 6.612930107E+02, 3.354797444E-02, 6.956330779E+02, 3.562822291E-01,-1.051920475E+05, 3.907442668E-04
       591, 7.334841788E-02, 1.825507730E-02, 2.076089972E+05, 6.626089630E+02, 3.355823200E-02, 6.939844206E+02, 3.560356287E-01,-1.021817073E+05, 3.907470409E-04
       592, 7.345806062E-02, 1.788002811E-02, 2.073982124E+05, 6.639193025E+02, 3.355730840E-02, 6.923030971E+02, 3.557724798E-01,-9.927091989E+04, 3.907491971E-04
       593, 7.356749475E-02, 1.750491560E-02, 2.071656692E+05, 6.651994360E+02, 3.354985227E-02, 6.905903083E+02, 3.553877562E-01,-9.651092514E+04, 3.907502714E-04
       594, 7.367668301E-02, 1.712973043E-02, 2.069244658E+05, 6.664354001E+02, 3.354320170E-02, 6.888471659E+02, 3.548592251E-01,-9.392062174E+04, 3.907503280E-04
       595, 7.378558815E-02, 1.675446332E-02, 2.066848907E+05, 6.676172801E+02, 3.354274993E-02, 6.870746250E+02, 3.541978752E-01,-9.153047435E+04, 3.907494561E-04
       596, 7.389416546E-02, 1.637910306E-02, 2.064600286E+05, 6.687384544E+02, 3.355108711E-02, 6.852737429E+02, 3.534165511E-01,-8.934925186E+04, 3.907477584E-04
       597, 7.400237024E-02, 1.600363851E-02, 2.062612899E+05, 6.697955488E+02, 3.357614950E-02, 6.834450912E+02, 3.524463336E-01,-8.740144551E+04, 3.907453508E-04
       598, 7.411016524E-02, 1.562805846E-02, 2.061129365E+05, 6.707873097E+02, 3.361427419E-02, 6.815896089E+02, 3.513877955E-01,-8.565895602E+04, 3.907423627E-04
       599, 7.421752065E-02, 1.525235176E-02, 2.060166929E+05, 6.717120175E+02, 3.368714393E-02, 6.797077111E+02, 3.499376453E-01,-8.418866644E+04, 3.907389369E-04
       600, 7.432437688E-02, 1.487651095E-02, 2.060010790E+05, 6.725643577E+02, 3.377172600E-02, 6.777995198E+02, 3.486952179E-01,-8.295737159E+04, 3.907352297E-04
       601, 7.443070412E-02, 1.450052392E-02, 2.061022441E+05, 6.733413972E+02, 3.390127663E-02, 6.758658780E+02, 3.467688089E-01,-8.201583521E+04, 3.907314105E-04
       602, 7.453646511E-02, 1.412437949E-02, 2.063100560E+05, 6.740405839E+02, 3.406509719E-02, 6.739060316E+02, 3.449493856E-01,-8.137638986E+04, 3.907276624E-04
       603, 7.464161515E-02, 1.374806743E-02, 2.066508630E+05, 6.746611096E+02, 3.426453340E-02, 6.719202395E+02, 3.428673292E-01,-8.102062846E+04, 3.907241817E-04
       604, 7.474610955E-02, 1.337157842E-02, 2.071379127E+05, 6.752025684E+02, 3.450190392E-02, 6.699085454E+02, 3.405593517E-01,-8.094582133E+04, 3.907211784E-04
       605, 7.484991848E-02, 1.299490035E-02, 2.077869756E+05, 6.756659083E+02, 3.478458292E-02, 6.678701798E+02, 3.380018667E-01,-8.115968711E+04, 3.907188756E-04
       606, 7.495298982E-02, 1.261802297E-02, 2.086121206E+05, 6.760455462E+02, 3.511633314E-02, 6.658047241E+02, 3.352212308E-01,-8.170866293E+04, 3.907175099E-04
       607, 7.505529374E-02, 1.224093791E-02, 2.096185257E+05, 6.763360652E+02, 3.549032793E-02, 6.637150961E+02, 3.322453279E-01,-8.256972794E+04, 3.907173792E-04
       608, 7.515686750E-02, 1.186365355E-02, 2.107820068E+05, 6.765295478E+02, 3.590518248E-02, 6.616040715E+02, 3.294294399E-01,-8.375639042E+04, 3.907187730E-04
       609, 7.525780797E-02, 1.148619782E-02, 2.120447577E+05, 6.766192564E+02, 3.632525592E-02, 6.594746994E+02, 3.272498278E-01,-8.529466009E+04, 3.907212078E-04
       610, 7.535824925E-02, 1.110860519E-02, 2.133417869E+05, 6.765966481E+02, 3.669257205E-02, 6.573310389E+02, 3.257000819E-01,-8.709305631E+04, 3.907240805E-04
       611, 7.545831054E-02, 1.073091011E-02, 2.146251486E+05, 6.764524748E+02, 3.698937835E-02, 6.551801837E+02, 3.244357282E-01,-8.900999310E+04, 3.907269250E-04
       612, 7.555813342E-02, 1.035314798E-02, 2.158673207E+05, 6.761806078E+02, 3.722070706E-02, 6.530248915E+02, 3.233596524E-01,-9.104443443E+04, 3.907294130E-04
       613, 7.565784454E-02, 9.975354187E-03, 2.170485259E+05, 6.757815082E+02, 3.739161025E-02, 6.508648919E+02, 3.226489819E-01,-9.325858477E+04, 3.907313534E-04
       614, 7.575756311E-02, 9.597561322E-03, 2.181430451E+05, 6.752579917E+02, 3.749380184E-02, 6.486999526E+02, 3.225129157E-01,-9.567117992E+04, 3.907326930E-04
       615, 7.585743070E-02, 9.219805710E-03, 2.191237599E+05, 6.746162064E+02, 3.752354912E-02, 6.465308904E+02, 3.228942780E-01,-9.824625067E+04, 3.907335160E-04
       616, 7.595756650E-02, 8.842122741E-03, 2.199834501E+05, 6.738581966E+02, 3.748685657E-02, 6.443597048E+02, 3.236510677E-01,-1.009517220E+05, 3.907340441E-04
       617, 7.605811208E-02, 8.464545943E-03, 2.207143412E+05, 6.729982551E+02, 3.740208900E-02, 6.421867370E+02, 3.247380547E-01,-1.037880966E+05, 3.907346366E-04
       618, 7.615918666E-02, 8.087110706E-03, 2.213074302E+05, 6.720667716E+02, 3.724297335E-02, 6.400139564E+02, 3.265958162E-01,-1.065955908E+05, 3.907357904E-04
       619, 7.626092434E-02, 7.709850091E-03, 2.217001286E+05, 6.711354028E+02, 3.703984664E-02, 6.378401993E+02, 3.288946966E-01,-1.092372180E+05, 3.907381400E-04
       620, 7.636345178E-02, 7.332800888E-03, 2.219122397E+05, 6.703013651E+02, 3.670681589E-02, 6.356676312E+02, 3.326629072E-01,-1.111775883E+05, 3.907424572E-04
       621, 7.646690309E-02, 6.955997553E-03, 2.218554553E+05, 6.697053491E+02, 3.636257467E-02, 6.334975165E+02, 3.358414554E-01,-1.121015728E+05, 3.907496516E-04
       622, 7.657139003E-02, 6.579473615E-03, 2.214419805E+05, 6.694600379E+02, 3.588358728E-02, 6.313308345E+02, 3.411701195E-01,-1.115451402E+05, 3.907607699E-04
       623, 7.667701691E-02, 6.203250960E-03, 2.207042152E+05, 6.696873009E+02, 3.537370012E-02, 6.291663742E+02, 3.466219635E-01,-1.094336989E+05, 3.907752346E-04
       624, 7.678357512E-02, 5.827280227E-03, 2.195450629E+05, 6.704471629E+02, 3.476261371E-02, 6.270091255E+02, 3.527354232E-01,-1.055958221E+05, 3.907851671E-04
       625, 7.689061761E-02, 5.451441742E-03, 2.180143122E+05, 6.716510883E+02, 3.411784414E-02, 6.248626739E+02, 3.578103998E-01,-1.002294822E+05, 3.907860927E-04
       626, 7.699764520E-02, 5.075602327E-03, 2.161916519E+05, 6.731748959E+02, 3.350455472E-02, 6.227279535E+02, 3.614444826E-01,-9.391314633E+04, 3.907770371E-04
       627, 7.710415125E-02, 4.699628334E-03, 2.141760782E+05, 6.748999134E+02, 3.294035100E-02, 6.206058422E+02, 3.635519927E-01,-8.713901677E+04, 3.907591164E-04
       628, 7.720962912E-02, 4.323387053E-03, 2.120649545E+05, 6.767366952E+02, 3.246640570E-02, 6.184954409E+02, 3.639805789E-01,-8.039727898E+04, 3.907355379E-04
       629, 7.731357217E-02, 3.946744837E-03, 2.100145632E+05, 6.786256661E+02, 3.221903359E-02, 6.163921410E+02, 3.630618411E-01,-7.392163894E+04, 3.907116011E-04
       630, 7.741548866E-02, 3.569568507E-03, 2.081211032E+05, 6.805188162E+02, 3.007114147E-02, 6.143113897E+02, 3.581720280E-01,-6.734179303E+04, 3.906946983E-04
       631, 7.751484960E-02, 3.191724187E-03, 2.067004068E+05, 6.824010048E+02, 2.897768131E-02, 6.122512420E+02, 3.513262800E-01,-6.094441279E+04, 3.906943150E-04
       632, 7.761117816E-02, 2.813079394E-03, 2.057335342E+05, 6.842839835E+02, 2.884594378E-02, 6.101970780E+02, 3.394192077E-01,-5.558402107E+04, 3.907220264E-04
       633, 7.770394534E-02, 2.433500020E-03, 2.055965985E+05, 6.861643461E+02, 2.895537759E-02, 6.081381703E+02, 3.285910235E-01,-5.081957507E+04, 3.907914913E-04
       634, 7.779265940E-02, 2.052853117E-03, 2.066289481E+05, 6.880525784E+02, 2.934165400E-02, 6.060866443E+02, 3.088386667E-01,-4.713426597E+04, 3.909184384E-04
       635, 7.787682116E-02, 1.671005273E-03, 2.086352487E+05, 6.899427026E+02, 3.027992951E-02, 6.039809395E+02, 2.896206021E-01,-4.393897162E+04, 3.911206440E-04
       636, 7.795590907E-02, 1.287823194E-03, 2.117429124E+05, 6.918428318E+02, 3.168096396E-02, 6.018332677E+02, 2.682122387E-01,-4.195445311E+04, 3.914178983E-04
       637, 7.802943140E-02, 9.031735826E-04, 2.157913673E+05, 6.937172796E+02, 3.406954402E-02, 5.997023198E+02, 2.356574962E-01,-3.899399762E+04, 3.918319568E-04
       638, 7.809680700E-02, 5.169222131E-04, 2.202089030E+05, 6.955851312E+02, 4.617696588E-02, 5.973349170E+02, 2.024450469E-01,-3.728026614E+04, 3.923612269E-04
       639, 7.814481109E-02, 1.288196654E-04, 2.252184569E+05, 6.973156433E+02, 7.252650136E-02, 5.952423098E+02, 8.193716962E-02,-3.617273418E+04, 3.904246816E-04
       640, 7.813107967E-02,-2.590406220E-04, 2.321419087E+05, 6.987471013E+02, 8.232394659E-02, 5.378398161E+02, 1.461589073E-01,-3.323816531E+04, 3.911331730E-04
       641, 7.802677155E-02,-6.331508048E-04, 2.335585274E+05, 7.005972039E+02, 6.198652386E-02, 4.114994768E+02, 1.482055947E-01,-6.450867248E+04, 3.912077074E-04
       642, 7.783959806E-02,-9.739215020E-04, 2.344891619E+05, 7.021918248E+02, 7.827698589E-02, 3.862587703E+02, 1.222834004E-01,-8.264794617E+04, 3.911800111E-04
       643, 7.758135349E-02,-1.264191815E-03, 2.325417852E+05, 7.036974521E+02, 6.686980454E-02, 3.795253395E+02, 2.124110517E-01,-1.103618081E+05, 3.909280904E-04
       644, 7.726356387E-02,-1.487420639E-03, 2.382921810E+05, 7.048745005E+02, 9.183674073E-02, 3.765253224E+02, 2.210362637E-01,-1.452943686E+05, 3.911626793E-04
       645, 7.690300792E-02,-1.632469241E-03, 2.385731947E+05, 7.052882240E+02, 3.686567046E-01, 3.751560282E+02, 5.529537477E-02,-1.604154876E+05, 3.910748744E-04
       646, 7.651922852E-02,-1.694072736E-03, 2.375723425E+05, 7.046996669E+02, 6.859510913E-02, 3.777165536E+02, 2.762226304E-01,-1.486324942E+05, 3.910929639E-04
       647, 7.613162696E-02,-1.667698729E-03, 2.302579289E+05, 7.032571909E+02, 5.696633689E-02, 3.824270596E+02, 2.353427489E-01,-1.181201962E+05, 3.911910399E-04
       648, 7.576093078E-02,-1.552356523E-03, 2.332714829E+05, 7.016099110E+02, 6.015804584E-02, 3.913211402E+02, 2.044899031E-01,-1.060921928E+05, 3.906529258E-04
       649, 7.542514801E-02,-1.355913584E-03, 2.290648023E+05, 6.994378388E+02, 4.938351149E-02, 4.043595267E+02, 2.129990340E-01,-8.973925594E+04, 3.921177520E-04
       650, 7.514317334E-02,-1.089154044E-03, 2.290833333E+05, 6.961863433E+02, 4.515354463E-02, 5.359308813E+02, 1.233733461E-01,-1.900301582E+04, 3.897293203E-04
       651, 7.492790371E-02,-7.657530368E-04, 2.241392337E+05, 6.932163367E+02, 1.982525211E-02, 6.789386510E+02, 1.047794072E-01, 2.204497403E+04, 3.916728928E-04
       652, 7.475510985E-02,-4.138860095E-04, 2.230246467E+05, 6.905496411E+02, 2.000068920E-02, 6.761386582E+02, 2.367413723E-01, 2.559181911E+04, 3.925799826E-04
       653, 7.459406555E-02,-5.626383427E-05, 2.229191105E+05, 6.879341072E+02, 2.000018047E-02, 6.748783150E+02, 2.797459041E-01, 2.888240144E+04, 3.918652478E-04
       654, 7.443910092E-02, 3.033577523E-04, 2.243711135E+05, 6.854292407E+02, 2.000019666E-02, 6.733071865E+02, 3.205818135E-01, 2.961914964E+04, 3.913373823E-04
       655, 7.428935915E-02, 6.646981346E-04, 2.274834374E+05, 6.830172957E+02, 2.000019562E-02, 6.717354270E+02, 3.390174094E-01, 2.819174432E+04, 3.909565552E-04
       656, 7.414399832E-02, 1.027476857E-03, 2.317070513E+05, 6.806535030E+02, 2.000019248E-02, 6.701082795E+02, 3.477242223E-01, 2.595477586E+04, 3.906886568E-04
       657, 7.400217652E-02, 1.391413389E-03, 2.366615005E+05, 6.783094798E+02, 2.000018586E-02, 6.684753703E+02, 3.505546098E-01, 2.268349694E+04, 3.905054424E-04
       658, 7.386305183E-02, 1.756227226E-03, 2.418813629E+05, 6.759462655E+02, 2.000018317E-02, 6.668562920E+02, 3.493451844E-01, 1.900962221E+04, 3.903846258E-04
       659, 7.372576743E-02, 2.121637808E-03, 2.469482750E+05, 6.735347148E+02, 2.000018068E-02, 6.652338172E+02, 3.424905175E-01, 1.501915155E+04, 3.903099376E-04
       660, 7.358949631E-02, 2.487364458E-03, 2.516175438E+05, 6.710523455E+02, 2.000017947E-02, 6.636296295E+02, 3.314964981E-01, 1.075362019E+04, 3.902711577E-04
       661, 7.345338166E-02, 2.853126731E-03, 2.557064936E+05, 6.684897671E+02, 2.000017940E-02, 6.620425084E+02, 3.168283014E-01, 6.263050906E+03, 3.902641332E-04
       662, 7.331658155E-02, 3.218644299E-03, 2.590667550E+05, 6.658593797E+02, 2.000018036E-02, 6.604789224E+02, 2.993937074E-01, 1.572602449E+03, 3.902907848E-04
       663, 7.317827642E-02, 3.583641490E-03, 2.616349652E+05, 6.632107089E+02, 2.000018181E-02, 6.589394810E+02, 2.819494632E-01,-3.334643757E+03, 3.903575769E-04
       664, 7.303792238E-02, 3.947940655E-03, 2.634963014E+05, 6.606924764E+02, 2.000018514E-02, 6.574255639E+02, 2.674943766E-01,-8.349955057E+03, 3.904479010E-04
       665, 7.289549708E-02, 4.311531316E-03, 2.648315129E+05, 6.585346817E+02, 2.000018945E-02, 6.559257460E+02, 2.567009937E-01,-1.318865653E+04, 3.905389886E-04
       666, 7.275120169E-02, 4.674482159E-03, 2.658024487E+05, 6.569873731E+02, 2.000019376E-02, 6.544323052E+02, 2.489772051E-01,-1.742492215E+04, 3.906265013E-04
       667, 7.260526717E-02, 5.036865361E-03, 2.665196871E+05, 6.562857482E+02, 2.000019851E-02, 6.529427832E+02, 2.438339592E-01,-2.035053150E+04, 3.907071793E-04
       668, 7.245789468E-02, 5.398751236E-03, 2.670615760E+05, 6.564558898E+02, 2.000020362E-02, 6.514522588E+02, 2.408777882E-01,-2.157475497E+04, 3.907781672E-04
       669, 7.230930775E-02, 5.760211963E-03, 2.674879962E+05, 6.573036416E+02, 2.000020914E-02, 6.499576390E+02, 2.398421583E-01,-2.119012131E+04, 3.908370132E-04
       670, 7.215973735E-02, 6.121317856E-03, 2.678479133E+05, 6.585166035E+02, 2.000021510E-02, 6.484563970E+02, 2.405371850E-01,-1.975875151E+04, 3.908816678E-04
       671, 7.200938463E-02, 6.482141092E-03, 2.681858550E+05, 6.598525117E+02, 2.000022134E-02, 6.469463337E+02, 2.427751016E-01,-1.777261489E+04, 3.909104831E-04
       672, 7.185847312E-02, 6.842752453E-03, 2.685444942E+05, 6.611578314E+02, 2.000022773E-02, 6.454250593E+02, 2.462752200E-01,-1.555804947E+04, 3.909222115E-04
       673, 7.170721143E-02, 7.203223649E-03, 2.689626674E+05, 6.623453577E+02, 2.000023411E-02, 6.438908730E+02, 2.507268909E-01,-1.331074311E+04, 3.909160057E-04
       674, 7.155583054E-02, 7.563625462E-03, 2.694803029E+05, 6.633721759E+02, 2.000024044E-02, 6.423429305E+02, 2.557092113E-01,-1.113799531E+04, 3.908914175E-04
       675, 7.140451670E-02, 7.924022153E-03, 2.701318596E+05, 6.642231173E+02, 2.000024662E-02, 6.407807786E+02, 2.602762559E-01,-9.084859877E+03, 3.908524510E-04
       676, 7.125335932E-02, 8.284439333E-03, 2.709123398E+05, 6.648971598E+02, 2.000025203E-02, 6.392041280E+02, 2.637914702E-01,-7.186647368E+03, 3.908145271E-04
       677, 7.110231370E-02, 8.644866757E-03, 2.717974653E+05, 6.653990826E+02, 2.000025728E-02, 6.376169540E+02, 2.663695965E-01,-5.473754204E+03, 3.907812272E-04
       678, 7.095133513E-02, 9.005288593E-03, 2.727602165E+05, 6.657399387E+02, 2.000026238E-02, 6.360200146E+02, 2.681823324E-01,-3.940801620E+03, 3.907525155E-04
       679, 7.080036402E-02, 9.365688078E-03, 2.737790555E+05, 6.659299261E+02, 2.000026733E-02, 6.344145766E+02, 2.694077263E-01,-2.581904665E+03, 3.907283790E-04
       680, 7.064936310E-02, 9.726046585E-03, 2.748363658E+05, 6.659808386E+02, 2.000027221E-02, 6.328016363E+02, 2.701854457E-01,-1.370524624E+03, 3.907088278E-04
       681, 7.049826533E-02, 1.008634828E-02, 2.759185494E+05, 6.658939685E+02, 2.000027707E-02, 6.311819090E+02, 2.706310730E-01,-3.157677162E+02, 3.906938950E-04
       682, 7.034701854E-02, 1.044657640E-02, 2.770153001E+05, 6.656732691E+02, 2.000028196E-02, 6.295559482E+02, 2.708237781E-01, 5.871777776E+02, 3.906836367E-04
       683, 7.019558549E-02, 1.080671325E-02, 2.781186045E+05, 6.653230442E+02, 2.000028691E-02, 6.279241758E+02, 2.708001864E-01, 1.337623783E+03, 3.906781321E-04
       684, 7.004390657E-02, 1.116674300E-02, 2.792207019E+05, 6.648468806E+02, 2.000029199E-02, 6.262869424E+02, 2.705614385E-01, 1.940916573E+03, 3.906774833E-04
       685, 6.989192218E-02, 1.152664702E-02, 2.803123338E+05, 6.642474302E+02, 2.000029714E-02, 6.246444868E+02, 2.701317015E-01, 2.393022141E+03, 3.906818154E-04
       686, 6.973958760E-02, 1.188641135E-02, 2.813843225E+05, 6.635270751E+02, 2.000030234E-02, 6.229969769E+02, 2.696544015E-01, 2.692383674E+03, 3.906911580E-04
       687, 6.958685815E-02, 1.224602014E-02, 2.824331290E+05, 6.626918493E+02, 2.000030770E-02, 6.213446253E+02, 2.693206896E-01, 2.847272829E+03, 3.907025919E-04
       688, 6.943373382E-02, 1.260547061E-02, 2.834622087E+05, 6.617492740E+02, 2.000031324E-02, 6.196870594E+02, 2.691901814E-01, 2.874814451E+03, 3.907128878E-04
       689, 6.928020716E-02, 1.296476182E-02, 2.844770537E+05, 6.607028151E+02, 2.000031888E-02, 6.180237905E+02, 2.692331570E-01, 2.785598437E+03, 3.907218737E-04
       690, 6.912629306E-02, 1.332389563E-02, 2.854823802E+05, 6.595496244E+02, 2.000032466E-02, 6.163547528E+02, 2.694207461E-01, 2.573104048E+03, 3.907295358E-04
       691, 6.897198409E-02, 1.368286926E-02, 2.864818877E+05, 6.582834131E+02, 2.000033056E-02, 6.146796944E+02, 2.697186250E-01, 2.214401322E+03, 3.907358602E-04
       692, 6.881730258E-02, 1.404168457E-02, 2.874781450E+05, 6.569001760E+02, 2.000033657E-02, 6.129984882E+02, 2.700914184E-01, 1.688798168E+03, 3.907408334E-04
       693, 6.866224110E-02, 1.440034062E-02, 2.884724432E+05, 6.553967804E+02, 2.000034270E-02, 6.113110656E+02, 2.705139696E-01, 9.728270565E+02, 3.907444418E-04
       694, 6.850679964E-02, 1.475883927E-02, 2.894652911E+05, 6.537732177E+02, 2.000034893E-02, 6.096174135E+02, 2.709780992E-01, 4.933497326E+01, 3.907466721E-04
       695, 6.835098565E-02, 1.511717867E-02, 2.904569951E+05, 6.520296722E+02, 2.000035528E-02, 6.079175360E+02, 2.714898331E-01,-1.104587261E+03, 3.907475111E-04
       696, 6.819482148E-02, 1.547535975E-02, 2.914482904E+05, 6.501693959E+02, 2.000036175E-02, 6.062114250E+02, 2.720537153E-01,-2.509113610E+03, 3.907469458E-04
       697, 6.803828478E-02, 1.583338156E-02, 2.924400281E+05, 6.481963389E+02, 2.000036835E-02, 6.044990503E+02, 2.726586307E-01,-4.191835799E+03, 3.907449632E-04
       698, 6.788139790E-02, 1.619124599E-02, 2.934324948E+05, 6.461187655E+02, 2.000037509E-02, 6.027803978E+02, 2.732865180E-01,-6.162512310E+03, 3.907418055E-04
       699, 6.772416085E-02, 1.654895023E-02, 2.944253900E+05, 6.439359971E+02, 2.000038197E-02, 6.010554967E+02, 2.739378613E-01,-8.500931068E+03, 3.907386948E-04
       700, 6.756656617E-02, 1.690649986E-02, 2.954186555E+05, 6.416729797E+02, 2.000038904E-02, 5.993244025E+02, 2.746178713E-01,-1.124107561E+04, 3.907359963E-04
       701, 6.740862876E-02, 1.726389304E-02, 2.964125245E+05, 6.393673901E+02, 2.000039631E-02, 5.975871252E+02, 2.753177270E-01,-1.440814443E+04, 3.907337032E-04
       702, 6.725034863E-02, 1.762112975E-02, 2.974070262E+05, 6.370824641E+02, 2.000040383E-02, 5.958436867E+02, 2.760185541E-01,-1.799338325E+04, 3.907318087E-04
       703, 6.709172577E-02, 1.797821373E-02, 2.984022168E+05, 6.349190465E+02, 2.000041164E-02, 5.940941409E+02, 2.766954544E-01,-2.189607042E+04, 3.907303062E-04
       704, 6.693275273E-02, 1.833514497E-02, 2.993981969E+05, 6.330145882E+02, 2.000041979E-02, 5.923385572E+02, 2.773118511E-01,-2.587189663E+04, 3.907291889E-04
       705, 6.677344441E-02, 1.869192161E-02, 3.003950318E+05, 6.315119914E+02, 2.000042832E-02, 5.905770304E+02, 2.778309458E-01,-2.956734956E+04, 3.907284501E-04
       706, 6.661380827E-02, 1.904854923E-02, 3.013930330E+05, 6.305265730E+02, 2.000043726E-02, 5.888096877E+02, 2.782263105E-01,-3.256340376E+04, 3.907280833E-04
       707, 6.645382196E-02, 1.940502413E-02, 3.023928723E+05, 6.300815621E+02, 2.000044659E-02, 5.870366893E+02, 2.784982511E-01,-3.466849565E+04, 3.907280818E-04
       708, 6.629351526E-02, 1.976135187E-02, 3.033959823E+05, 6.301737902E+02, 2.000045631E-02, 5.852581827E+02, 2.786444658E-01,-3.565787238E+04, 3.907284392E-04
       709, 6.613287330E-02, 2.011753060E-02, 3.044038571E+05, 6.307052752E+02, 2.000046637E-02, 5.834743241E+02, 2.786559115E-01,-3.553992778E+04, 3.907291439E-04
       710, 6.597190350E-02, 2.047356032E-02, 3.054165893E+05, 6.315221202E+02, 2.000047669E-02, 5.816852752E+02, 2.785329163E-01,-3.453750375E+04, 3.907299905E-04
       711, 6.581059843E-02, 2.082944103E-02, 3.064330857E+05, 6.324644904E+02, 2.000048721E-02, 5.798912710E+02, 2.783155791E-01,-3.300802858E+04, 3.907307216E-04
       712, 6.564895809E-02, 2.118517086E-02, 3.074525792E+05, 6.334365290E+02, 2.000049792E-02, 5.780925344E+02, 2.780371813E-01,-3.116582389E+04, 3.907313314E-04
       713, 6.548698246E-02, 2.154074796E-02, 3.084741207E+05, 6.343702147E+02, 2.000050879E-02, 5.762891615E+02, 2.777026888E-01,-2.914944902E+04, 3.907318324E-04
       714, 6.532466412E-02, 2.189616673E-02, 3.094959777E+05, 6.352102921E+02, 2.000051978E-02, 5.744813006E+02, 2.773313671E-01,-2.707989072E+04, 3.907322374E-04
       715, 6.516198814E-02, 2.225142904E-02, 3.105171815E+05, 6.359135922E+02, 2.000053089E-02, 5.726691148E+02, 2.769566987E-01,-2.507521305E+04, 3.907325592E-04
       716, 6.499896944E-02, 2.260652930E-02, 3.115374291E+05, 6.364593578E+02, 2.000054213E-02, 5.708526822E+02, 2.765723777E-01,-2.320152414E+04, 3.907328107E-04
       717, 6.483560055E-02, 2.296146750E-02, 3.125549653E+05, 6.368393113E+02, 2.000055349E-02, 5.690320572E+02, 2.761656226E-01,-2.149110171E+04, 3.907330052E-04
       718, 6.467186660E-02, 2.331623994E-02, 3.135677954E+05, 6.370516217E+02, 2.000056495E-02, 5.672073784E+02, 2.757782956E-01,-1.996310160E+04, 3.907331558E-04
       719, 6.450776756E-02, 2.367084660E-02, 3.145761615E+05, 6.370993422E+02, 2.000057652E-02, 5.653787350E+02, 2.754547836E-01,-1.862638819E+04, 3.907332760E-04
       720, 6.434331089E-02, 2.402528375E-02, 3.155813802E+05, 6.369897340E+02, 2.000058823E-02, 5.635460744E+02, 2.751837258E-01,-1.746980288E+04, 3.907333794E-04
       721, 6.417847425E-02, 2.437954769E-02, 3.165839928E+05, 6.367262331E+02, 2.000060006E-02, 5.617093693E+02, 2.749371769E-01,-1.649664062E+04, 3.907334691E-04
       722, 6.401327252E-02, 2.473363839E-02, 3.175840040E+05, 6.363176859E+02, 2.000061203E-02, 5.598687010E+02, 2.747046667E-01,-1.569085329E+04, 3.907334920E-04
       723, 6.384769082E-02, 2.508755215E-02, 3.185814668E+05, 6.357706284E+02, 2.000062415E-02, 5.580241651E+02, 2.744806434E-01,-1.503042632E+04, 3.907334351E-04
       724, 6.368172914E-02, 2.544128895E-02, 3.195762661E+05, 6.350820468E+02, 2.000063642E-02, 5.561758404E+02, 2.742478927E-01,-1.451689073E+04, 3.907333109E-04
       725, 6.351538748E-02, 2.579484321E-02, 3.205673171E+05, 6.342412395E+02, 2.000064884E-02, 5.543238207E+02, 2.739941541E-01,-1.419994429E+04, 3.907331319E-04
       726, 6.334865093E-02, 2.614821866E-02, 3.215531025E+05, 6.332543713E+02, 2.000066141E-02, 5.524682343E+02, 2.737306674E-01,-1.407556088E+04, 3.907329108E-04
       727, 6.318153441E-02, 2.650140598E-02, 3.225327155E+05, 6.321246275E+02, 2.000067415E-02, 5.506091975E+02, 2.734824654E-01,-1.415350236E+04, 3.907326606E-04
       728, 6.301401556E-02, 2.685440890E-02, 3.235060496E+05, 6.308589946E+02, 2.000068706E-02, 5.487467613E+02, 2.732567745E-01,-1.442975821E+04, 3.907323941E-04
       729, 6.284610927E-02, 2.720722184E-02, 3.244729271E+05, 6.294649193E+02, 2.000070018E-02, 5.468809472E+02, 2.730435745E-01,-1.488460493E+04, 3.907321245E-04
       730, 6.267779320E-02, 2.755984478E-02, 3.254327744E+05, 6.279366910E+02, 2.000071347E-02, 5.450118078E+02, 2.728461896E-01,-1.554931605E+04, 3.907318648E-04
       731, 6.250907481E-02, 2.791227400E-02, 3.263852909E+05, 6.262760144E+02, 2.000072695E-02, 5.431394038E+02, 2.726762976E-01,-1.644264353E+04, 3.907316285E-04
       732, 6.233995780E-02, 2.826450765E-02, 3.273303965E+05, 6.244862487E+02, 2.000074061E-02, 5.412637426E+02, 2.725423736E-01,-1.758674299E+04, 3.907314296E-04
       733, 6.217042729E-02, 2.861654572E-02, 3.282680700E+05, 6.225767311E+02, 2.000075450E-02, 5.393848474E+02, 2.724555292E-01,-1.899238029E+04, 3.907313138E-04
       734, 6.200049073E-02, 2.896838821E-02, 3.291988254E+05, 6.205602653E+02, 2.000076864E-02, 5.375027333E+02, 2.724192192E-01,-2.066408282E+04, 3.907313286E-04
       735, 6.183015555E-02, 2.932003699E-02, 3.301234991E+05, 6.184532189E+02, 2.000078302E-02, 5.356173628E+02, 2.724249763E-01,-2.259919135E+04, 3.907314592E-04
       736, 6.165942177E-02, 2.967149206E-02, 3.310428614E+05, 6.162733078E+02, 2.000079768E-02, 5.337287995E+02, 2.724575506E-01,-2.479265401E+04, 3.907316856E-04
       737, 6.148830056E-02, 3.002276085E-02, 3.319571826E+05, 6.140351006E+02, 2.000081266E-02, 5.318370818E+02, 2.724997151E-01,-2.726831294E+04, 3.907319881E-04
       738, 6.131679565E-02, 3.037384152E-02, 3.328663438E+05, 6.117657903E+02, 2.000082800E-02, 5.299423052E+02, 2.725426999E-01,-3.003126818E+04, 3.907323474E-04
       739, 6.114491075E-02, 3.072473779E-02, 3.337702726E+05, 6.095066016E+02, 2.000084375E-02, 5.280445777E+02, 2.725826266E-01,-3.306573137E+04, 3.907327442E-04
       740, 6.097265705E-02, 3.107544966E-02, 3.346690912E+05, 6.073149252E+02, 2.000085999E-02, 5.261439977E+02, 2.726110067E-01,-3.631273526E+04, 3.907331596E-04
       741, 6.080003083E-02, 3.142598271E-02, 3.355631403E+05, 6.052629960E+02, 2.000087680E-02, 5.242406756E+02, 2.726152309E-01,-3.965436570E+04, 3.907335752E-04
       742, 6.062704325E-02, 3.177633509E-02, 3.364531926E+05, 6.034235043E+02, 2.000089425E-02, 5.223347388E+02, 2.725770043E-01,-4.292888604E+04, 3.907339724E-04
       743, 6.045369804E-02, 3.212651610E-02, 3.373402399E+05, 6.018472244E+02, 2.000091243E-02, 5.204263508E+02, 2.724639501E-01,-4.601735471E+04, 3.907343332E-04
       744, 6.028000265E-02, 3.247651830E-02, 3.382247995E+05, 6.005731401E+02, 2.000093143E-02, 5.185157468E+02, 2.722204488E-01,-4.885996638E+04, 3.907346243E-04
       745, 6.010595337E-02, 3.282634914E-02, 3.391063027E+05, 5.996795344E+02, 2.000095117E-02, 5.166031192E+02, 2.717920766E-01,-5.120215800E+04, 3.907347214E-04
       746, 5.993153900E-02, 3.317599371E-02, 3.399831829E+05, 5.991971788E+02, 2.000097175E-02, 5.146889480E+02, 2.711705974E-01,-5.283037683E+04, 3.907346026E-04
       747, 5.975674838E-02, 3.352545574E-02, 3.408536671E+05, 5.990868886E+02, 2.000099316E-02, 5.127735408E+02, 2.703844009E-01,-5.372733035E+04, 3.907343124E-04
       748, 5.958157405E-02, 3.387472034E-02, 3.417167358E+05, 5.992932159E+02, 2.000101530E-02, 5.108571607E+02, 2.694721702E-01,-5.392191613E+04, 3.907338974E-04
       749, 5.940599367E-02, 3.422378376E-02, 3.425720394E+05, 5.997416138E+02, 2.000103813E-02, 5.089400337E+02, 2.684604822E-01,-5.350196180E+04, 3.907334059E-04
       750, 5.923000351E-02, 3.457263857E-02, 3.434191450E+05, 6.003505928E+02, 2.000106158E-02, 5.070223271E+02, 2.673645846E-01,-5.259616014E+04, 3.907328873E-04
       751, 5.905358866E-02, 3.492127731E-02, 3.442574501E+05, 6.010454193E+02, 2.000108557E-02, 5.051042231E+02, 2.662021182E-01,-5.134014938E+04, 3.907323930E-04
       752, 5.887673423E-02, 3.526969627E-02, 3.450862970E+05, 6.017655225E+02, 2.000111008E-02, 5.031858880E+02, 2.649890194E-01,-4.984751313E+04, 3.907319757E-04
       753, 5.869942904E-02, 3.561788425E-02, 3.459048756E+05, 6.024622831E+02, 2.000113505E-02, 5.012674558E+02, 2.637390919E-01,-4.820772063E+04, 3.907316897E-04
       754, 5.852166191E-02, 3.596583381E-02, 3.467122885E+05, 6.030944747E+02, 2.000116043E-02, 4.993490306E+02, 2.624691927E-01,-4.649772917E+04, 3.907315909E-04
       755, 5.834342167E-02, 3.631354123E-02, 3.475076093E+05, 6.036254095E+02, 2.000118616E-02, 4.974306515E+02, 2.612114789E-01,-4.479803706E+04, 3.907317362E-04
       756, 5.816469342E-02, 3.666100278E-02, 3.482903929E+05, 6.040264037E+02, 2.000121224E-02, 4.955123279E+02, 2.600151279E-01,-4.318739783E+04, 3.907320996E-04
       757, 5.798548087E-02, 3.700821102E-02, 3.490613170E+05, 6.042826678E+02, 2.000123877E-02, 4.935939958E+02, 2.589052045E-01,-4.171450346E+04, 3.907325264E-04
       758, 5.780578777E-02, 3.735516965E-02, 3.498217907E+05, 6.043945143E+02, 2.000126557E-02, 4.916754654E+02, 2.578702741E-01,-4.037719575E+04, 3.907329743E-04
       759, 5.762561783E-02, 3.770188615E-02, 3.505728970E+05, 6.043624560E+02, 2.000129269E-02, 4.897568601E+02, 2.568872233E-01,-3.914942531E+04, 3.907334204E-04
       760, 5.744497478E-02, 3.804835677E-02, 3.513149802E+05, 6.041646036E+02, 2.000132011E-02, 4.878381536E+02, 2.559460232E-01,-3.809166789E+04, 3.907338418E-04
       761, 5.726386607E-02, 3.839458153E-02, 3.520481754E+05, 6.037950773E+02, 2.000134780E-02, 4.859193908E+02, 2.550509749E-01,-3.723816966E+04, 3.907342158E-04
       762, 5.708229914E-02, 3.874056786E-02, 3.527727664E+05, 6.032570892E+02, 2.000137580E-02, 4.840005982E+02, 2.542056870E-01,-3.659968126E+04, 3.907345200E-04
       763, 5.690027401E-02, 3.908631578E-02, 3.534890651E+05, 6.025589638E+02, 2.000140410E-02, 4.820817823E+02, 2.534070684E-01,-3.616941930E+04, 3.907347324E-04
       764, 5.671780184E-02, 3.943182528E-02, 3.541973440E+05, 6.017091162E+02, 2.000143272E-02, 4.801629614E+02, 2.526546358E-01,-3.593777536E+04, 3.907348311E-04
       765, 5.653488263E-02, 3.977710009E-02, 3.548980503E+05, 6.007164852E+02, 2.000146165E-02, 4.782441665E+02, 2.519484124E-01,-3.587783329E+04, 3.907347943E-04
       766, 5.635152385E-02, 4.012214020E-02, 3.555917117E+05, 5.995733328E+02, 2.000149092E-02, 4.763254375E+02, 2.512848195E-01,-3.602373910E+04, 3.907346007E-04
       767, 5.616773292E-02, 4.046695307E-02, 3.562787734E+05, 5.982834728E+02, 2.000152056E-02, 4.744068397E+02, 2.506445636E-01,-3.638037510E+04, 3.907342427E-04
       768, 5.598350987E-02, 4.081153125E-02, 3.569592209E+05, 5.968488861E+02, 2.000155053E-02, 4.724884261E+02, 2.500079946E-01,-3.696143888E+04, 3.907338504E-04
       769, 5.579885468E-02, 4.115587845E-02, 3.576324881E+05, 5.952754140E+02, 2.000158087E-02, 4.705703624E+02, 2.493767412E-01,-3.778227894E+04, 3.907335178E-04
       770, 5.561376736E-02, 4.149999097E-02, 3.582981582E+05, 5.935748117E+02, 2.000161166E-02, 4.686527628E+02, 2.487646155E-01,-3.884376173E+04, 3.907332574E-04
       771, 5.542823672E-02, 4.184386879E-02, 3.589562058E+05, 5.917612557E+02, 2.000164292E-02, 4.667356857E+02, 2.481770116E-01,-4.013425598E+04, 3.907330808E-04
       772, 5.524227023E-02, 4.218750820E-02, 3.596067026E+05, 5.898427690E+02, 2.000167471E-02, 4.648191910E+02, 2.476124822E-01,-4.167007952E+04, 3.907329995E-04
       773, 5.505585670E-02, 4.253090918E-02, 3.602497247E+05, 5.878349221E+02, 2.000170706E-02, 4.629033468E+02, 2.470691099E-01,-4.346081227E+04, 3.907330251E-04
       774, 5.486900359E-02, 4.287406430E-02, 3.608854784E+05, 5.857644538E+02, 2.000174007E-02, 4.609882324E+02, 2.465414719E-01,-4.547684971E+04, 3.907331693E-04
       775, 5.468170345E-02, 4.321698099E-02, 3.615141962E+05, 5.836508103E+02, 2.000177382E-02, 4.590739340E+02, 2.460174700E-01,-4.771429605E+04, 3.907334440E-04
       776, 5.449395254E-02, 4.355964810E-02, 3.621358638E+05, 5.815173920E+02, 2.000180841E-02, 4.571605552E+02, 2.454828816E-01,-5.017932147E+04, 3.907338609E-04
       777, 5.430575088E-02, 4.390207306E-02, 3.627503244E+05, 5.794059958E+02, 2.000184396E-02, 4.552482300E+02, 2.449281985E-01,-5.281853334E+04, 3.907344321E-04
       778, 5.411709473E-02, 4.424424469E-02, 3.633575397E+05, 5.773501359E+02, 2.000188063E-02, 4.533371225E+02, 2.443459755E-01,-5.561966558E+04, 3.907351690E-04
       779, 5.392797664E-02, 4.458616674E-02, 3.639574909E+05, 5.754044000E+02, 2.000191857E-02, 4.514273768E+02, 2.437134040E-01,-5.851421496E+04, 3.907359373E-04
       780, 5.373839661E-02, 4.492782801E-02, 3.645499601E+05, 5.736352882E+02, 2.000195783E-02, 4.495191388E+02, 2.430111056E-01,-6.136332522E+04, 3.907363917E-04
       781, 5.354834348E-02, 4.526922852E-02, 3.651346913E+05, 5.720853928E+02, 2.000199869E-02, 4.476126718E+02, 2.422303748E-01,-6.406310703E+04, 3.907365261E-04
       782, 5.335779861E-02, 4.561035708E-02, 3.657113743E+05, 5.707727331E+02, 2.000204121E-02, 4.457081267E+02, 2.413639724E-01,-6.661347435E+04, 3.907363970E-04
       783, 5.316676199E-02, 4.595120624E-02, 3.662796955E+05, 5.697571613E+02, 2.000208551E-02, 4.438056983E+02, 2.403975464E-01,-6.883506153E+04, 3.907360624E-04
       784, 5.297521129E-02, 4.629177228E-02, 3.668393670E+05, 5.690413783E+02, 2.000213164E-02, 4.419055951E+02, 2.393309041E-01,-7.068956991E+04, 3.907355815E-04
       785, 5.278313905E-02, 4.663204029E-02, 3.673900563E+05, 5.686235033E+02, 2.000217966E-02, 4.400080092E+02, 2.381657584E-01,-7.218814269E+04, 3.907350150E-04
       786, 5.259053782E-02, 4.697200656E-02, 3.679314183E+05, 5.685341916E+02, 2.000222959E-02, 4.381131042E+02, 2.369003818E-01,-7.318998146E+04, 3.907344250E-04
       787, 5.239739269E-02, 4.731166735E-02, 3.684632480E+05, 5.687570467E+02, 2.000228140E-02, 4.362210381E+02, 2.355445213E-01,-7.362721995E+04, 3.907338748E-04
       788, 5.220369250E-02, 4.765100777E-02, 3.689853579E+05, 5.692305562E+02, 2.000233498E-02, 4.343319376E+02, 2.341127217E-01,-7.357387697E+04, 3.907334292E-04
       789, 5.200942978E-02, 4.799002782E-02, 3.694973687E+05, 5.698957772E+02, 2.000239017E-02, 4.324458861E+02, 2.326231066E-01,-7.312031964E+04, 3.907331544E-04
       790, 5.181458965E-02, 4.832871631E-02, 3.699988698E+05, 5.707002623E+02, 2.000244676E-02, 4.305629149E+02, 2.311183727E-01,-7.236849387E+04, 3.907331148E-04
       791, 5.161917210E-02, 4.866706952E-02, 3.704899723E+05, 5.716115225E+02, 2.000250498E-02, 4.286830863E+02, 2.296431011E-01,-7.136105822E+04, 3.907333072E-04
       792, 5.142317340E-02, 4.900509119E-02, 3.709715284E+05, 5.725947958E+02, 2.000256458E-02, 4.268062232E+02, 2.282124204E-01,-7.012406339E+04, 3.907336694E-04
       793, 5.122660473E-02, 4.934277758E-02, 3.714445567E+05, 5.736038640E+02, 2.000262529E-02, 4.249322116E+02, 2.268227821E-01,-6.872974185E+04, 3.907341569E-04
       794, 5.102947727E-02, 4.968014359E-02, 3.719097275E+05, 5.746024201E+02, 2.000268712E-02, 4.230610373E+02, 2.254700332E-01,-6.723501876E+04, 3.907347267E-04
       795, 5.083179474E-02, 5.001718178E-02, 3.723675551E+05, 5.755578448E+02, 2.000274995E-02, 4.211926643E+02, 2.241580664E-01,-6.569214446E+04, 3.907353363E-04
       796, 5.063356832E-02, 5.035389960E-02, 3.728185637E+05, 5.764407438E+02, 2.000281371E-02, 4.193270840E+02, 2.228900966E-01,-6.415828123E+04, 3.907359438E-04
       797, 5.043480173E-02, 5.069030449E-02, 3.732631958E+05, 5.772307335E+02, 2.000287837E-02, 4.174642787E+02, 2.216629554E-01,-6.267816499E+04, 3.907365078E-04
       798, 5.023550615E-02, 5.102639273E-02, 3.737017566E+05, 5.779173060E+02, 2.000294389E-02, 4.156042501E+02, 2.204738401E-01,-6.127595025E+04, 3.907369877E-04
       799, 5.003568903E-02, 5.136217549E-02, 3.741345255E+05, 5.784963551E+02, 2.000301024E-02, 4.137470224E+02, 2.193241352E-01,-5.995536256E+04, 3.907373433E-04
       800, 4.983535409E-02, 5.169764906E-02, 3.745618653E+05, 5.789603022E+02, 2.000307743E-02, 4.118926283E+02, 2.182144212E-01,-5.872979084E+04, 3.907375348E-04
       801, 4.963451996E-02, 5.203281716E-02, 3.749841387E+05, 5.793020201E+02, 2.000314553E-02, 4.100411092E+02, 2.171353008E-01,-5.761233224E+04, 3.907375233E-04
       802, 4.943318292E-02, 5.236769095E-02, 3.754015386E+05, 5.795146047E+02, 2.000321449E-02, 4.081925299E+02, 2.160712772E-01,-5.661785481E+04, 3.907373002E-04
       803, 4.923134670E-02, 5.270226300E-02, 3.758140855E+05, 5.795930210E+02, 2.000328409E-02, 4.063469588E+02, 2.150191879E-01,-5.577063886E+04, 3.907369540E-04
       804, 4.902900755E-02, 5.303652585E-02, 3.762217137E+05, 5.795382554E+02, 2.000335476E-02, 4.045046005E+02, 2.139777786E-01,-5.508921534E+04, 3.907365334E-04
       805, 4.882615805E-02, 5.337048322E-02, 3.766242139E+05, 5.793591770E+02, 2.000342648E-02, 4.026654854E+02, 2.129371630E-01,-5.456928690E+04, 3.907360711E-04
       806, 4.862279445E-02, 5.370412767E-02, 3.770212728E+05, 5.790679980E+02, 2.000349928E-02, 4.008297399E+02, 2.118946358E-01,-5.419575444E+04, 3.907356000E-04
       807, 4.841890931E-02, 5.403745174E-02, 3.774125924E+05, 5.786750817E+02, 2.000357325E-02, 3.989974866E+02, 2.108563758E-01,-5.395678578E+04, 3.907351535E-04
       808, 4.821449891E-02, 5.437045172E-02, 3.777980182E+05, 5.781884790E+02, 2.000364847E-02, 3.971688164E+02, 2.098291417E-01,-5.384021371E+04, 3.907347655E-04
       809, 4.800955579E-02, 5.470312759E-02, 3.781774776E+05, 5.776069387E+02, 2.000372502E-02, 3.953437954E+02, 2.088180333E-01,-5.386938856E+04, 3.907344701E-04
       810, 4.780407250E-02, 5.503546819E-02, 3.785509704E+05, 5.769389247E+02, 2.000380300E-02, 3.935224825E+02, 2.078233759E-01,-5.405587399E+04, 3.907343018E-04
       811, 4.759805277E-02, 5.536747351E-02, 3.789184951E+05, 5.762042082E+02, 2.000388254E-02, 3.917049313E+02, 2.068404517E-01,-5.437795048E+04, 3.907342958E-04
       812, 4.739148170E-02, 5.569913983E-02, 3.792800168E+05, 5.754212945E+02, 2.000396374E-02, 3.898912017E+02, 2.058660809E-01,-5.481052216E+04, 3.907344874E-04
       813, 4.718435183E-02, 5.603045598E-02, 3.796354935E+05, 5.746048037E+02, 2.000404669E-02, 3.880813541E+02, 2.049025627E-01,-5.533890693E+04, 3.907349026E-04
       814, 4.697666690E-02, 5.636142567E-02, 3.799849446E+05, 5.737685080E+02, 2.000413152E-02, 3.862754558E+02, 2.039586148E-01,-5.595459653E+04, 3.907353784E-04
       815, 4.676841944E-02, 5.669204146E-02, 3.803286445E+05, 5.729296033E+02, 2.000421837E-02, 3.844735435E+02, 2.030376405E-01,-5.663624588E+04, 3.907357584E-04
       816, 4.655960575E-02, 5.702229962E-02, 3.806669582E+05, 5.721016669E+02, 2.000430736E-02, 3.826756393E+02, 2.021277050E-01,-5.737192420E+04, 3.907360571E-04
       817, 4.635022208E-02, 5.735220015E-02, 3.810000323E+05, 5.713017072E+02, 2.000439861E-02, 3.808818097E+02, 2.012155957E-01,-5.814571848E+04, 3.907362962E-04
       818, 4.614026845E-02, 5.768173561E-02, 3.813279743E+05, 5.705543393E+02, 2.000449224E-02, 3.790921587E+02, 2.002914587E-01,-5.891273482E+04, 3.907364975E-04
       819, 4.592974111E-02, 5.801090598E-02, 3.816507388E+05, 5.698766641E+02, 2.000458835E-02, 3.773067963E+02, 1.993538253E-01,-5.963757929E+04, 3.907366827E-04
