cellnumber,    x-coordinate,    y-coordinate,     temperature
1,0.0593851186731,0.0562720838182,633.418328561
2,0.0597498263543,0.0561026630384,635.202132104
3,0.059630197562,0.0565169564412,636.047747363
4,0.0601498913933,0.0561064799147,637.891828333
5,0.0600194584284,0.056564490013,638.756747399
6,0.0594153896043,0.0569974475374,636.251182351
7,0.0605745397277,0.0561405462691,640.94391208
8,0.0604541962146,0.0565648761089,641.757840284
9,0.0598580965939,0.057021428568,639.252460261
10,0.0610256187528,0.0561950385046,644.381911753
11,0.0609051868178,0.0565815546019,645.02970372
12,0.0603287075854,0.0569654226813,642.342792247
13,0.0597967860053,0.0574355288248,640.199460725
14,0.060784483113,0.0569590720484,645.572655337
15,0.0602374413674,0.0573403845148,642.96414806
16,0.0598835903337,0.057754649956,641.754660118
17,0.0606765059762,0.0573217946822,646.090226478
18,0.0602024442359,0.0576543104592,643.845264463
19,0.0601206814105,0.0579383993377,644.130586765
20,0.0605764793542,0.0576745042872,646.540597791
21,0.0604587654314,0.0580335652254,646.796051558
22,0.0599509168304,0.0582386483859,643.776040873
23,0.0603200877278,0.0583904659496,646.865473678
24,0.0597562025524,0.0585319692552,643.182653165
25,0.0601710976978,0.0587375492304,646.747558331
26,0.0595509151196,0.0588425093087,642.509001814
27,0.0600197536427,0.0590883338561,646.553993392
28,0.0593615980831,0.0591955336554,641.988780443
29,0.0598729145189,0.0594495349456,646.356716927
30,0.0591907641697,0.0595854208392,641.623802535
31,0.0597330192486,0.0598216052822,646.182049547
32,0.059046321437,0.0600042252895,641.441842086
33,0.0596028050892,0.0602027545636,646.050284149
34,0.0589402438939,0.0604407619761,641.529804459
35,0.0594859324256,0.0605896638601,645.995500164
36,0.0588869671535,0.0608876306145,641.994448972
37,0.059383406571,0.0609805433179,646.018648398
38,0.0588482124644,0.061326829408,642.605327317
39,0.0592842745843,0.0613758955245,646.052402528
40,0.0587411147171,0.0617266938529,642.555879393
41,0.0584106806415,0.0613081728662,639.135648808
42,0.0591665001173,0.0617614417342,645.946443084
43,0.0585775143758,0.0620926299253,641.986667382
44,0.0583424508359,0.0616826196598,639.356298543
45,0.0579903649406,0.0614379615068,635.846509256
46,0.0590323521074,0.0621307081676,645.660832205
47,0.0584379254688,0.0624461910883,641.563372603
48,0.0581228108853,0.0620336687214,638.196315554
49,0.0576161337403,0.061826009968,633.534107336
50,0.058908387629,0.0624895227859,645.451777597
51,0.0579368060979,0.0624155912,637.413043233
52,0.0583916713075,0.0627882977683,641.927597417
53,0.0573496259604,0.0623366523648,632.301409403
54,0.0569137042237,0.0615447366314,627.452571576
55,0.0588095524702,0.0628433023618,645.422981706
56,0.057881893793,0.0628264430899,637.742983606
57,0.058395248485,0.0631092365698,642.740567625
58,0.0572495460536,0.0628481117464,632.650815074
59,0.0566395974002,0.0622401601076,626.022732744
60,0.0587168470875,0.0632030846319,645.45654407
61,0.0580156567035,0.0631727697758,639.467614688
62,0.0582806261967,0.0634034354182,642.419284834
63,0.0570541393542,0.0633801317514,632.164969363
64,0.0565364915539,0.062887566365,626.299701085
65,0.0558591459242,0.0621820046645,618.988208766
66,0.0585886109433,0.0635649887551,645.236882343
67,0.0576268445442,0.0635067462086,637.170013865
68,0.0580524929577,0.0637282091733,641.24814337
69,0.0568036196721,0.0639390658942,631.283831466
70,0.0565477616107,0.0633394940964,627.640487128
71,0.0557638084338,0.0630430886808,619.449503715
72,0.0549445044841,0.0621256199786,609.659645637
73,0.0584309012695,0.0639233006686,644.830586235
74,0.0573722248298,0.0639750652778,636.285857336
75,0.0578489343914,0.0641192515789,640.586565281
76,0.0566759657285,0.0644603610339,631.683797369
77,0.0562705962983,0.0640421392081,626.983153349
78,0.0559707424077,0.063716622481,623.212276314
79,0.0548967453635,0.0630999076009,611.36420888
80,0.0582805388928,0.0642911613461,644.529786216
81,0.0572260554972,0.0644341761803,636.335509031
82,0.057689902652,0.0645388576484,640.392464836
83,0.0566314053639,0.064914849617,632.733047159
84,0.0560241714741,0.0645664187206,626.114251852
85,0.0553469208401,0.0644254444102,619.359771865
86,0.0545727161315,0.0641172989406,611.234044463
87,0.0581437389591,0.0646718568764,644.430238396
88,0.0570968672954,0.064900443562,636.522362206
89,0.057548799391,0.0649611835481,640.441175489
90,0.0564997025922,0.065400865976,633.072070002
91,0.056107552283,0.0651489479734,628.712749615
92,0.054915073857,0.0652993438314,619.043841786
93,0.0540407891539,0.0649743742526,609.224316989
94,0.0580132164646,0.0650560500611,644.44326634
95,0.0569420242629,0.065373535265,636.685245577
96,0.0574159033967,0.0653738010098,640.568419058
97,0.0562488876845,0.0659285622007,632.850849362
98,0.0556361841218,0.0656899713936,626.478051768
99,0.0545274750594,0.066157270194,619.200358758
100,0.0536121229074,0.0659219321276,609.954439305
101,0.0578867513875,0.065437070998,644.547598196
102,0.0567989032289,0.0658347759387,636.955240717
103,0.0573049741015,0.0657670809536,640.894298943
104,0.0559596079124,0.0664742774096,632.463892483
105,0.0552652916788,0.0663772781962,626.17226585
106,0.0542069917805,0.0670526893252,620.883545373
107,0.0526597916958,0.0658887868456,601.971748555
108,0.0533269175992,0.066894355587,613.42014157
109,0.0577710872074,0.0658091937646,644.76594944
110,0.0568343774089,0.0662290136852,638.428324801
111,0.0572464793942,0.0661251764307,641.641931929
112,0.0564876996363,0.0665854640784,636.886580863
113,0.0556981021845,0.0670417901996,632.392523498
114,0.0549824853064,0.0671115657242,626.906960802
115,0.0538560646724,0.0679126868159,622.0725283
116,0.0517771787696,0.0660098752447,596.242048715
117,0.0524141006838,0.0668751503875,606.672834557
118,0.0530801398849,0.0676652642441,615.590676081
119,0.0576619172229,0.0661781877871,645.044726757
120,0.0571290963449,0.0664480052968,641.756940624
121,0.0569319573702,0.0667781371966,641.264163474
122,0.0562784347423,0.0670541065396,637.043977256
123,0.0556634499703,0.0675577424369,634.03818731
124,0.0550547860832,0.0677902487769,630.154395057
125,0.0545551798474,0.0682875297363,628.416097944
126,0.0533600887256,0.0686646270556,621.637734257
127,0.0507852235192,0.0659772974578,591.017624528
128,0.0515092622173,0.0669350344966,601.775028211
129,0.0522804370681,0.0677127089717,610.437576956
130,0.0525956223952,0.0683131313722,615.349669996
131,0.0575360777118,0.0665451216491,645.236497692
132,0.0573899876487,0.0669062356256,645.287416501
133,0.0567762803056,0.0671496959348,641.294270424
134,0.0562021446016,0.0674936034234,638.077228648
135,0.0558116390679,0.0679904076097,636.755605297
136,0.0554542275288,0.0682949833427,635.190480148
137,0.0551789277037,0.0687542269091,634.956516028
138,0.0542533472028,0.0689252241504,628.715519068
139,0.052705502044,0.0693572706164,620.124050337
140,0.0498090707584,0.0656714139722,587.528569288
141,0.0505010212448,0.0668924549343,597.641777154
142,0.0513434777917,0.0680575921696,607.238583778
143,0.0517872473856,0.0689155177387,612.919214193
144,0.0572528500468,0.067269835024,645.444430883
145,0.0566808008731,0.0675461039441,641.973141901
146,0.0562010973043,0.0679023224345,639.58828502
147,0.0561001494776,0.068254550491,640.109891089
148,0.0558938690007,0.0686079161037,639.760063079
149,0.055746066232,0.0690412480772,640.102090147
150,0.0550065212116,0.0692845586771,635.767540474
151,0.0542180154464,0.0695166740954,630.562142287
152,0.0535563761484,0.0697391280488,626.605811692
153,0.0522137411892,0.0701014815599,619.46062823
154,0.0489604514157,0.0650990080525,586.353306039
155,0.0494571275879,0.0665626776145,594.303337902
156,0.0502337157139,0.068136188344,603.22582916
157,0.0511177200879,0.0698535377053,612.321816739
158,0.057135247573,0.0676441145736,645.799474285
159,0.0566066933104,0.0679558564048,642.834709989
160,0.0564844571107,0.0683526225853,643.328021354
161,0.0563285118583,0.068729866701,643.444007087
162,0.0562149010566,0.0691054245226,643.894567958
163,0.055784315143,0.0694710324644,641.747027408
164,0.0554897673146,0.069718355928,640.52413507
165,0.054863516738,0.0697731570547,636.309090548
166,0.0541699413348,0.0700499533512,632.49133876
167,0.0531807276311,0.0703297233517,626.383398215
168,0.0520929983538,0.0709106407617,620.855101495
169,0.0482933042063,0.0644212890202,587.815120493
170,0.0485131612842,0.0660043279888,593.000173425
171,0.0490723770626,0.067756274301,599.13835305
172,0.0499173552536,0.0694953582062,606.18558005
173,0.0510757291449,0.0709933767017,614.615757226
174,0.0570215385743,0.0680275183466,646.241267167
175,0.0568962709308,0.0684083009596,646.619793076
176,0.0567633566267,0.0687793484015,646.910153684
177,0.0566454176172,0.0691432221927,647.283944273
178,0.056162151821,0.0694475434512,644.757314543
179,0.0560513234744,0.0697398374554,644.935763866
180,0.055862744335,0.0700287377151,644.452483314
181,0.0552785824433,0.0701193859177,640.460377224
182,0.0546426224471,0.0702614473522,636.261961016
183,0.053876517646,0.0705703774423,631.898662413
184,0.0529363184751,0.0710168415051,626.753664475
185,0.0521299424406,0.0717541670163,623.288087203
186,0.0475504604869,0.0638060484128,592.570014165
187,0.0477114731425,0.0654223316595,594.242150027
188,0.0480281877863,0.0671697898302,597.465343912
189,0.0486788676879,0.0689972061736,601.16325817
190,0.049332583154,0.0708458977407,605.373696258
191,0.0501506742113,0.0716615031862,610.360161271
192,0.0514528300973,0.0718907008676,618.671857002
193,0.0565385174072,0.0695047245962,647.709947365
194,0.0564116729512,0.0698634833541,647.966643565
195,0.0562636895942,0.0702140972975,648.032504093
196,0.0556799753395,0.0703677010322,644.161805152
197,0.0550572640161,0.0705251607553,640.116255396
198,0.054365615574,0.0707795367128,635.964895075
199,0.0536017214975,0.0711542837549,631.662554686
200,0.0528170758494,0.0717954222401,627.834087975
201,0.0519558141426,0.0725015637639,623.683201889
202,0.0469602109977,0.0648311273563,597.135245895
203,0.0467019418509,0.0632471355934,599.203527616
204,0.0471107503477,0.0665081918187,597.997363831
205,0.0475217419706,0.0683191564133,598.953303435
206,0.0482796610237,0.0703114997857,600.675590806
207,0.0486686731139,0.0721442291415,601.540525671
208,0.0494765730895,0.0728127039434,606.603252329
209,0.0508164420546,0.0725414440328,615.721298522
210,0.0561150428339,0.0705674410547,648.051239471
211,0.0554990631491,0.0707477630448,644.051934054
212,0.0548430445857,0.0709634165548,639.925742477
213,0.0541609747636,0.0712917958155,636.024855353
214,0.0534729066467,0.0717666925498,632.421270385
215,0.0529457086186,0.0725525150191,630.49568802
216,0.0524752280285,0.0730364083481,628.233261565
217,0.0515277669879,0.0732255239887,621.627554971
218,0.0462514855003,0.0642086233113,601.065700451
219,0.0462905789882,0.0658229188773,600.295864561
220,0.0464793340572,0.0675307985481,599.430840389
221,0.0468059956682,0.0693373505519,597.958575744
222,0.0477625372606,0.0716164335042,597.172805067
223,0.0473900833644,0.070104468662,598.19054899
224,0.0480242461267,0.073418434444,595.368646507
225,0.0488405170673,0.0740121310535,601.405243015
226,0.0502659638043,0.0735341244063,612.695116241
227,0.0559705321166,0.0709344176855,648.122330727
228,0.0553310071072,0.0711446139491,644.045420408
229,0.054685699415,0.0714261432425,640.186263427
230,0.0540589904556,0.0718200561098,636.783206572
231,0.0534896717132,0.072345209084,633.927003736
232,0.0532609916545,0.0731337620227,634.250540724
233,0.0528967716674,0.073554413394,632.480084541
234,0.0521411553228,0.0737255612142,627.17560884
235,0.0511584447463,0.0740635730498,619.927610525
236,0.0455970107822,0.0651006448259,603.555694362
237,0.0455571612672,0.0668339478576,601.867875186
238,0.0458509712679,0.0685736723844,598.862166561
239,0.0460146488996,0.0703184413181,594.804600078
240,0.0471442837931,0.072855542783,590.331044743
241,0.0468322778304,0.0710415931116,594.685103603
242,0.047311777272,0.0746212831623,585.865760589
243,0.0496912179198,0.074620435629,608.851390198
244,0.0481520710922,0.0752186283361,593.843857061
245,0.0558305920643,0.0713104499636,648.234434972
246,0.0551868575421,0.0715584274804,644.213895723
247,0.0545724405747,0.0719081728638,640.726859608
248,0.0539787950351,0.072364212889,637.765509309
249,0.0536940058701,0.0727928293025,636.692958625
250,0.0536170603519,0.0735384124104,637.824473443
251,0.0533121836787,0.0739421765376,636.470340908
252,0.0526165745744,0.0740903595013,631.482544965
253,0.0519207503382,0.0744206458883,626.830396386
254,0.0511195647929,0.0749367155131,620.819798894
255,0.0448478742545,0.0661073893859,604.998309744
256,0.0448999841976,0.0679755903749,601.185984161
257,0.0451961085359,0.0696335646098,596.337104518
258,0.0452838561451,0.0713899489462,589.022051532
259,0.0466067179643,0.0739505622142,581.028542801
260,0.0461614951383,0.072215429661,587.258869496
261,0.0491473353944,0.0756562973658,604.460236918
262,0.0504494699228,0.0753432979526,615.944012126
263,0.0556963133764,0.0716916099166,648.37216701
264,0.0550636946668,0.0719851568641,644.514920446
265,0.0544593770785,0.0724209391286,641.206406729
266,0.0539899604435,0.0731628842733,639.64907625
267,0.053986046104,0.0738448136399,641.309342512
268,0.0537431696695,0.0742268131203,640.368880677
269,0.0530739953281,0.0744115879241,635.659357638
270,0.0524373237871,0.0747469311263,631.435827785
271,0.0517790933051,0.0751007961458,626.911266895
272,0.0515297003987,0.075670452954,625.923661896
273,0.0442828156711,0.0691148390817,598.650367104
274,0.0456972208795,0.0733410807671,577.52878333
275,0.0499978990264,0.0761663337822,613.303067294
276,0.0511478991461,0.07616181923,623.540706261
277,0.0555705240233,0.0720741304496,648.55115997
278,0.0549743353663,0.0724002922588,645.019795562
279,0.054438603731,0.0728895967736,642.281199531
280,0.0542607287231,0.0735132891207,642.563182054
281,0.0543882907182,0.0740926962634,644.973878359
282,0.0541988483011,0.0744551448958,644.390878107
283,0.0535439989347,0.0746548320335,639.813825111
284,0.0529126265879,0.0749779562546,635.594456145
285,0.0522949838337,0.0754330781352,631.705962727
286,0.0521371757319,0.0761246547367,631.865065056
287,0.0507885845094,0.0767878963459,621.604121506
288,0.0518657682575,0.0767374063487,631.054569584
289,0.05546525002,0.07245079812,648.846985125
290,0.0549209660171,0.0727876593733,645.682807887
291,0.0545584121141,0.0732467963411,644.062930746
292,0.0545970072748,0.0737652232307,645.770482272
293,0.0548257435181,0.0742691452616,648.756301581
294,0.0546773300605,0.0746323001778,648.493703947
295,0.0540323589459,0.0748447852854,644.018670842
296,0.0533915206639,0.0751268953173,639.670928255
297,0.0527926484756,0.0755949662998,635.987208053
298,0.0527389030647,0.0762049264558,636.841819027
299,0.0515000101999,0.077263611363,629.040145936
300,0.0505203166296,0.0776233879933,621.420401685
301,0.0524263994958,0.0770537685201,636.271070298
302,0.0553650867979,0.0728219902558,649.110959733
303,0.0548945362974,0.0731425092048,646.467312682
304,0.0547974440175,0.0734601272366,646.561281345
305,0.054982110307,0.0739167101349,649.079532467
306,0.0545363528659,0.0750039967904,648.29557
307,0.0538931415582,0.0752534625426,643.873536357
308,0.0532923183703,0.075627854147,639.991273851
309,0.0532845202123,0.0760920899817,640.993000821
310,0.0528817572778,0.0766630644355,639.01049123
311,0.052081833643,0.0775191757023,634.590758242
312,0.0512726264276,0.0779370827623,628.553365609
313,0.0501732985963,0.0784509132299,620.503343995
314,0.052846287866,0.0772959671145,640.309787642
315,0.05525731301,0.0731931460016,649.288837541
316,0.0551335288269,0.0735609950327,649.311341858
317,0.0544051684371,0.075380162172,648.174382406
318,0.0537992133122,0.0756701728226,644.105895263
319,0.0537567296255,0.0760725556977,644.743824935
320,0.0533536425657,0.0764683867542,642.430769244
321,0.053147247648,0.0769637247248,641.881493617
322,0.0525893565201,0.0776775577177,639.173997501
323,0.051865021616,0.077995001405,633.930479594
324,0.051319178254,0.0786424719638,631.010384065
325,0.0497479575881,0.0792531774643,619.14961294
326,0.0508018805229,0.0790165903917,627.64629642
327,0.0532509111786,0.0774849410327,644.134315026
328,0.0542892630433,0.0757579573528,648.17113741
329,0.0541902947496,0.0761357653934,648.294277264
330,0.0537262834422,0.0764467464099,645.415692138
331,0.0533942739341,0.0767405573921,643.457504655
332,0.0534556789147,0.0771535603179,644.950211737
333,0.053056867345,0.0778318508454,643.411965846
334,0.0524047754,0.0780801775096,638.724572072
335,0.0518384254259,0.0784933289499,635.053391357
336,0.0515869637969,0.0791577407637,634.906519344
337,0.0504042056925,0.0796544552249,626.300281637
338,0.0512341398706,0.0795025058464,632.990706513
339,0.0536690501647,0.0776047867294,647.753151919
340,0.0540893189993,0.0765114663792,648.398904782
341,0.0536309123368,0.0768081851811,645.498784179
342,0.0538234689529,0.0772448569871,648.08710471
343,0.0535175333958,0.0779644040945,647.475510823
344,0.0529067563173,0.0781974706465,643.165405595
345,0.0523340036605,0.0784862343768,639.259011956
346,0.0519425904859,0.0789253999612,637.124973451
347,0.0519604881636,0.0794929722288,639.103480368
348,0.0509428385092,0.0799873062369,632.059940104
349,0.0501983254009,0.0804627291129,627.391216482
350,0.0516889094699,0.0798247224458,637.846379415
351,0.0539656422185,0.0768815677329,648.318612799
352,0.0533830618106,0.0783270038514,647.34766022
353,0.052808501673,0.078575938151,643.402187509
354,0.0523172290531,0.0788727817702,640.267111946
355,0.0522059023326,0.0791994047006,640.307436765
356,0.0523932245687,0.0796876475468,643.240904817
357,0.0514700355221,0.0802252525274,637.297146887
358,0.0508051727476,0.0805929411322,633.007181746
359,0.050304996196,0.0813552974786,631.438303083
360,0.0521837797675,0.0800313234134,642.574226424
361,0.0532603274675,0.0786966789311,647.351384797
362,0.0527208841214,0.0789653300282,643.773969358
363,0.0525879189233,0.0793419155359,643.789973873
364,0.052853991827,0.0798108832159,647.288381079
365,0.0520109351595,0.0803992444985,642.325120062
366,0.0513545996054,0.0806949280515,637.896389795
367,0.0508230383094,0.0812366320671,635.367365684
368,0.050589663447,0.082048312743,636.600193918
369,0.0498408707849,0.0816890961212,629.013098269
370,0.0526985155781,0.0801722311024,647.149192136
371,0.0531393401117,0.0790730154431,647.416168043
372,0.0530056024307,0.0794462974049,647.423380491
373,0.0525531872213,0.0805358544051,647.122728154
374,0.0518882899158,0.0807927292028,642.61123782
375,0.0513194522383,0.0811820416515,639.360186756
376,0.0509309090987,0.0817981539328,638.386076123
377,0.0508820332719,0.0824810519643,640.513201145
378,0.050266330874,0.0823528848869,635.145405187
379,0.0495632543478,0.0823212859961,629.491957489
380,0.0524237196251,0.0809061670069,647.272230658
381,0.0518148738837,0.081204754715,643.382807674
382,0.0513311099264,0.0816496836194,641.02381506
383,0.0511180255883,0.0822179361425,641.38750672
384,0.0512542188294,0.0828195584051,644.717970475
385,0.0506456918592,0.0828133465332,639.919819593
386,0.0500225856159,0.0828205715114,635.004460698
387,0.0493215248338,0.0830103939944,630.277830156
388,0.048890564887,0.0819744284858,622.434674613
389,0.0523107812338,0.0812809807454,647.609936619
390,0.0517747428057,0.0816071796177,644.477333261
391,0.051390550256,0.0820199805491,642.797123124
392,0.0514304825402,0.0825166636185,645.024682703
393,0.051672859874,0.0830644192446,648.826649584
394,0.0510670583062,0.0831549025339,644.45533448
395,0.0504474181335,0.0832310833809,639.913450772
396,0.049818186254,0.0834097739,635.748199723
397,0.0490264434857,0.0836296100842,630.624390665
398,0.0488017051267,0.0826684360222,624.894217539
399,0.0522117262243,0.081654897423,648.086559645
400,0.0517365365714,0.0819547920882,645.470610335
401,0.0516116500575,0.0822393100618,645.485522777
402,0.0518245125995,0.0827201606092,648.793173428
403,0.0515213516865,0.0834192264586,648.921836745
404,0.0508943947264,0.0835350812335,644.513347701
405,0.0502770591234,0.0837234740704,640.468372311
406,0.0496224107348,0.0840130548301,636.604755929
407,0.0488235815655,0.0842413729442,631.416231398
408,0.0483622165107,0.0831405554721,623.162004035
409,0.0521070717939,0.0820214507514,648.531893454
410,0.0519741745623,0.0823762783622,648.730910225
411,0.0513739081207,0.0837862370066,649.101145342
412,0.0507391265923,0.0839537943462,644.853265127
413,0.0501290045972,0.0842618817081,641.361979952
414,0.0494664578536,0.0846387993726,637.926625958
415,0.0486757048547,0.0848671784482,632.839237492
416,0.0480789220186,0.083879778488,624.381786248
417,0.051232445677,0.0841652261239,649.39017403
418,0.0506065522657,0.084401114277,645.485176416
419,0.0500358309071,0.0848288298889,642.780514723
420,0.04925129986,0.0852034851384,638.370540783
421,0.0485346140015,0.0855058649719,634.230071728
422,0.0479872320785,0.0845974038016,626.65317922
423,0.0471736650993,0.0836695114384,616.746258137
424,0.0511017323206,0.084551159536,649.805219846
425,0.0505388578631,0.0848527972589,646.651368472
426,0.0501250740889,0.0853185559489,645.091868386
427,0.0497479349131,0.0855935311381,643.403985384
428,0.0490410542339,0.0857662472781,638.900942463
429,0.0482594727576,0.0860347749593,634.139374263
430,0.0479259900851,0.0852337272862,628.878926464
431,0.0470492294109,0.0845113031915,619.386134621
432,0.0461340755848,0.0835520041593,608.806557778
433,0.05099554851,0.0849390114389,650.42253817
434,0.0505279000132,0.0852485509072,648.090593724
435,0.0504078088243,0.0855837338739,648.39971877
436,0.050170486383,0.0858983318913,647.782523479
437,0.0495027517053,0.0860081680554,643.130668452
438,0.0488099375437,0.0862706540911,639.060968977
439,0.0479881349871,0.0864941424482,633.91402335
440,0.047639425541,0.0856927843017,628.462717997
441,0.0471863559245,0.0851949382,622.894625901
442,0.0458865488807,0.0846411187938,611.756864374
443,0.0450119030646,0.083316368613,600.363804505
444,0.0508935915074,0.0853200195272,651.054259497
445,0.0507572096245,0.085689547831,651.373299537
446,0.0505934155039,0.0860465711465,651.453646127
447,0.0499588643907,0.0862300101018,647.378162695
448,0.0493062341015,0.0864456848911,643.35987875
449,0.048602782939,0.0867171567478,639.134888408
450,0.0478935028594,0.0870544559556,635.046692662
451,0.0472087492718,0.0861179518199,626.64139013
452,0.0463060002521,0.0855423789124,617.802321121
453,0.0446142354024,0.0845061070815,603.23076724
454,0.0504319885085,0.0863991696034,651.515581687
455,0.0497891465645,0.0866049036587,647.460191391
456,0.049135647999,0.0868619587387,643.590107669
457,0.0485286045769,0.0872034112711,640.407773504
458,0.0480176741404,0.0876742384574,638.047750082
459,0.0470607107633,0.0867835208944,628.131916705
460,0.0453081563278,0.0862477477061,614.006315692
461,0.0502850881459,0.0867610920461,651.699516059
462,0.0496474792152,0.0869971820862,647.830805634
463,0.0490473277089,0.0873025577607,644.475719551
464,0.048562047314,0.0877115890491,642.382433831
465,0.0483659364346,0.0882578630284,642.753760089
466,0.0476200280012,0.0879555964096,636.340310114
467,0.0470628547146,0.0875138442071,630.840139131
468,0.0460778051636,0.0869418722577,621.715132198
469,0.0443031631045,0.0872041308624,610.085815625
470,0.0501489802186,0.087131857513,651.996832834
471,0.0495408092782,0.0873950744573,648.437698648
472,0.0490389631561,0.0877686466414,646.029840036
473,0.0486979443211,0.0881623153484,644.760118762
474,0.0487320679442,0.0886525692148,646.949129296
475,0.0480477513276,0.0885011499128,641.406801087
476,0.0473035335252,0.0884843574841,635.828481608
477,0.0468066620788,0.0881141424606,631.089375247
478,0.0463852927906,0.0876309696032,626.105586595
479,0.045135394734,0.0877474534493,617.507759888
480,0.0434638405372,0.0882180234834,606.687490552
481,0.0432499411653,0.0866529067347,601.118161928
482,0.0500231491642,0.0875058393158,652.379328045
483,0.0494734127776,0.0878022526509,649.3562648
484,0.04903807184,0.0881807888371,647.60826214
485,0.0489403368578,0.0884464546559,647.718810044
486,0.0491056944206,0.0888596912305,650.345889258
487,0.0484497486809,0.0888989106316,645.633358492
488,0.0477307431299,0.0888727697563,640.27444249
489,0.0469656495577,0.0890403863826,635.325635992
490,0.0464073298951,0.0886912850435,630.004460153
491,0.045775595556,0.088262783673,623.855841386
492,0.04440365689,0.0887431592958,615.456415745
493,0.04243265841,0.0876920024449,597.555017972
494,0.0428257979879,0.0892070552309,604.554174598
495,0.0499056339713,0.0878825304491,652.815348857
496,0.0493998418883,0.0882134104556,650.235645834
497,0.0492877236498,0.0885677226478,650.767945423
498,0.0495050841426,0.0889817896363,653.667994426
499,0.0488756914386,0.089157020662,649.657067942
500,0.0481729661069,0.0892142177036,644.674641134
501,0.0474555037186,0.0893439588062,639.856559654
502,0.0467262724166,0.0896640932291,635.58429783
503,0.0461122088045,0.0893776423634,630.180295216
504,0.045310749015,0.0891145445037,623.146674224
505,0.0437693173739,0.089748625731,613.701587031
506,0.0417748058103,0.0887449691436,594.428730857
507,0.0422288370227,0.0901597489672,602.524401344
508,0.0497914601391,0.0882585620458,653.277837247
509,0.0496620660304,0.0886271357546,653.596592559
510,0.0493379518369,0.0893271615583,653.61335222
511,0.0486633957949,0.0894821639743,649.193148598
512,0.0479565470115,0.0896136181937,644.450580435
513,0.0472672162598,0.0898788539431,640.295413299
514,0.0465332491221,0.0903242994338,636.380520386
515,0.0458252924805,0.0901864620098,630.574889239
516,0.0451430325818,0.089935184387,624.811998217
517,0.0430548159576,0.0907103997719,611.182980796
518,0.0445292191587,0.0904890219296,621.873681793
519,0.0413018892593,0.0897141025164,592.986350089
520,0.0406328528349,0.0882759018354,583.117506532
521,0.0415227823091,0.0910769044775,599.853853571
522,0.0491747899532,0.0896769551641,653.584509743
523,0.0484785276623,0.0898446648613,649.043235759
524,0.0477836958067,0.0900608104247,644.681817974
525,0.0471191935082,0.0904373669808,641.102871661
526,0.0464474626811,0.0909987747416,638.004003122
527,0.0457675435662,0.0910359275344,632.957797673
528,0.0422483098678,0.0917033667027,607.87816523
529,0.0437918783378,0.0913314712427,619.064617531
530,0.0450963055124,0.0913501026102,629.039125701
531,0.0402049364889,0.0893503339611,581.066935515
532,0.0408259757929,0.0905820128677,591.214437805
533,0.0405885053197,0.0914516546413,592.863924856
534,0.0490202382369,0.0900371212111,653.646490008
535,0.0483223230236,0.0902387834099,649.218466546
536,0.0476472023991,0.0905339858012,645.26838251
537,0.0470171855911,0.0910003557018,642.209494237
538,0.046504968593,0.0917083892199,640.815853186
539,0.0459716728458,0.0918441492298,637.393919807
540,0.0415701036953,0.0927805994386,606.84024367
541,0.0430881971962,0.0922542735697,616.904631285
542,0.0444710534384,0.0920028568816,626.63847846
543,0.0455033442944,0.0921103894882,634.784893394
544,0.0400000995937,0.0902940610785,582.201182922
545,0.0396666745656,0.0912292779746,582.936004251
546,0.0404216075642,0.0924419015228,596.046521929
547,0.0488757462345,0.0904073125231,653.814939554
548,0.0481909135529,0.0906486606943,649.624051852
549,0.0475593612295,0.0910097843579,646.224382748
550,0.0470275312299,0.0915420651945,644.093869567
551,0.0467671044756,0.0922399387326,644.488416037
552,0.0459389835242,0.0925154620769,639.628156731
553,0.0410693916616,0.0939286838644,608.06943775
554,0.0425302040111,0.0932469961908,616.435074408
555,0.0438659390414,0.0928198311156,625.02172783
556,0.0450533452797,0.0926759390846,633.387600663
557,0.0392508385348,0.0920909904063,583.601202998
558,0.039996864154,0.0935736999501,598.027846667
559,0.0487400061994,0.0907829961438,654.072285438
560,0.0480906999147,0.0910624908349,650.275821532
561,0.0475433134878,0.0914667078721,647.669706506
562,0.0471504117973,0.0919652081816,646.350753736
563,0.0471997004939,0.0924831000296,648.601271779
564,0.046466170159,0.0926648907441,643.715780624
565,0.0456632965578,0.0930735098617,639.27773466
566,0.0405931326991,0.0950760894049,609.838936386
567,0.042071479572,0.0943069342584,617.288794226
568,0.0434095164288,0.0937592552476,625.1675334
569,0.0445679824468,0.0934020419518,632.480538828
570,0.0388404762133,0.0932019907222,586.255833454
571,0.0395294590427,0.0947768777539,600.717786232
572,0.0486150151517,0.0911601871798,654.415582097
573,0.048033358148,0.0914748880232,651.222196188
574,0.0475518442478,0.0918575704322,649.088807311
575,0.0474356164101,0.0921774884974,649.322158473
576,0.0476507697934,0.0925892884854,652.230941431
577,0.0469843108308,0.0928173396731,648.120468552
578,0.0462945600756,0.09314666651,644.251222887
579,0.0456675817194,0.0936639628298,641.224243672
580,0.0416546989631,0.0953494713448,618.65106448
581,0.0401768925238,0.0962280282383,612.200816422
582,0.0430648864425,0.0947361873809,626.386438657
583,0.044184768797,0.0942170591924,632.560646977
584,0.0451586344103,0.0939926106112,638.780110844
585,0.037815238804,0.0930846471599,577.714060516
586,0.0384594868691,0.0945045226356,591.812098983
587,0.0390562490236,0.0960016457734,603.723026454
588,0.0485005677225,0.0915374039826,654.833791933
589,0.0479695803805,0.0918713587906,652.12643663
590,0.0478343372186,0.0922411195566,652.394871158
591,0.0480919991263,0.0926487816984,655.587508189
592,0.0474730764462,0.0929243618902,652.070723581
593,0.0468384868507,0.0931817977466,648.315095405
594,0.0462613675672,0.0935605643885,645.410750197
595,0.0460117557528,0.0941505361667,645.662792225
596,0.0427355317451,0.0956440879622,627.662647384
597,0.0413018549002,0.0963640620403,620.50762864
598,0.0399043212979,0.0973846574887,615.364903773
599,0.0440335863904,0.0950904032046,635.014841317
600,0.0448478202681,0.0945724611576,638.732018152
601,0.045703089416,0.0944848964995,644.688910446
602,0.0368567786129,0.0931443087628,571.348142669
603,0.0374661271649,0.094256948717,583.774912109
604,0.0379581992859,0.0956797974172,595.158776409
605,0.0386117501096,0.0972280700306,606.632675036
606,0.0483830013756,0.0919134501009,655.228091495
607,0.0482451568431,0.0922853295914,655.47016697
608,0.0479414714179,0.0930039427605,655.699942449
609,0.0473376447632,0.0932618987178,652.229851096
610,0.0467916788039,0.0935406007704,649.257308705
611,0.0463928189651,0.0939120680478,647.483928225
612,0.0464278290153,0.0944423964433,649.742750205
613,0.043822180733,0.0959279262267,636.577295614
614,0.0424178329248,0.0965094863268,628.861295411
615,0.0411649958536,0.0973526328089,623.806232723
616,0.0400880048102,0.0983999389941,620.572569483
617,0.0447948278895,0.0952355911374,640.604555972
618,0.0454773782543,0.0949024255565,644.48826684
619,0.0462299895635,0.0947949345872,649.537683746
620,0.0358493650691,0.0930366327458,565.201187092
621,0.0364532363029,0.0939858547549,576.134369582
622,0.036918829084,0.0953076264668,587.079752144
623,0.0373741144643,0.0968030458692,597.179284093
624,0.0380191246023,0.0983726013345,607.712338994
625,0.0478037004232,0.0933569759245,655.8927715
626,0.0472531866613,0.093610188303,652.801533253
627,0.0467885814346,0.0938621415828,650.381201974
628,0.0466605049753,0.0941487814371,650.423956106
629,0.0468446334694,0.0946407076161,653.411517475
630,0.0445850494809,0.0962055198278,642.864690158
631,0.0434613327306,0.0966702399995,636.776305868
632,0.0422622665569,0.0973813198514,631.250081769
633,0.0412714429948,0.0982238008478,627.875688007
634,0.0390843391175,0.0990104426828,616.611882434
635,0.0406471571906,0.0991486087572,627.128517933
636,0.0453145583275,0.0953614235162,645.116096623
637,0.0450241394257,0.0957471007552,644.458253822
638,0.0460598833645,0.0951975462922,649.808156967
639,0.0466849753061,0.0949939542025,653.477879426
640,0.0348902852201,0.0926740459364,560.287845619
641,0.0353740879308,0.0937905410454,570.632926617
642,0.0359674993772,0.0949092425501,580.252083755
643,0.0362345293869,0.0963400526138,588.890498534
644,0.0367556138253,0.0978742910397,598.165867307
645,0.0373051422921,0.0994214490581,607.177423103
646,0.0476771687831,0.0937133335446,656.176855197
647,0.0471653114322,0.0939582346228,653.378918644
648,0.0470201992805,0.0943004813686,653.489257782
649,0.047250987044,0.0947902585198,656.785780609
650,0.0450320923946,0.0964610020934,647.061483842
651,0.0442076693356,0.096807570187,642.583630397
652,0.0431941104947,0.0974125493332,637.795622633
653,0.0422765290103,0.0982478676181,634.924431919
654,0.0414706515577,0.0989584467817,632.229229717
655,0.0399788722679,0.0997073292241,625.148201217
656,0.038392315451,0.0999469065858,615.891268347
657,0.0413303565952,0.0995900040264,633.809278201
658,0.0457867878669,0.0956128337931,649.416548982
659,0.0454058896889,0.0960317271478,648.098087886
660,0.0465523614366,0.0953780951275,653.828842243
661,0.0471018098666,0.0951488976659,656.954964257
662,0.0341514148152,0.0920713281446,557.326141629
663,0.0343359974658,0.0935074375829,567.412905278
664,0.0349680218367,0.0948220181888,576.169633177
665,0.0352776465867,0.095751067146,581.924010695
666,0.0355059716111,0.0973549179602,589.475822889
667,0.0361037243357,0.0989145613539,598.196772967
668,0.0366769030757,0.100489840972,607.002571634
669,0.04754794332,0.0940735219384,656.461169885
670,0.0474037496948,0.0944331357457,656.652137822
671,0.0454767619444,0.0966603358669,650.837452597
672,0.0447113250853,0.096939598143,646.508549227
673,0.0439231040153,0.0974335762698,642.890675391
674,0.0430667304998,0.0982003189769,639.805215326
675,0.0422999429285,0.0990996813533,638.246692493
676,0.0408269700184,0.100211002419,632.595669883
677,0.0393932970795,0.100477834754,624.228287119
678,0.0378340802716,0.100956593427,615.897195107
679,0.0420553896013,0.0998694446623,639.375955126
680,0.0461196220831,0.0958996196614,652.550107078
681,0.0457841986961,0.0962650985384,651.561976946
682,0.0469657667886,0.0955101292657,657.242752497
683,0.0464833242857,0.0957690431071,654.747282291
684,0.0336867272207,0.0914962764601,555.816847253
685,0.0336190639657,0.0922301998219,561.252615449
686,0.0332895723393,0.0931252101922,566.857163571
687,0.0338157664513,0.0947423149124,573.657817786
688,0.0343807795568,0.0966645588164,582.003581507
689,0.0348489241613,0.0983834788307,589.421383175
690,0.0354772824735,0.099977839828,597.744824844
691,0.0361234079521,0.101601041565,607.051561096
692,0.045907786046,0.0968298390058,654.427401383
693,0.0452049646595,0.0970765402179,650.44900908
694,0.0444816972331,0.0974553654765,646.823652918
695,0.0437517347532,0.0980526030307,644.012747609
696,0.0432764700406,0.0989232414471,643.869511182
697,0.0429300260803,0.0994707855354,643.576560132
698,0.0415837714982,0.100535528386,638.751625941
699,0.0403563434343,0.100920934287,632.107003522
700,0.0389136214252,0.101352287924,624.295892182
701,0.0373326918714,0.102071932927,616.67271571
702,0.0426338316155,0.10014614398,644.226399819
703,0.0463657839186,0.0961237423072,655.185447538
704,0.0461406001473,0.0964649935947,654.777101941
705,0.0468405253314,0.0958796207693,657.616072645
706,0.0331241065865,0.0916390356609,560.878887289
707,0.0324232947717,0.0924995867195,566.965625524
708,0.0326726528137,0.0942407013784,571.330513053
709,0.0332301209397,0.0959544787114,576.400476377
710,0.033636060847,0.0977771204374,581.748604431
711,0.0342599916868,0.099442728016,588.792744756
712,0.0349163707552,0.101060948896,597.284987689
713,0.0355995773983,0.102745063237,607.333652539
714,0.0463533962115,0.0969723200413,658.023356633
715,0.0456974577563,0.0972093331776,654.324988681
716,0.0450151188388,0.0975074002066,650.688072739
717,0.0443562290219,0.0979550524516,647.793829119
718,0.0437869925223,0.0986078435161,646.199569682
719,0.043703262952,0.0994301409814,648.721319574
720,0.0434151939718,0.0998837787112,648.478669218
721,0.0422617957025,0.100775739345,644.022251794
722,0.0412064963133,0.101207512706,638.670179463
723,0.0399804598792,0.101714689154,632.573720581
724,0.0385637113755,0.102296072878,625.145133969
725,0.036762971148,0.103307230818,617.224503571
726,0.0431202651629,0.100401601392,648.29866497
727,0.0466985110918,0.0962521633965,657.912644881
728,0.0465284631585,0.0966137371857,657.991145535
729,0.0328271543072,0.0906446068859,560.676256399
730,0.0317918054463,0.091595998246,568.058319845
731,0.0317290549471,0.0934630868676,570.717593203
732,0.0320204406982,0.0952854376265,573.076903689
733,0.0324322522114,0.097103496475,575.820430767
734,0.0330699317887,0.0988717372573,580.663887219
735,0.0336830278694,0.100524626296,587.42429683
736,0.0344074003859,0.102135084011,596.942857327
737,0.0349915049267,0.103936415533,607.492598488
738,0.0461893999349,0.097335987868,658.160919714
739,0.045530487194,0.0975962174424,654.553156855
740,0.0448989757412,0.0979362722587,651.446507625
741,0.0443195566729,0.0984147145668,649.198780093
742,0.0440456557627,0.0990493783515,649.688389107
743,0.0441131733121,0.0997533082407,652.632795591
744,0.0438520573888,0.100163640294,652.320814687
745,0.0428776739015,0.100976915136,648.802048284
746,0.041984686303,0.101404450264,644.47862278
747,0.0409519418065,0.101916907516,639.484602026
748,0.039684288739,0.102489516462,633.453164851
749,0.0386457009164,0.103205029325,628.698423519
750,0.0360809552409,0.104664021857,617.229026911
751,0.0378097357002,0.103940850566,625.988144429
752,0.0436136298641,0.100614794709,652.333877156
753,0.0311791973682,0.0906819214376,571.10072766
754,0.0309593134369,0.0925090362391,571.872366342
755,0.0310040159566,0.0944119046511,572.386361402
756,0.0312506517011,0.0963066517699,572.474381442
757,0.0318920460734,0.098274213174,573.924259696
758,0.0325115191989,0.0999532951679,578.378711858
759,0.0331530284085,0.101597272548,585.947411757
760,0.0338921239168,0.10313787646,596.280234925
761,0.0341272786028,0.104779605942,604.60892437
762,0.0460368274761,0.0977029595688,658.394057029
763,0.0454015580413,0.097987042752,655.055995452
764,0.0448242376523,0.0983537574369,652.450416156
765,0.0443503942131,0.0987721571424,650.751935172
766,0.0443978679976,0.0993963279129,653.202009908
767,0.0445410838738,0.100006980474,656.350438282
768,0.0443274238477,0.100381754554,656.241736622
769,0.0434420135708,0.101109057383,652.913508669
770,0.0427010270851,0.101579680326,649.783832332
771,0.0417642897412,0.102013616897,645.195880417
772,0.0409848593302,0.102607828484,641.907195325
773,0.0395578329835,0.103199734693,635.20565549
774,0.0404885825612,0.102963126552,640.125602707
775,0.0392788465477,0.103870565168,635.656178895
776,0.0355122058624,0.106139594112,618.905348792
777,0.0373041494776,0.10511080804,626.985667245
778,0.0387843969427,0.104577255697,634.772562117
779,0.0441351757132,0.10078132798,656.358573965
780,0.0302485373462,0.0915449128499,574.706411275
781,0.0301454925883,0.0934081685055,573.802613738
782,0.0302283449419,0.0953316420629,572.197217244
783,0.0302755636226,0.0971362843154,569.341776114
784,0.0314951253115,0.0994051169673,571.226318015
785,0.030775986752,0.0981071120526,569.316001008
786,0.0318399633172,0.101098187195,573.953366677
787,0.0327073169983,0.102589849087,585.256162031
788,0.0333560291629,0.103990316011,595.19069706
789,0.0330968872397,0.104882231223,596.967597037
790,0.0342340540664,0.106032027394,610.129606858
791,0.0458945444161,0.0980722577013,658.711010494
792,0.0452936384907,0.0983799192498,655.698149139
793,0.0447280079354,0.0987818663185,653.275606948
794,0.0447694150933,0.0996725989147,656.743185528
795,0.0447443155127,0.0991576283355,654.588756126
796,0.0450050556527,0.100203934672,660.144898753
797,0.0448355071372,0.100563802562,660.246901927
798,0.0439728917472,0.101196495902,656.715961962
799,0.0433047961452,0.101623956668,653.801502922
800,0.0424260054543,0.102166393997,650.087709266
801,0.0415839815811,0.102608764385,646.16511959
802,0.0413558515455,0.10306971563,646.340819686
803,0.0402574031823,0.103619920352,641.118612769
804,0.0410396556055,0.103442568225,645.512218867
805,0.040000327557,0.10431765399,641.774895491
806,0.0349721845277,0.107602098305,621.249821794
807,0.0367842540504,0.106419791788,628.524109836
808,0.0385013990896,0.1054268124,635.784557469
809,0.0396518875055,0.104978911399,641.89057144
810,0.0446715383069,0.100932822063,660.424509309
811,0.029563514089,0.0905880510596,578.717052051
812,0.0293445026276,0.092391432017,576.860063796
813,0.0293266023468,0.0942958006372,574.20378302
814,0.0293857739393,0.0961814392315,570.355535214
815,0.0293324756381,0.0978661924527,564.676527754
816,0.0308539809674,0.10049741239,565.136045133
817,0.0306395073352,0.0990427487917,566.343859128
818,0.0299616308373,0.0985761172602,563.905916558
819,0.0314380531087,0.102172153995,572.464820356
820,0.0322977689721,0.103626310041,585.006220255
821,0.032120534217,0.104700835,588.540820123
822,0.0329629300266,0.105958554447,600.674471582
823,0.0337215689511,0.107385498301,612.204263057
824,0.045762179449,0.0984410925626,659.102270889
825,0.0451967388622,0.0987616343222,656.383631764
826,0.0451825624658,0.0998554196336,660.131612447
827,0.0449964516327,0.0993837325579,657.292078696
828,0.0451292437358,0.0990976692974,657.201879392
829,0.0445179108068,0.101304817032,660.694004138
830,0.0438680418439,0.10160690215,657.463324889
831,0.043295585673,0.102078221779,655.247881326
832,0.0421120758699,0.102741707245,649.975580849
833,0.0428466210742,0.102405542105,653.515834689
834,0.0418238439572,0.103251437734,649.954301118
835,0.0408075520277,0.10398885225,645.841939938
836,0.0415361354122,0.10369189931,649.589616966
837,0.0406133762297,0.104641267537,646.984921451
838,0.0362370280517,0.107814066371,630.305650174
839,0.0342667369284,0.108958743713,622.207324671
840,0.0378634508181,0.106842002907,636.730660407
841,0.0394317776721,0.105662808493,642.896759164
842,0.0386256929801,0.106298220524,639.539696384
843,0.0403495075201,0.105268829673,647.409262755
844,0.0286067098247,0.091379311904,580.951563658
845,0.0284628969234,0.0932393017072,577.753281973
846,0.028501291084,0.0951917421242,573.220291238
847,0.0285403016681,0.0970666424802,566.829129666
848,0.0285562572631,0.0988353474422,556.869900474
849,0.0301615081797,0.0998731242007,560.283176547
850,0.0293810858026,0.0993034385804,557.339112536
851,0.0312514426377,0.103224381074,574.654349763
852,0.0319012952132,0.10564418985,591.611473328
853,0.0312769294469,0.105013571779,583.060927742
854,0.0324553979769,0.107084601227,602.383266363
855,0.032956559993,0.108683284132,612.863109803
856,0.0456368578236,0.0988027666364,659.530335557
857,0.0453581565511,0.0995110971458,660.116266502
858,0.0455089271514,0.0991595019109,659.903551394
859,0.0443932808237,0.101674959838,661.150963588
860,0.0438139576089,0.101987389752,658.422272022
861,0.0434384539788,0.102430174702,657.424144845
862,0.0425316518182,0.102890895965,653.203070692
863,0.0431454495747,0.102715153183,656.533951242
864,0.0422633824992,0.103364428498,653.104354224
865,0.0413236234122,0.104180221111,649.846529749
866,0.0420119663794,0.103809086771,653.010529471
867,0.0412192854635,0.104740077004,651.05497022
868,0.0373919854552,0.107902693056,637.674631688
869,0.0356119568542,0.109171643259,631.57851662
870,0.0335033005512,0.110284407822,622.890567745
871,0.0386470102479,0.107334567041,643.642118177
872,0.0401009837781,0.105893325314,647.967526301
873,0.0393123729117,0.106362778396,644.638160297
874,0.0390925845163,0.106891922006,645.145997237
875,0.0409618706666,0.105613694312,652.368073993
876,0.0279542360994,0.0903809680946,585.485860146
877,0.0275988405522,0.0921018579206,582.670755976
878,0.0276405225002,0.0941526275328,577.381895457
879,0.0276759471249,0.0961156374743,570.935706478
880,0.0276763566943,0.0980826115509,560.834439566
881,0.0307785982256,0.104226598456,575.011278999
882,0.0313026384769,0.106571001493,591.828552557
883,0.0305257191787,0.105771166206,581.635603416
884,0.0316712554099,0.108210374801,602.611776753
885,0.0320809997163,0.109971435633,613.260662825
886,0.0442799515488,0.102037435073,661.657334037
887,0.043784004048,0.102333510114,659.448606752
888,0.043673835947,0.102645270085,659.814128282
889,0.0428930125946,0.103092347878,656.205550475
890,0.0434692019002,0.102952234284,659.488081777
891,0.0426683434107,0.103501901969,656.165813048
892,0.0418463341735,0.104251015296,653.439557118
893,0.0424727958654,0.103907338764,656.297180255
894,0.0413817257796,0.105264859642,653.794893674
895,0.0417962995526,0.104682571445,654.566964517
896,0.0383080555118,0.10795025412,643.692918934
897,0.0374817952144,0.108860338697,641.800194803
898,0.0349301734617,0.110365243869,631.822138924
899,0.036727946742,0.109596251552,639.616145464
900,0.0331599036203,0.111554862737,625.875811087
901,0.0393564789214,0.107627134146,649.387581408
902,0.0406824927483,0.106120583979,652.382262516
903,0.0399262397806,0.106536278332,649.017963407
904,0.0396731829871,0.107114157263,649.603810582
905,0.0414779127451,0.10594877361,656.860063544
906,0.0273567743728,0.0894325199461,590.214146746
907,0.026946916388,0.0909954942719,587.467184959
908,0.0267583129486,0.0930625754467,582.63920163
909,0.0268415983655,0.0951041345504,575.953125967
910,0.0268212549055,0.0969859104119,567.989392721
911,0.0267901692907,0.0988033849292,556.319650557
912,0.0300785150933,0.104984315339,573.128267822
913,0.0304798342924,0.107534935328,591.486957347
914,0.0296532145586,0.106517366016,580.228912679
915,0.0307634257865,0.109314270366,602.343168308
916,0.0310079160081,0.111151929988,612.149633835
917,0.0441526021525,0.10239789379,662.035460313
918,0.0440042301738,0.102756528183,662.288769572
919,0.0432695671039,0.103291813057,659.332934339
920,0.0438359410366,0.103104918312,662.37994504
921,0.0430831899269,0.103655407821,659.360350805
922,0.0423384336481,0.104302165208,656.779108866
923,0.0429177833219,0.104026588484,659.559211429
924,0.0417663405002,0.105626231136,657.594272809
925,0.0418606778227,0.105077398896,656.239067214
926,0.0422795088886,0.104683475578,657.709159797
927,0.0391266837959,0.108145921931,649.690948903
928,0.0382773752641,0.108597110453,645.967387227
929,0.0378779023652,0.109515143575,646.672594853
930,0.0359580869561,0.110801310159,639.698661553
931,0.0347795340218,0.111197492565,634.370295799
932,0.0374350548238,0.110086240565,646.222405949
933,0.0364466973797,0.11036091481,641.247013174
934,0.0343041530834,0.11182918755,633.835290026
935,0.0318464722349,0.112143191625,620.696730545
936,0.0332113213274,0.112492123863,630.167961423
937,0.0399874079827,0.107731460201,653.625373369
938,0.0412265053728,0.106342921003,656.597179714
939,0.0404916635395,0.106653186296,653.054542227
940,0.0402560919428,0.107176525046,653.343634721
941,0.0419378869473,0.106171641044,660.528849969
942,0.0264837558327,0.090065376779,591.727340694
943,0.0259399531164,0.0913410523056,589.962126882
944,0.0260225600216,0.0941664018515,581.020029348
945,0.0258605654472,0.0923412269432,587.097744841
946,0.0260041534246,0.0959888930373,574.180801344
947,0.0259761954426,0.097721087394,565.656482667
948,0.0259527467359,0.0992801404733,555.086109406
949,0.0292434632062,0.105564724399,570.337100743
950,0.0295475237316,0.108548532028,591.558368763
951,0.0286665790116,0.106883169535,576.844737039
952,0.0297963921445,0.110321862604,601.619895214
953,0.0298735617492,0.11212148637,609.521378981
954,0.0436674213248,0.10345324466,662.45447144
955,0.043503888363,0.103808240941,662.587607042
956,0.0427834055169,0.104397075847,659.95476277
957,0.0433472641099,0.104167126272,662.782458092
958,0.0421623323812,0.105835175361,660.837856325
959,0.0420575252552,0.105352323773,658.532295011
960,0.0422345590188,0.105045651858,658.669843059
961,0.0426764186322,0.104769169885,660.521543064
962,0.0389908015321,0.108669754977,650.641450264
963,0.0397915296635,0.108312635163,654.515356054
964,0.0384014608622,0.109172642131,648.678640413
965,0.0383535162194,0.109966023769,651.358874879
966,0.036693406663,0.111391239949,646.675937202
967,0.0355494521278,0.111559877377,640.290017218
968,0.0380402810361,0.11043344675,651.060901446
969,0.0370593944723,0.110728968177,646.262093704
970,0.0351627291453,0.112333495964,640.962635845
971,0.0339615216619,0.112869100133,636.036873317
972,0.0306554622702,0.113244538694,618.562049336
973,0.0325073620129,0.11314912635,628.42290147
974,0.0404645596713,0.107769814431,656.679938972
975,0.0417246502455,0.106532059578,660.381468243
976,0.0410157026257,0.106797038292,656.835006443
977,0.0407549283602,0.107270693098,656.874964263
978,0.0423811304653,0.106320639527,663.813306411
979,0.0255255192659,0.0905184699033,593.797467737
980,0.0251372549272,0.0918106973163,591.219534686
981,0.0251766757379,0.0950814395774,579.930124821
982,0.025209139969,0.0933535669972,585.950740485
983,0.0251331947409,0.0967886671542,572.753083784
984,0.0252016216001,0.0984137637487,563.880552314
985,0.0251961551888,0.0999414652985,554.127147608
986,0.0283200701796,0.105926146726,566.873527079
987,0.0284789338441,0.10788415197,582.407791058
988,0.0285967005591,0.109508883885,591.488387196
989,0.0277895634433,0.107149222585,574.167652536
990,0.0287682596042,0.111202871984,599.86585617
991,0.028883105188,0.112856472082,606.798849489
992,0.0431991075628,0.104527932911,663.039797689
993,0.0425625145607,0.105969624383,663.792759408
994,0.042374820733,0.105502200983,661.067617598
995,0.0425538716555,0.105145424318,660.998999453
996,0.0430551957452,0.104890895085,663.326220821
997,0.0395904637684,0.108849781593,655.104584089
998,0.0389171847201,0.1091744313,652.105122659
999,0.0402895981177,0.108302589403,657.406459717
1000,0.0387007311422,0.109587253554,652.21849672
1001,0.0388465940229,0.110295777605,655.610125376
1002,0.0374111509223,0.111613215008,651.502666048
1003,0.0363138438446,0.112046418183,646.698510644
1004,0.0385402722456,0.110748380082,655.366974453
1005,0.037710785212,0.110988523436,651.118732207
1006,0.0359484976128,0.11271555644,646.943023667
1007,0.0348815049596,0.11316491319,642.255775835
1008,0.0334884338541,0.113813613455,636.79237798
1009,0.0294611370212,0.113875320309,614.417027116
1010,0.0314528557024,0.114233625987,626.73974957
1011,0.0408450294953,0.107858130042,659.320770755
1012,0.042203552023,0.106675169182,663.87295813
1013,0.0415499408716,0.106924320491,660.559218329
1014,0.0410906729404,0.107471369097,659.510934226
1015,0.0245953943384,0.0910647654071,595.343604077
1016,0.0251993762324,0.0896951829388,597.353994991
1017,0.0244363140439,0.0925579994644,591.006737874
1018,0.0242738494758,0.0959275891108,579.148420355
1019,0.0244007467195,0.0942156394592,585.354599677
1020,0.0242765043223,0.0975414596086,571.972742455
1021,0.0245147346392,0.0991640287987,562.479099656
1022,0.0245726176956,0.100709996951,553.82311125
1023,0.0274016043469,0.106108479515,564.069722565
1024,0.0275894338246,0.108674955755,582.758173135
1025,0.0276019736966,0.110350039777,590.711125931
1026,0.0268668784241,0.107710381702,574.492382273
1027,0.0277441218539,0.112033167699,597.684868749
1028,0.0282170059475,0.113606186831,605.625467813
1029,0.0427395391474,0.105616698985,663.735663112
1030,0.0429046936686,0.105255983391,663.57848119
1031,0.0400289737399,0.109131877511,658.635624429
1032,0.0393782658975,0.109357825023,655.513615376
1033,0.0403644145662,0.108780527076,659.429448097
1034,0.0407300111398,0.108250464504,659.958249299
1035,0.0391307868241,0.10983782946,655.673729188
1036,0.0393323014453,0.110511541866,659.163900774
1037,0.0378755210758,0.111764961272,654.955408671
1038,0.0374605727115,0.112161864256,653.748125161
1039,0.0369800794624,0.112547372307,652.334980776
1040,0.0381913659308,0.111231569543,654.913349154
1041,0.0387865027698,0.111132692298,658.074266431
1042,0.0366579405665,0.113102224353,652.556778151
1043,0.0357279519459,0.113366152253,648.103793322
1044,0.0349826336018,0.113994337789,646.00805845
1045,0.034347786498,0.114372849961,643.846484087
1046,0.033172843185,0.114472662081,637.612668118
1047,0.0291578434685,0.115060885406,616.793737656
1048,0.0304224286894,0.115580471613,625.936999434
1049,0.0324018701487,0.11498495312,634.813008214
1050,0.041228403617,0.107973885484,662.15307561
1051,0.0420495990034,0.107032463864,664.107793063
1052,0.0414771638367,0.107308906556,661.437271375
1053,0.041388950121,0.107649057036,662.084253542
1054,0.0240270117941,0.090473188599,598.983356714
1055,0.0238235199333,0.0916972537352,595.723195238
1056,0.0250229477106,0.0889464955534,600.341793235
1057,0.0244152685447,0.0897863852536,599.792933306
1058,0.0236661919139,0.0933710986521,590.692717284
1059,0.0233259503472,0.0967503394218,578.888361643
1060,0.0234989012934,0.0950738871658,584.979196331
1061,0.0235947885354,0.0982995888272,571.017233271
1062,0.0239108870185,0.0999104961369,561.904856008
1063,0.0240996464675,0.101512894466,554.299541518
1064,0.026326787538,0.106574256778,565.38825419
1065,0.0265813896576,0.109430795639,582.5326651
1066,0.0265811504314,0.111205256218,589.376962915
1067,0.025767251367,0.108399050165,575.366655028
1068,0.0268801448753,0.112938933033,596.144221282
1069,0.0278007004056,0.114534155048,606.648630189
1070,0.0403966202149,0.10948432751,662.118792597
1071,0.0397798311131,0.109592565906,658.746622072
1072,0.0406379114282,0.109165234042,662.500867031
1073,0.0407253151142,0.108618084871,661.134643008
1074,0.0411147184535,0.108309878984,662.583919117
1075,0.0395473253776,0.110051993117,658.919626248
1076,0.039811812816,0.110674601286,662.662241227
1077,0.0392277373136,0.110963612551,660.09533068
1078,0.0381432634398,0.112033634069,657.477707051
1079,0.0378159604567,0.112522065491,657.240440764
1080,0.0374729266331,0.112934697648,656.701472212
1081,0.0384376417574,0.111538037294,657.398873158
1082,0.0388870476968,0.11146088787,659.848256519
1083,0.0372259404749,0.113411370982,656.93966375
1084,0.0364647755316,0.113697042191,653.655152893
1085,0.035676340331,0.113955749917,649.769871773
1086,0.0353872274046,0.114674030803,650.882423742
1087,0.0349319350521,0.115011937077,649.572064214
1088,0.0338322914826,0.114969185201,643.156333253
1089,0.0283509241889,0.116191173322,615.728582551
1090,0.0294754139935,0.116859768688,625.318468221
1091,0.0316671782753,0.116060429742,634.733500534
1092,0.0333537208108,0.1156020383,642.733622145
1093,0.041613728928,0.108097891218,664.959638347
1094,0.0419141329138,0.107392538011,664.452080256
1095,0.0417689992537,0.107750600153,664.748997287
1096,0.0234275144041,0.0900373854092,602.585674243
1097,0.0233812786962,0.0910068864387,599.587954801
1098,0.023188316459,0.0920116618751,596.878148454
1099,0.0247655096211,0.0883620034038,603.20459842
1100,0.0244755268655,0.0891137410065,601.793377202
1101,0.0237756180238,0.0895360509151,602.971058214
1102,0.0228540105457,0.0926601846755,595.593925389
1103,0.0228542003916,0.0942432997651,590.104773417
1104,0.0225007391327,0.0976645769206,578.392757331
1105,0.0224876593267,0.0959839149411,584.902550697
1106,0.0231529628747,0.0990870685548,569.560297852
1107,0.0232625296209,0.100606587492,563.075185537
1108,0.0233883013467,0.102296617649,557.914390123
1109,0.0257105302807,0.105666033653,558.014499148
1110,0.0251155013917,0.107355831515,569.146823266
1111,0.0255484162701,0.110249239343,582.105626349
1112,0.0255962507866,0.112133749632,587.754430804
1113,0.0246360044125,0.10918787705,575.967319085
1114,0.0264321644976,0.113957120769,596.418110425
1115,0.0272059203959,0.115547969028,606.032348118
1116,0.0407733825144,0.109791424412,665.460345667
1117,0.0401744256078,0.109862515424,662.044457956
1118,0.0409634703948,0.109458583053,665.523837975
1119,0.0408745272897,0.108920214367,663.199375541
1120,0.0410279286297,0.108648960369,663.222791309
1121,0.0414650752371,0.108441771731,665.188917983
1122,0.0399742033857,0.110268246851,662.223291296
1123,0.0402459264054,0.11087678595,665.933173833
1124,0.039682208662,0.111068410415,663.224545503
1125,0.0392053950796,0.111359095481,661.41440246
1126,0.0384476892933,0.112372918442,660.326475237
1127,0.038185570839,0.112799959772,660.361223641
1128,0.0379183219498,0.113199295636,660.214173753
1129,0.0386739596964,0.111725887768,659.483774373
1130,0.0389090075494,0.111698779289,660.822458475
1131,0.0377114267593,0.113623795235,660.492204632
1132,0.0370718344053,0.113946170735,657.928247276
1133,0.0362405426806,0.114194312241,654.285726466
1134,0.0358600062411,0.114473309504,652.996121155
1135,0.0357952159012,0.115209711219,655.282256876
1136,0.0354879085079,0.115610241943,654.958103342
1137,0.0345227686813,0.115491584131,649.068453204
1138,0.0274823017334,0.117203980823,613.761491252
1139,0.0284961037633,0.117912061574,623.28761808
1140,0.0304075473434,0.117763557337,634.117181463
1141,0.0330195917067,0.116305763492,643.334185043
1142,0.0315347920674,0.117120398782,637.971716686
1143,0.034194229602,0.116038174553,649.276756215
1144,0.0229016349187,0.0895865282002,605.923922647
1145,0.0229597172942,0.0905149771549,602.596436922
1146,0.0227730140529,0.0915077985712,599.945549487
1147,0.0244173680865,0.0878934756082,606.016921125
1148,0.0243178996736,0.0886386349073,603.999535391
1149,0.0240125703092,0.0890293655393,603.813661294
1150,0.0232904593538,0.0891718097006,605.923548735
1151,0.022216652431,0.0920700808256,599.954466606
1152,0.0222521781442,0.0934376310087,594.923289192
1153,0.0219493263502,0.0950791898809,589.973013675
1154,0.0215069161999,0.097047625723,584.334498018
1155,0.022194564751,0.0987355588018,575.619027076
1156,0.0225846655487,0.0997360702885,569.667868434
1157,0.0224911266234,0.101300016065,565.513911249
1158,0.024050428708,0.103269508584,553.274917738
1159,0.0223620270914,0.102969899144,563.720699871
1160,0.0250470772796,0.104980201035,554.483894473
1161,0.0246090217567,0.106430913085,564.407122992
1162,0.0238980311587,0.108095566573,571.201099698
1163,0.0245198209739,0.111124996183,581.038187493
1164,0.0244976290112,0.113050991202,584.629174941
1165,0.0235009682798,0.110036612789,575.665321387
1166,0.0260995747178,0.115015916954,597.488837441
1167,0.0250924170726,0.114022972059,589.181076809
1168,0.0263901461152,0.116571123086,603.660571124
1169,0.0405865287572,0.11014364649,665.506085832
1170,0.041150696489,0.109135594267,665.58018219
1171,0.0413197668009,0.108794514859,665.458584788
1172,0.0404103553645,0.11050745811,665.671239991
1173,0.0400884234214,0.111241628312,666.243262938
1174,0.0395667697999,0.111447420862,663.8539843
1175,0.0391469191759,0.111695536245,662.254971455
1176,0.0387984025947,0.112730418883,663.721511344
1177,0.0387216036396,0.112092376834,661.013235023
1178,0.0385791242407,0.113067167656,663.577043923
1179,0.0383666661643,0.113433925022,663.625970514
1180,0.038990485813,0.111948299299,662.211114686
1181,0.0381835684039,0.113813309762,663.885504626
1182,0.0375947903281,0.114076583887,661.451909596
1183,0.0370728284859,0.114450106725,659.637509796
1184,0.0366121760915,0.114615074392,657.755907978
1185,0.03618083054,0.114908463664,656.331442841
1186,0.036172932894,0.115633186556,658.888751048
1187,0.0359324017691,0.116066449527,659.089232626
1188,0.0351638443155,0.116054621337,654.746208631
1189,0.0266377047883,0.118165230593,611.464970234
1190,0.0276104759684,0.118881293631,621.705056683
1191,0.0294035140865,0.118727856477,632.578001083
1192,0.031200458858,0.118640464659,642.384223763
1193,0.0339505608808,0.116604043312,650.137665569
1194,0.0327914355497,0.11701518356,645.094176592
1195,0.0319121669484,0.117997078505,643.796859731
1196,0.0347924576306,0.116483618304,654.293620531
1197,0.0225408127947,0.0890921946416,608.772954496
1198,0.022492626601,0.0900296484213,605.876472559
1199,0.0224347701811,0.0909821963399,602.853617871
1200,0.0241511227933,0.0874411807887,608.395838135
1201,0.0248957981308,0.0875807075595,605.203871091
1202,0.0239800596075,0.0882715856035,606.392849664
1203,0.0236266810761,0.0887290378484,606.173595345
1204,0.0229275214995,0.0887886066166,608.453617375
1205,0.0219126640618,0.0914347947387,603.056108252
1206,0.0217303444157,0.0927345110606,599.273667066
1207,0.0216012141881,0.0941569376312,594.613625159
1208,0.0209672661785,0.0954528233935,591.936919923
1209,0.0205293267467,0.0980911211156,584.229572412
1210,0.0205839517993,0.096433182213,589.814300836
1211,0.0211447792952,0.0991308097456,578.45476736
1212,0.0217432433966,0.100290387137,572.005951989
1213,0.0216001804914,0.10197537597,568.548357076
1214,0.0244742559591,0.104157152625,552.824392516
1215,0.023017928475,0.103905040782,560.718035561
1216,0.0213791514846,0.103611988977,567.644602909
1217,0.0241467393541,0.105591714015,561.039019538
1218,0.0233943534399,0.106978367467,567.517830954
1219,0.0226501193207,0.108818839228,571.885084465
1220,0.0235559459875,0.112080460138,579.28281759
1221,0.0233647326486,0.113938565538,579.532462676
1222,0.0225853172784,0.111139656229,575.169724512
1223,0.0254157837666,0.116005284219,595.06625206
1224,0.0252643468563,0.114780032564,591.46839565
1225,0.0240058744292,0.114731340464,583.235696015
1226,0.0255715331776,0.117499212435,600.523657063
1227,0.0399314999703,0.111601606938,666.523407931
1228,0.0394222746938,0.11181296117,664.252288026
1229,0.0391995006135,0.112978394892,666.918682459
1230,0.0390223101821,0.112436945559,664.062557632
1231,0.0390079611875,0.113315162886,666.940954331
1232,0.038820809573,0.11366302333,667.039878841
1233,0.0392337386297,0.112145358335,664.275146914
1234,0.0386421819508,0.114017080509,667.22499021
1235,0.0380540458199,0.114213758862,664.509250819
1236,0.0375314980939,0.114504815688,662.591207895
1237,0.0371691248325,0.114849002001,661.676321914
1238,0.0368344131054,0.11502134377,660.380987612
1239,0.0364796558961,0.115286283642,659.362842068
1240,0.0365569506134,0.115957898297,662.1876086
1241,0.0363292461668,0.116343769625,662.292739975
1242,0.0356639965291,0.116518887992,659.281918658
1243,0.0259367588773,0.119130150319,610.523692808
1244,0.0268292310754,0.119841613833,621.029109455
1245,0.0284288378359,0.119674265715,630.699224075
1246,0.0300014529351,0.1196732534,639.807200984
1247,0.0319501926145,0.119262329566,649.296970824
1248,0.0308768177034,0.119591524512,644.56243362
1249,0.0344603000996,0.116967872296,654.200209872
1250,0.0336648041102,0.117198874023,650.606783089
1251,0.0327388677083,0.117735519442,647.456263754
1252,0.0324567822822,0.118715040486,649.752660888
1253,0.0353047448458,0.116927507205,658.759845316
1254,0.0222749141535,0.0886418182604,611.29025286
1255,0.0221130400124,0.0892023295907,609.822602742
1256,0.0220082010621,0.0896530950196,608.757756777
1257,0.0220742861991,0.0904625423781,605.815852026
1258,0.0239299203296,0.0870023990306,610.69924762
1259,0.0245789019456,0.0871657261367,607.714728434
1260,0.0237197598734,0.0875508284106,609.556266385
1261,0.0253416534177,0.0872252839941,604.636092711
1262,0.0235789649912,0.0879846473687,608.731525095
1263,0.0232689491846,0.0884082372122,608.482221521
1264,0.0226040235903,0.0884041255839,610.886649446
1265,0.0216403340813,0.0908186174443,606.129612215
1266,0.0213999991612,0.0916820610024,603.966503312
1267,0.0212740912566,0.0922783410992,602.243750629
1268,0.0212309038834,0.0933927305182,598.537005116
1269,0.020939885154,0.0945785412176,595.23981421
1270,0.0200955390877,0.0951972327135,596.094923786
1271,0.0194812229036,0.098932132143,585.468100697
1272,0.0197942929724,0.0973219675566,589.64857121
1273,0.0196818977054,0.0959234372142,594.958912267
1274,0.0201112398264,0.0999049684831,580.059647995
1275,0.0208238172022,0.100947814304,574.320295039
1276,0.0205955556163,0.102648547398,571.651847613
1277,0.0236009362363,0.104762804717,559.66153714
1278,0.0221116806332,0.10458939117,565.116396887
1279,0.0204321837601,0.104332968802,570.123974038
1280,0.0232970027743,0.106095768448,564.899894275
1281,0.0220092448444,0.107536230764,569.253171048
1282,0.0213358299947,0.109390223978,571.092993509
1283,0.0226043955573,0.113116077341,576.238951942
1284,0.0224045750041,0.114911088407,573.544464582
1285,0.0217789866913,0.112383579443,573.550632604
1286,0.0215151368676,0.110662151282,572.472538908
1287,0.0246710269574,0.116869400843,590.607712746
1288,0.0246439770639,0.115422109395,588.178610663
1289,0.0231361460581,0.115584926023,577.034274562
1290,0.0248114112597,0.118455383242,596.885604051
1291,0.0397532296478,0.111958106505,666.670996292
1292,0.039394770666,0.112646759626,666.922425745
1293,0.0395730580721,0.112306730255,666.814577502
1294,0.038475290844,0.114375079026,667.494173326
1295,0.0379390446097,0.114613486426,665.266450689
1296,0.0374746357104,0.114856865478,663.511937731
1297,0.0373302278667,0.115114758232,663.613520621
1298,0.0370757191393,0.115344431073,662.944579692
1299,0.0368014988628,0.115618851977,662.354927615
1300,0.036941239799,0.116205177234,665.199099895
1301,0.0367345382434,0.116552624984,665.254742728
1302,0.0361160005511,0.116758040214,662.528699122
1303,0.025373893286,0.120063947904,611.556686562
1304,0.026145226109,0.120800683128,621.794731232
1305,0.0276215581251,0.120631466809,630.429625221
1306,0.0291154376182,0.120417320027,638.277049479
1307,0.0304518873234,0.120406723105,646.033651032
1308,0.0325768205689,0.119713181516,654.442086066
1309,0.0315328247528,0.120042783793,650.246868796
1310,0.0349468654832,0.117334771059,658.266659792
1311,0.0342033598647,0.117507168156,654.830470736
1312,0.0334476443495,0.117769396152,651.471189824
1313,0.0330681451677,0.118420367972,652.170240603
1314,0.0330346717986,0.119230599324,655.106248081
1315,0.0356961156942,0.117350810455,662.35355092
1316,0.0219769124703,0.0883046304119,613.495321567
1317,0.0219521512833,0.0888271496838,611.834858116
1318,0.0217242526428,0.0890684195785,611.814088924
1319,0.0215458699723,0.0893922132131,611.308031654
1320,0.0216849115933,0.0900374016826,608.634973682
1321,0.0236408203064,0.0866534905636,612.952950687
1322,0.023598665743,0.0871837097934,611.363801008
1323,0.0242754408354,0.0867706174676,610.146989151
1324,0.0249796473232,0.0868508977102,607.220628502
1325,0.0233560885164,0.0874238930047,611.482910607
1326,0.0257482715146,0.0868021965455,604.412956563
1327,0.0231604369416,0.0877549592793,611.042586195
1328,0.0229067329942,0.0880967836745,610.819881824
1329,0.0222690226509,0.088047506164,613.316436217
1330,0.0213149300757,0.090370165197,608.779700508
1331,0.0212006056288,0.0911261192499,606.585412407
1332,0.020925235263,0.0918997893401,604.92994653
1333,0.0208368266719,0.0927983420056,602.064735561
1334,0.020731083752,0.0939057836723,598.646251036
1335,0.0203800772889,0.0944848045517,597.671965246
1336,0.0194533544707,0.0946970675234,600.114597064
1337,0.018883734389,0.098060960754,590.438940082
1338,0.0184098751834,0.0996576755879,586.991653663
1339,0.0190678407782,0.0966235457078,594.656191599
1340,0.0189708596182,0.0952933387824,599.648819828
1341,0.0190633204883,0.100655666935,581.737598312
1342,0.0198074174088,0.101655482557,576.432180905
1343,0.0195546469852,0.103363724363,573.731182165
1344,0.022724475376,0.105543067707,564.687368175
1345,0.021170664648,0.105271746529,568.011855383
1346,0.0195624640342,0.105160093717,571.206636799
1347,0.0216081422247,0.106335964004,568.076679163
1348,0.0206305482566,0.108236566305,569.681353761
1349,0.020008868497,0.109940724981,569.59433159
1350,0.0216490782074,0.114223948516,571.441432252
1351,0.0215604112702,0.115975778132,564.582065282
1352,0.0208612254639,0.113468112937,570.301254181
1353,0.0209775657416,0.111762163784,571.603726603
1354,0.0204268352733,0.110963280342,570.461048237
1355,0.0238925000622,0.117729397187,584.653878771
1356,0.0239098425273,0.116245192792,582.960828763
1357,0.022406816087,0.116421997566,568.994753468
1358,0.0243594690891,0.11941127647,597.835400787
1359,0.0383132214125,0.114734138482,667.801265737
1360,0.0377996962087,0.114973815977,665.76293497
1361,0.037620768975,0.115291716087,665.84879528
1362,0.0373950973619,0.115584533099,665.585411868
1363,0.0371619472906,0.115881710962,665.308644921
1364,0.0373436017732,0.116418934813,668.176371444
1365,0.0371487816851,0.116754330255,668.266674799
1366,0.0365769219583,0.11691111958,665.659563929
1367,0.0360867967229,0.117175312045,663.73240414
1368,0.0248116526282,0.120977277319,613.525625078
1369,0.0268988123963,0.121522907367,631.079203599
1370,0.0254948892801,0.121752689211,624.003542586
1371,0.0283968485853,0.121304031537,638.701453907
1372,0.029707873949,0.121026606345,644.600250796
1373,0.0309833598342,0.120865786112,650.813024634
1374,0.033129682626,0.120001895478,658.522231671
1375,0.0321715382265,0.120350221444,654.765919843
1376,0.0353677204307,0.117700283008,661.872378408
1377,0.0346654235746,0.117792448226,658.403819235
1378,0.0339809288181,0.118012688796,655.668698825
1379,0.0336412088581,0.118294696778,654.644170373
1380,0.0335700588403,0.118920809934,656.622201323
1381,0.0335480927018,0.119590037646,659.161742309
1382,0.0360224965912,0.117745606244,665.598851161
1383,0.0216821742086,0.0885570796313,613.68379951
1384,0.0214068937919,0.0888258600589,613.742463705
1385,0.0211528665321,0.0891137009371,613.641797447
1386,0.0212875283603,0.0897213195104,611.071691289
1387,0.0239363825811,0.0863986135261,612.678105125
1388,0.0233456895838,0.0869058368441,613.207806579
1389,0.0246115287276,0.0864852900888,609.815540146
1390,0.0253417098681,0.0864960208772,606.974200635
1391,0.0230675046077,0.0871850469091,613.300887242
1392,0.0261331066897,0.0863505918919,604.344362103
1393,0.0228101374719,0.0874812198175,613.262650462
1394,0.0225484612492,0.0877715110582,613.233990286
1395,0.0209678228148,0.0900312492849,611.122891696
1396,0.0209376823182,0.0907016030001,608.923747873
1397,0.0207473629205,0.0914605510987,606.950680268
1398,0.0204451695541,0.0923620654028,604.936773602
1399,0.0203612045181,0.0933848438633,601.621119008
1400,0.019899972285,0.0940601114181,600.812320663
1401,0.0189008849814,0.0941439717418,603.948311543
1402,0.0182820963627,0.0972310020034,595.381342625
1403,0.0178976297621,0.098662952653,591.906423049
1404,0.0172735198547,0.100348226653,588.574063933
1405,0.0184059634129,0.0958698067315,599.621978223
1406,0.0183943804268,0.0946734987467,603.83378107
1407,0.0178813329118,0.101316888887,583.643067669
1408,0.0186526263129,0.102325391411,578.616975702
1409,0.0187065841013,0.104440649053,573.737911086
1410,0.0201575259907,0.105890076742,569.64059419
1411,0.0190987938134,0.106218978046,570.49970439
1412,0.0205321117959,0.106654883751,569.133675069
1413,0.0193487556717,0.108952880613,568.759112423
1414,0.0196181558277,0.107269177981,569.437530431
1415,0.0188524437979,0.110676507238,567.807440234
1416,0.0207224207387,0.115309684664,564.770354243
1417,0.0199396816406,0.114365728026,566.805797245
1418,0.0201043220563,0.11262055635,569.537509259
1419,0.0194470800436,0.111676289127,568.749501918
1420,0.0232160642716,0.117021813086,576.213384735
1421,0.0241128160297,0.120332097345,602.446934324
1422,0.0381409790002,0.115088607988,668.041950649
1423,0.0379521778914,0.115431921075,668.166009496
1424,0.0377511390888,0.11576202753,668.181666705
1425,0.0375461411485,0.116088134892,668.161282415
1426,0.0369720365678,0.117092730484,668.479139213
1427,0.0364758851926,0.117244421883,666.344077579
1428,0.0362995727638,0.117503810648,666.280781603
1429,0.0242183623655,0.121938981893,617.595596374
1430,0.0262109171934,0.122429885935,632.876440738
1431,0.0277088904615,0.122165305391,639.57712037
1432,0.0248263944814,0.122729460058,627.496151741
1433,0.0290626466021,0.121592858075,643.869578318
1434,0.0302159738777,0.121566896027,649.991725802
1435,0.0314062950765,0.121409865092,655.294037943
1436,0.0336772627492,0.120231569475,662.321100847
1437,0.0328348004887,0.120477017619,658.864532563
1438,0.0320620680623,0.121058446446,657.09410839
1439,0.0357470269691,0.118050670335,665.173332691
1440,0.0350878140804,0.118099435971,661.810013118
1441,0.0344161882983,0.118290392534,658.873503389
1442,0.0340822442148,0.118680348752,658.700494057
1443,0.034064984837,0.119262243593,660.756244403
1444,0.0340318073016,0.119882714331,662.771688301
1445,0.0363708545847,0.118059571571,668.580976346
1446,0.0208878099562,0.0894031373657,613.56281319
1447,0.024226104977,0.0861233481996,612.484902247
1448,0.024925502588,0.0861735304936,609.640083724
1449,0.0256581622291,0.0861155515902,606.989622542
1450,0.0264083448477,0.0858802161454,604.786612502
1451,0.0205987093603,0.0896840928659,613.589661915
1452,0.0206371018701,0.0903304742336,611.232546861
1453,0.0205627625682,0.0910309152387,609.076125285
1454,0.0202610324743,0.0918713004827,607.179245458
1455,0.0199459599402,0.0929834841309,604.426049264
1456,0.0194432622599,0.0936086776458,603.943339737
1457,0.0184947884765,0.0936023217096,607.162038331
1458,0.0177241999403,0.096413980874,600.101417705
1459,0.0174375322793,0.0977518968141,596.553974266
1460,0.0169589145661,0.0990834758603,593.765930023
1461,0.0160200526177,0.100880462384,590.604513638
1462,0.016906463297,0.099740148532,591.780000252
1463,0.0178968858049,0.095223816234,603.615219641
1464,0.0178392027292,0.0942565510592,607.083071362
1465,0.0165045836312,0.101866658331,586.023733439
1466,0.0172628805346,0.102884082716,580.607375255
1467,0.0175524674409,0.104091660805,576.731298977
1468,0.0181362738039,0.105884598808,571.523491549
1469,0.0181875800688,0.109716328525,566.869997749
1470,0.0184293888478,0.107990096045,568.454454459
1471,0.0178624545801,0.111473450337,566.167671809
1472,0.0198506105347,0.116025254442,559.664254396
1473,0.0190674236287,0.115154334595,564.487845563
1474,0.0192056605669,0.113445490824,567.590802831
1475,0.0185181700229,0.112476853036,567.306857968
1476,0.0236829906269,0.121260537493,607.510000168
1477,0.0368009246992,0.117428529962,668.71651121
1478,0.0366008825728,0.117749697147,668.743207604
1479,0.0234841928552,0.122860450826,622.052304133
1480,0.0269487985118,0.12301908231,640.615865532
1481,0.0254935820805,0.123360732753,635.598057377
1482,0.0285717896635,0.122755815244,646.996786801
1483,0.0240005597265,0.123714113087,631.634508857
1484,0.0293496229347,0.122165364026,648.155814542
1485,0.0307659438133,0.121996014687,654.560082379
1486,0.0318127446525,0.12200837707,660.002864903
1487,0.0341641087645,0.120465166981,665.698767956
1488,0.0333966576876,0.120612238547,662.331133231
1489,0.0326857831545,0.120968414662,660.042071623
1490,0.0322930990948,0.121679099231,660.972014754
1491,0.0361406681153,0.11837750358,668.465182117
1492,0.035501733396,0.118408965864,665.154352082
1493,0.0348458458722,0.118528378098,662.10116167
1494,0.0345338971254,0.118931330159,661.890640451
1495,0.0344387669361,0.119584404973,663.70654552
1496,0.0344582532884,0.120151573042,666.078013162
1497,0.0245091683108,0.0858357085492,612.356017996
1498,0.025209936183,0.0858439638796,609.627035279
1499,0.0259027099544,0.0857172361502,607.342348701
1500,0.0265505728124,0.0853916196865,605.819526489
1501,0.0203016976978,0.0899604081891,613.661366427
1502,0.0203095798021,0.090619414106,611.354204551
1503,0.0201879976065,0.0913292121692,609.282572388
1504,0.0197690506138,0.0921088340923,607.962573475
1505,0.0194956389038,0.0926951238095,606.87962757
1506,0.0190372312365,0.0932040681565,606.701711965
1507,0.0182644282842,0.0931072423791,609.639994279
1508,0.0180248663557,0.0938176693979,608.055673498
1509,0.0173159488985,0.0957471916724,603.783594769
1510,0.0169596920903,0.096925358448,601.024194789
1511,0.0166057570713,0.098256633244,597.635430064
1512,0.0163105161035,0.0995179985389,594.395284157
1513,0.0156922619582,0.0999614101541,594.700051431
1514,0.0147198147212,0.100873598299,594.418922564
1515,0.0174740410595,0.0947630822347,606.59616263
1516,0.0173471218451,0.093968274943,609.804194337
1517,0.0151354670086,0.102474034476,587.489982556
1518,0.0158096730521,0.103432200962,582.211102643
1519,0.016190109502,0.104435095202,577.902983339
1520,0.0172916208279,0.105356703112,573.546407383
1521,0.017484545063,0.10708555497,569.225894215
1522,0.0171417872559,0.110512958982,564.468850045
1523,0.0174178002145,0.108812330595,566.206678723
1524,0.0169642073434,0.112279387009,565.248411896
1525,0.0190410528421,0.1164850553,559.151332294
1526,0.0182900768744,0.114288198578,566.718825567
1527,0.0185902965942,0.115843121234,563.812681532
1528,0.0176292438687,0.113279438962,566.813456215
1529,0.023050847237,0.122077445554,611.853612431
1530,0.0225345477428,0.123590530481,625.074022643
1531,0.0275388577072,0.123657076437,647.076307237
1532,0.026220255064,0.123925609816,642.962628344
1533,0.024700672541,0.12428712638,638.881293024
1534,0.0291252589796,0.123310327144,653.013399407
1535,0.0282017720386,0.123322283638,648.625699207
1536,0.0229055120043,0.124598318754,635.495671275
1537,0.0297040245904,0.122830095047,653.226993922
1538,0.0313268540657,0.122366929202,659.081373001
1539,0.0303942442814,0.122642815469,655.652723467
1540,0.0321490565139,0.122510133696,663.67740287
1541,0.034607199711,0.120699171766,668.873389056
1542,0.0339053553451,0.120799911937,665.674226329
1543,0.0332362807851,0.121008685132,663.084134283
1544,0.0327138978689,0.121410143049,661.958400277
1545,0.0326532350331,0.122044709323,664.287996992
1546,0.0359207622199,0.118711688143,668.468305211
1547,0.0352666139665,0.118788778386,665.26642315
1548,0.0350285710224,0.119165049759,665.35294115
1549,0.0348855643997,0.119531839587,665.989465595
1550,0.0347290503078,0.119856336959,666.414258643
1551,0.0348524632057,0.12038457849,668.954342123
1552,0.0247824941834,0.0855411875584,612.284295177
1553,0.0254562344098,0.0854990995898,609.810508824
1554,0.0261018733945,0.0853112355229,607.895678181
1555,0.0265762255534,0.0848959423626,607.366760485
1556,0.0200056313163,0.0902304447816,613.748756257
1557,0.0199939444456,0.0908755439244,611.567140481
1558,0.0198245634157,0.0915397527202,609.801270161
1559,0.0193544616943,0.0920260746227,609.718191111
1560,0.0190602885638,0.0924414936349,609.277657614
1561,0.0186949119579,0.092821012637,609.183668906
1562,0.0180159171087,0.0926791106482,611.998917215
1563,0.0178062151628,0.0932076532497,610.772885398
1564,0.0176492256348,0.0935912746598,610.035541215
1565,0.0170154726747,0.095218206978,606.59896401
1566,0.0166694213226,0.0961790318151,604.470478249
1567,0.0162219861173,0.0974682502401,601.683833574
1568,0.0158802765485,0.0987363974436,598.574579909
1569,0.0152662053771,0.0991501748296,599.124315273
1570,0.0147983941615,0.100113399531,597.0195451
1571,0.0137260795635,0.100381896083,599.702493437
1572,0.0141330951593,0.101664407127,593.370410301
1573,0.0170495308647,0.094359668376,609.45378959
1574,0.0169397396402,0.0936685036766,612.214577064
1575,0.0139427937447,0.103219351066,587.599675882
1576,0.014557486589,0.104136318871,581.992284249
1577,0.0149700815893,0.105120084848,576.787958102
1578,0.0163456477112,0.105433118992,574.272710763
1579,0.0167191902439,0.106293913378,570.976854636
1580,0.0166096138292,0.107940012333,566.348970053
1581,0.0163692389184,0.109590589685,562.691654351
1582,0.0162364011713,0.111351967742,562.430845267
1583,0.016125966148,0.113100797324,565.889696508
1584,0.0182478743012,0.117052990605,562.458763689
1585,0.0173378631443,0.115045243885,568.282260898
1586,0.0178193996906,0.116136783533,566.480738247
1587,0.0167620961773,0.114027295973,567.905923014
1588,0.0222153445474,0.122708122028,614.806948611
1589,0.0213792474478,0.124083882663,626.567502914
1590,0.0280017046717,0.124256750066,652.857818573
1591,0.0269302910874,0.124377223598,648.736229474
1592,0.0255358996117,0.124774394156,645.633263658
1593,0.0241327073309,0.125037265458,642.6255158
1594,0.0293426318716,0.12383763646,656.60051906
1595,0.0285665112384,0.123785905545,652.748200067
1596,0.021652285977,0.12527840549,638.416411992
1597,0.0233092052936,0.125441467035,642.708358248
1598,0.0298315168337,0.123462470746,657.005661224
1599,0.0317537036261,0.122759242366,662.898724367
1600,0.0310008211796,0.122816933787,659.536000428
1601,0.0303269693067,0.12326700235,658.361491356
1602,0.0324198986178,0.122882778991,666.656660727
1603,0.0325441541194,0.122404274355,665.137072276
1604,0.0343773625766,0.12101842064,668.906523618
1605,0.0337184661084,0.12115277346,666.102652954
1606,0.0331337836369,0.121384540435,664.103181147
1607,0.0329356488271,0.121702319966,664.35567576
1608,0.0330740746477,0.12217813264,666.889814399
1609,0.0357024676504,0.119053720369,668.529959319
1610,0.035494490273,0.119392285096,668.676414283
1611,0.0352995794346,0.119727370885,668.870119921
1612,0.0350901126987,0.120061362892,668.986255462
1613,0.0250464224839,0.0852417411146,612.258158813
1614,0.025689071589,0.0851517714946,610.039142637
1615,0.0262129427849,0.0849296766482,608.671080084
1616,0.0264152690762,0.0844545840386,609.542727219
1617,0.0197120192063,0.0904892909615,613.864748768
1618,0.0196946609185,0.0910787950343,611.88538044
1619,0.0195044753886,0.0916039991955,610.647689038
1620,0.0189748761059,0.0918078169137,611.761435973
1621,0.0186789396365,0.0921331767819,611.638517682
1622,0.0183627819813,0.0924373456141,611.65313244
1623,0.0177048046506,0.0923221551956,614.289106042
1624,0.0176691484431,0.0928572931722,612.583027893
1625,0.0174151843424,0.0930750200804,612.704719143
1626,0.0172046941246,0.0933608601164,612.382658762
1627,0.0167018134904,0.0947374112446,609.32351918
1628,0.0165243225001,0.0955568527893,607.128047903
1629,0.0160049293548,0.0963221951661,606.192936654
1630,0.0155431388014,0.0980013176534,602.102562431
1631,0.0157307299151,0.0969308545957,605.041402216
1632,0.0148641619222,0.0984416851607,602.902546408
1633,0.0145928055023,0.0994838668923,600.098679104
1634,0.0140654417583,0.0998689180134,600.493510892
1635,0.013169384994,0.0998109538354,603.675600793
1636,0.0132001247941,0.100921290811,599.219788146
1637,0.0131213422753,0.102406593282,593.606112546
1638,0.0166530765839,0.0939986407314,612.032347407
1639,0.016553790497,0.0933566742461,614.58004979
1640,0.0128410370438,0.103945252494,587.290874267
1641,0.0134250840861,0.104870825412,580.638172935
1642,0.0138329952958,0.105907914046,573.726019538
1643,0.0153262540441,0.10609835414,571.93224284
1644,0.0158665343625,0.107038203849,568.175142307
1645,0.0156756022298,0.108717158759,562.00545895
1646,0.0153497909964,0.110395171037,557.900723186
1647,0.0154575001622,0.112195253048,562.134713104
1648,0.0154139114238,0.114125575321,569.815526436
1649,0.0175474858386,0.11771898227,569.112076217
1650,0.0163418248994,0.115648729587,572.73434603
1651,0.0169062476582,0.11672976209,572.283875314
1652,0.0160600526271,0.114692419016,570.544223969
1653,0.0211582188103,0.123088932955,615.969723658
1654,0.0203459356014,0.124446857922,628.915452044
1655,0.0284440128419,0.12472821641,657.332529229
1656,0.0275772533066,0.124771662355,653.884738476
1657,0.0267106976208,0.125213014618,652.927905593
1658,0.0260364343897,0.125463973479,652.094813827
1659,0.0250830454181,0.125436643071,648.708375455
1660,0.0244304468142,0.125722460852,648.346873102
1661,0.029582882225,0.124335394742,660.197861496
1662,0.0288667821171,0.124271350894,656.73241484
1663,0.0204181411119,0.125562985602,639.552925521
1664,0.0218311116982,0.126467354662,647.651473655
1665,0.0237160319605,0.126224936358,650.269513709
1666,0.0227545366925,0.126376642527,648.80085454
1667,0.0299765866561,0.124012594042,660.353956789
1668,0.0321234407951,0.123123275889,666.229243834
1669,0.0314573025636,0.123091236335,662.941545136
1670,0.0308090843293,0.123279919703,660.70657333
1671,0.03036351761,0.123811478178,661.12136022
1672,0.0327606974259,0.123172300133,669.439764808
1673,0.0327193834402,0.122671554103,667.251339462
1674,0.032914495009,0.122452895989,667.3696303
1675,0.0341590976242,0.121345071067,669.035709257
1676,0.0335321022148,0.121513385811,666.548499808
1677,0.033306124421,0.121856308351,666.795455985
1678,0.0334856458129,0.122303214462,669.444334236
1679,0.0252994177169,0.0849420557905,612.283215554
1680,0.0258927822848,0.0848461714719,610.338959536
1681,0.0261130487123,0.0846203925373,610.189591279
1682,0.0261027254401,0.0841165084223,611.927761477
1683,0.0194230753741,0.0907315701091,614.024084206
1684,0.0194083892622,0.091252350113,612.291850549
1685,0.0191938196081,0.0914908545243,612.173964882
1686,0.0185915270511,0.0915274864244,614.051534122
1687,0.0183060637363,0.0918038899191,614.050117037
1688,0.0180111338666,0.0920727529602,614.116980149
1689,0.0173950026335,0.092561389854,614.507224491
1690,0.0171034465819,0.0928146924525,614.616730601
1691,0.0168288469352,0.0930799918422,614.628000091
1692,0.0163499212307,0.0943104382022,611.986179856
1693,0.0163137077747,0.0950265733414,609.645061578
1694,0.0160169462701,0.0957139668943,608.270511453
1695,0.0154341871245,0.0961365153543,608.811440464
1696,0.0151907018418,0.0974355427144,605.191375452
1697,0.0152049093561,0.0965647558864,608.114132487
1698,0.0145840375199,0.0977889266483,605.969921479
1699,0.0142059846507,0.0988846138564,603.468924199
1700,0.0136549569549,0.0993569282038,603.711439879
1701,0.0128062706162,0.0993291593235,606.620407482
1702,0.0126625765381,0.100262588033,603.744676348
1703,0.0126024654653,0.101216301144,600.290876777
1704,0.0121393302221,0.103150784804,593.560333431
1705,0.0121890548575,0.101789323171,599.31228309
1706,0.0162679231677,0.0936376730158,614.575382576
1707,0.0117364682072,0.104633726007,587.223644027
1708,0.012365050625,0.105498515929,579.591432539
1709,0.0127392294617,0.106340523042,571.807091318
1710,0.0143204931098,0.106917885877,567.051876627
1711,0.0150163598907,0.107851852296,563.105034665
1712,0.0146767566249,0.109444277019,554.928881064
1713,0.0146427539458,0.111237571451,555.17544779
1714,0.0147239118283,0.113007783858,564.32001126
1715,0.0147440612345,0.115266545112,576.290525309
1716,0.0166367878754,0.118382659311,579.882908706
1717,0.0154177009672,0.116339856552,578.896544637
1718,0.0160236646699,0.117391332641,579.99035246
1719,0.0200522249797,0.123070343351,614.307440324
1720,0.0193148129332,0.124669043204,631.037338992
1721,0.0196268102766,0.123860135396,622.484592445
1722,0.0288394912936,0.125179805081,661.403696523
1723,0.0280944955125,0.125220746088,658.649680892
1724,0.0273290954811,0.125346810698,656.181673381
1725,0.0268012227748,0.126018140562,658.323205628
1726,0.0262388473568,0.126245592192,657.711581482
1727,0.0253615382502,0.12600110944,653.336803193
1728,0.0246987302463,0.126482227673,654.615912205
1729,0.0298837542827,0.124762507634,663.578493799
1730,0.0291999976308,0.124739994667,660.603934605
1731,0.019102241787,0.12571372532,640.041559394
1732,0.0200189038739,0.126822161354,649.015748311
1733,0.0209092254061,0.127131053688,651.755421273
1734,0.022017636013,0.127454936478,655.531109099
1735,0.0240385126712,0.126956921089,656.051094972
1736,0.0232732246007,0.12663477157,652.121438246
1737,0.0226963810484,0.127359614795,656.098653291
1738,0.0302176223207,0.124473928734,663.649266007
1739,0.0324964032979,0.123450142375,669.347440072
1740,0.0318598551781,0.123412958496,666.236967714
1741,0.0312453005576,0.123462935322,663.628993375
1742,0.0307340435103,0.123720623566,662.352780151
1743,0.0305468031358,0.12426440632,664.136664923
1744,0.0330286180794,0.122891197832,669.559980316
1745,0.0332698884423,0.122599592969,669.573860415
1746,0.0339400350343,0.121673384294,669.199097944
1747,0.0337112410646,0.121995343079,669.315462221
1748,0.0255607315677,0.0846518041531,612.229921608
1749,0.0258284281973,0.0843733014519,612.133985837
1750,0.0191372877113,0.0909765819159,614.127562083
1751,0.0188625607359,0.0912467627065,614.114012692
1752,0.0159719852128,0.0939050934082,614.657793512
1753,0.0160186889881,0.0945630143061,612.248545623
1754,0.0159091846222,0.0951824314513,610.503972226
1755,0.0155885465665,0.0956961894533,609.758398882
1756,0.0150333633818,0.0958314201904,611.238085047
1757,0.0148444993685,0.0969455501516,608.004707595
1758,0.0147869089401,0.0961833392949,610.854436938
1759,0.0139673915082,0.0978442703668,607.777516005
1760,0.0143713281886,0.0971760736115,608.846581408
1761,0.0137420109447,0.0984018995024,606.659690123
1762,0.0132895753339,0.098882894692,606.557321468
1763,0.0124722707441,0.0989104281137,609.227682164
1764,0.0123049461828,0.0997452784055,606.848987462
1765,0.0121336754825,0.100726001323,603.836609903
1766,0.0111427047363,0.103815739961,594.180018371
1767,0.0113513071228,0.10246871429,599.674905876
1768,0.0115222308154,0.101200330654,604.174489528
1769,0.0108401463176,0.105337881262,587.317685089
1770,0.011712789256,0.106125884727,577.200980302
1771,0.0126349965743,0.107129119993,564.988087677
1772,0.0135510219305,0.107692160796,560.308940669
1773,0.0142260390446,0.108561761592,556.229154181
1774,0.0141348637294,0.112023816346,556.181765908
1775,0.0139688067552,0.113559014426,567.367951379
1776,0.0139303493451,0.116193473345,584.63974933
1777,0.0139644525542,0.11457869256,574.557975976
1778,0.0154873048775,0.118987235771,592.209617116
1779,0.0169946341961,0.119352123613,582.837675888
1780,0.0144847654221,0.1171168782,587.353721363
1781,0.0150226082699,0.118084003855,589.832211254
1782,0.0190863185987,0.12268978669,609.983914895
1783,0.0181051349396,0.124544078764,630.710764111
1784,0.0186226241416,0.123481522105,619.422455437
1785,0.0292638612769,0.125510304591,664.699797364
1786,0.028498598115,0.125618769834,662.284933398
1787,0.0278398147847,0.125674470478,660.093900346
1788,0.0272736726907,0.125947475468,659.464357651
1789,0.026918674792,0.126640396708,662.29840995
1790,0.0264271439029,0.126842111436,661.892099707
1791,0.0256309175355,0.126609665463,658.053930113
1792,0.0250290399287,0.12707850029,659.345172698
1793,0.0302397279178,0.125120129398,666.796305652
1794,0.0295596010844,0.125120651944,663.985946596
1795,0.0177364197454,0.125735905904,641.21634744
1796,0.0187454537613,0.126876519974,649.456092421
1797,0.019466616701,0.127934126921,657.077823887
1798,0.0202559999416,0.128070762861,658.429308774
1799,0.0213268291998,0.127759912723,656.864493012
1800,0.0221152518605,0.128223711848,661.031337363
1801,0.0244028174331,0.127533093216,660.578874386
1802,0.0233582250574,0.127278358341,656.88323801
1803,0.0227113508607,0.128108345202,661.143907742
1804,0.0305419280728,0.124853588297,666.822444295
1805,0.0322424493063,0.123739428817,669.373671839
1806,0.0316326115485,0.12373913546,666.602743354
1807,0.0310799027026,0.12382035475,664.490127186
1808,0.0308555177821,0.124083055949,664.69222494
1809,0.0308489897432,0.124615311889,667.052428186
1810,0.0156673186513,0.0941543980545,614.831708368
1811,0.0156666915441,0.094750727501,612.80034979
1812,0.0155542274352,0.0952757234192,611.419653353
1813,0.015283648524,0.0954943218609,611.57120996
1814,0.0147282539361,0.0954977563076,613.393829085
1815,0.0145060905292,0.0964949688547,610.705966521
1816,0.0144572035155,0.095799662032,613.270873786
1817,0.0134309940587,0.0976609625116,610.317778174
1818,0.0139122793869,0.0972733096317,609.99852676
1819,0.014132910381,0.0966887272174,611.290604671
1820,0.0132130802039,0.0980855008021,609.608758826
1821,0.0128806737327,0.0985149936368,609.211443068
1822,0.0121327341035,0.098492498886,611.858244882
1823,0.0120154815974,0.0992373163183,609.662394187
1824,0.0117645836243,0.100118083455,607.414785823
1825,0.0101946135694,0.104433916662,595.636637798
1826,0.010478956922,0.103111762466,600.486388113
1827,0.0104732305158,0.102007501494,605.003185956
1828,0.0111998598348,0.100497685168,608.04559781
1829,0.0107506650298,0.101398175535,606.185119392
1830,0.00998372320274,0.105899792641,588.197109762
1831,0.011567194813,0.106830152318,571.681322102
1832,0.0134873510635,0.112731176554,559.962192145
1833,0.0132591437265,0.114027863595,571.979035343
1834,0.0132529632715,0.115443228606,582.632782752
1835,0.0130377595463,0.117069755026,594.240300527
1836,0.0158455466427,0.119910122196,596.458682866
1837,0.0143516017819,0.119518070002,602.675764716
1838,0.0171968176907,0.120293323373,589.601779537
1839,0.013628699682,0.117614982167,594.658017963
1840,0.0141777944656,0.118687398189,598.285452608
1841,0.0182587230225,0.122074357555,604.340333405
1842,0.0170284169231,0.123809370622,626.261370724
1843,0.0177108622194,0.122830704826,614.654717314
1844,0.0297025335251,0.125740461614,667.626249413
1845,0.0291435504696,0.125925725676,666.242773435
1846,0.0287786141919,0.126040804017,665.52634748
1847,0.0282181983486,0.12601182885,663.408465413
1848,0.0276940549106,0.126068916104,661.629515404
1849,0.0273391705563,0.126502459852,663.008168732
1850,0.0270842097433,0.127107463599,665.490117415
1851,0.0266702108906,0.127302372625,665.293253078
1852,0.0259210232979,0.127131803284,662.074076035
1853,0.0254529285725,0.127546757197,663.277242111
1854,0.0306268023268,0.125450080099,669.911923549
1855,0.0299504180664,0.125420714419,667.033103514
1856,0.0164458128004,0.125607342883,642.186943778
1857,0.0174621619917,0.126827092421,649.971858357
1858,0.0184076430153,0.127880930842,656.874881905
1859,0.0192332560267,0.128908265251,663.610915544
1860,0.0198680932698,0.12889952211,663.708759608
1861,0.0207644974106,0.128351754456,660.530179737
1862,0.0215664914806,0.128411634204,661.66210305
1863,0.0221877072772,0.128909685545,665.621647264
1864,0.0246766870435,0.1280910897,664.653790035
1865,0.0239209681813,0.128013648003,662.513701294
1866,0.0233520527912,0.127964121191,661.165394925
1867,0.0227161313571,0.128803486868,665.642965342
1868,0.0309111052019,0.125180275986,669.846231554
1869,0.0319935601686,0.124039973104,669.504616426
1870,0.0314059236148,0.124070615412,667.038752687
1871,0.0311445551773,0.124366828287,667.200207721
1872,0.0311959431116,0.124912494052,669.828336418
1873,0.0153536216619,0.0943888001367,615.080148452
1874,0.0153246154252,0.0949345225959,613.333204715
1875,0.0150130031852,0.0951909069103,613.485475333
1876,0.0144363700009,0.0951506311269,615.547358508
1877,0.014171411597,0.0960639707104,613.334261938
1878,0.0141444014161,0.095414291969,615.6327573
1879,0.0129977420862,0.0974477194899,612.546392193
1880,0.013512367857,0.0972755539259,611.305694452
1881,0.013748241581,0.0968207629408,612.182001635
1882,0.0138561001583,0.0962780439551,613.654226279
1883,0.0127730963609,0.0978141803209,612.014615615
1884,0.0124815108083,0.0981712031556,611.777298467
1885,0.0117876667915,0.09807137343,614.507587817
1886,0.0117419268205,0.098758709633,612.290961538
1887,0.0115264992734,0.0994830086783,610.48629835
1888,0.00930120382911,0.104960459322,598.050690257
1889,0.00961067061675,0.103680601758,602.104048295
1890,0.00972920632891,0.102533270655,606.33022091
1891,0.00963212249062,0.101661531346,609.970394259
1892,0.0106428348229,0.100795282264,609.08392412
1893,0.0109214097682,0.100009333709,610.781836244
1894,0.00995740265274,0.101254609175,610.099330637
1895,0.0104708860315,0.106796676924,578.50602226
1896,0.00895397773435,0.106273444002,593.867730039
1897,0.0127260806874,0.113356748987,566.942220722
1898,0.0125647459603,0.114696148286,579.832949184
1899,0.0123822358771,0.116284284685,592.371073698
1900,0.0121987705728,0.118102590263,605.233883956
1901,0.0163181517389,0.1208729465,601.396304051
1902,0.014765710526,0.12051935421,607.46185996
1903,0.0131368770093,0.119879806193,611.627922556
1904,0.0176175735016,0.121243996066,597.200569073
1905,0.0132322445218,0.11860408037,602.866734858
1906,0.0161261236322,0.12452384346,633.897043461
1907,0.0161156082899,0.122696180737,618.722930924
1908,0.0169339192066,0.121907331454,608.077687254
1909,0.0300842085037,0.126011634521,670.395643618
1910,0.0295143936645,0.12604985305,668.433668147
1911,0.0292860491604,0.126278260958,668.730258372
1912,0.0289949902429,0.126453478005,668.534369261
1913,0.0284812702249,0.126324967156,665.976252673
1914,0.0279949528633,0.126320626414,664.311130244
1915,0.0277045446951,0.126452547974,663.945238307
1916,0.0274820309935,0.126957111775,665.947823074
1917,0.0273493904958,0.127534965873,668.656713559
1918,0.0269865843212,0.127734081644,668.651067419
1919,0.0262661229177,0.127559932655,665.576682377
1920,0.0259241359965,0.127888098583,666.532932155
1921,0.0251946823972,0.128062860521,665.637729031
1922,0.0303478418383,0.125726815067,670.081415074
1923,0.0153061124355,0.125164944333,641.170941485
1924,0.0161669701923,0.126586019065,649.885874867
1925,0.0172047069664,0.127788105271,657.072927052
1926,0.0180424695186,0.128769013523,662.967967051
1927,0.019226466604,0.129624187748,668.427750006
1928,0.0186180504288,0.129187279349,665.354391946
1929,0.0197009919828,0.129535988398,667.926289658
1930,0.0203724101201,0.129004326508,664.743831682
1931,0.0210931368136,0.128801645211,663.826952604
1932,0.0217226141002,0.129041754136,665.932280444
1933,0.0222600968365,0.129496133855,669.36420008
1934,0.0247629973932,0.12864396012,668.265558402
1935,0.0242251768415,0.128360390137,665.502272622
1936,0.0237868935659,0.128535106203,665.758746854
1937,0.0232750243297,0.128649881503,665.580173913
1938,0.0226894151818,0.129424659256,669.36845666
1939,0.0317398218681,0.12434358025,669.6681464
1940,0.0314741186713,0.12463622837,669.790655661
1941,0.0150393081722,0.0946254259752,615.321288495
1942,0.0147331723782,0.0948817527041,615.464394949
1943,0.0138494742457,0.0956655762852,615.767646475
1944,0.0126386886369,0.0971875489448,614.641600985
1945,0.0131771612071,0.0971374437973,613.052863757
1946,0.0134147756865,0.0969469931891,612.878387176
1947,0.0135153287936,0.0964603994523,614.176087991
1948,0.0135465091153,0.0959023783961,615.976064527
1949,0.0123857306068,0.0974990858378,614.431421512
1950,0.0121026111949,0.0977959338539,614.37293007
1951,0.0114390268537,0.0976530760872,617.132230513
1952,0.0114452113547,0.0983131145807,614.865141515
1953,0.0113235607912,0.0989469307146,613.135502139
1954,0.0110703305523,0.0995797636223,611.809987292
1955,0.00836512796447,0.105359085569,602.342078274
1956,0.00868610192376,0.104134864168,605.41059842
1957,0.00888640525867,0.103022706093,608.560283382
1958,0.00910578060231,0.102023968789,610.863416351
1959,0.00904084393504,0.101281252336,613.959993232
1960,0.0104962782673,0.100291986734,611.426943632
1961,0.0101033722154,0.100846995209,610.930102815
1962,0.0107025608444,0.0996849048418,612.856926986
1963,0.00941402999659,0.1009606565,613.521193919
1964,0.00944511971564,0.10711543436,585.05386191
1965,0.00795914367009,0.106624463726,600.486988795
1966,0.011895388174,0.113831865967,574.932794701
1967,0.0117655787061,0.115382429993,589.004641752
1968,0.0114856327868,0.117095772408,602.247599356
1969,0.0112547113416,0.119026977966,615.21978007
1970,0.0153671465463,0.121584087243,612.495024063
1971,0.0136804819424,0.121109194726,617.113740952
1972,0.0119734957421,0.120345929732,619.803218509
1973,0.0152246871136,0.1234000901,627.696227821
1974,0.0298246659455,0.126291310317,670.753428022
1975,0.0295448307427,0.126545635493,670.954873285
1976,0.0292489375076,0.126781366557,671.046085471
1977,0.0287073727631,0.126677760224,668.609021727
1978,0.0281879084801,0.126620371183,666.534911149
1979,0.0278545950101,0.126823109633,666.469322179
1980,0.0277136723686,0.12735259134,668.82015862
1981,0.0276644872288,0.127936427575,671.733682344
1982,0.0273321672017,0.128150702659,671.893677842
1983,0.0266400637175,0.127960907517,668.910468924
1984,0.026331476129,0.128220077261,669.525056277
1985,0.0256808501443,0.128252199259,668.020732341
1986,0.0251587663655,0.128568383039,668.631103768
1987,0.0148481630463,0.12607026367,648.705951649
1988,0.0143282455304,0.124198700229,636.713764313
1989,0.0159372670173,0.127531386901,656.77604
1990,0.0171407400039,0.128684728806,662.892048896
1991,0.017739300775,0.129598320477,668.52264994
1992,0.0191414089199,0.130129812198,671.558617336
1993,0.0187289604101,0.129752980355,669.280279449
1994,0.0182544908051,0.129734955806,669.273902778
1995,0.0195730790294,0.130085483795,671.326356444
1996,0.0201120036889,0.129610242662,668.499820273
1997,0.0207173622295,0.129340532217,667.13920061
1998,0.021300949407,0.129336860549,667.508689867
1999,0.0218594980134,0.12960959096,669.674351438
2000,0.0223650313536,0.13000466898,672.573327534
2001,0.0248659192087,0.129105778526,671.170154251
2002,0.0243461426269,0.128814198962,668.428545303
2003,0.0238913742399,0.128996893423,668.690791522
2004,0.0234208763205,0.129190971406,669.0182195
2005,0.0227188229106,0.129943324593,672.641337691
2006,0.0230914809643,0.129508122143,670.355906843
2007,0.0123273582057,0.0968763916829,616.754298354
2008,0.0128902088855,0.0968891440298,614.831510581
2009,0.0131814206848,0.0966487828628,614.670954556
2010,0.0132348688546,0.0961305582325,616.238414643
2011,0.0120394333765,0.0971414230438,616.827555645
2012,0.0117442705055,0.0974013214463,616.944928935
2013,0.0111234110961,0.0978924564387,617.40820858
2014,0.0110741676408,0.0985123581484,615.474826755
2015,0.0109210528337,0.099111123437,613.98271409
2016,0.00740988056487,0.105706234356,607.818602733
2017,0.00776517674089,0.104541318805,609.249420494
2018,0.00827432235358,0.103493652908,610.04132259
2019,0.00814949908939,0.102567178541,613.581753786
2020,0.00865018137903,0.101576465642,614.693791279
2021,0.0084063341322,0.102150258943,613.671311377
2022,0.00857193735065,0.100960368978,616.936526595
2023,0.0103565954473,0.0998894736419,613.391720561
2024,0.010084080404,0.1004527538,612.5051227
2025,0.00975071168863,0.10065589158,613.173700262
2026,0.0105518031767,0.0993065814694,614.667465363
2027,0.0092177352938,0.100552642294,615.595270745
2028,0.00855322112688,0.107572628661,591.440797407
2029,0.00695727817797,0.106980505352,607.854381106
2030,0.0110762705166,0.114432498702,584.857510221
2031,0.0108943484359,0.116079856931,598.566813292
2032,0.0105226031874,0.117841959645,611.802294987
2033,0.0101779732685,0.119780087537,624.849370071
2034,0.0144024349193,0.122279197485,622.231272192
2035,0.0126505986218,0.121738115745,625.887281713
2036,0.0109468474524,0.121060937181,628.853303337
2037,0.0289498293742,0.12701898463,671.171934432
2038,0.0284022228225,0.126937103445,668.881483346
2039,0.0280684782586,0.127165728811,668.982239172
2040,0.027997601906,0.127722322273,671.628114922
2041,0.0270038952615,0.128367864111,672.136905789
2042,0.026685610876,0.128591229203,672.49348889
2043,0.0260722259902,0.128500771577,670.450053044
2044,0.0255388787022,0.12859586089,669.63746458
2045,0.0252267812441,0.128994480733,671.298275847
2046,0.0146894290099,0.127107268083,655.805935033
2047,0.0136163681924,0.125073625589,645.035460854
2048,0.0134352695392,0.123042720581,631.645252334
2049,0.015688916401,0.128476134434,662.94906339
2050,0.017152015412,0.129514565905,668.370701995
2051,0.0163462778477,0.128968338955,665.449883009
2052,0.0177032654879,0.130256974949,672.654982234
2053,0.0190980596562,0.130618806081,674.511078162
2054,0.0186701290822,0.130198272857,672.025934683
2055,0.0181835930223,0.130228677729,672.298719459
2056,0.0195000554071,0.130600435325,674.43844244
2057,0.0199518791918,0.130150912425,671.81526417
2058,0.0204492240872,0.129874005334,670.219038987
2059,0.0209628357887,0.129769971423,669.835215624
2060,0.0214850830451,0.129828065262,670.59715533
2061,0.0220051535387,0.130115825969,672.872158279
2062,0.0225005253883,0.130499323417,675.647617306
2063,0.0250367024128,0.129530202959,673.913099607
2064,0.024484868262,0.129255312892,671.283209091
2065,0.0240875356774,0.129420349934,671.519004639
2066,0.0237086096119,0.129596772521,671.944815752
2067,0.0228620946437,0.130405727294,675.522558249
2068,0.0230635352994,0.129908462281,672.921024746
2069,0.0233833041658,0.129789873388,672.613975699
2070,0.0126161794811,0.0966102122366,616.681441885
2071,0.0129195210472,0.0963605593445,616.511090044
2072,0.0107986721395,0.0981218676599,617.757868542
2073,0.01070923286,0.0987164360139,616.093271307
2074,0.00647575946657,0.10603573132,613.494952496
2075,0.00689967079184,0.104895274093,613.844018341
2076,0.0071735072721,0.103948192854,614.698447708
2077,0.00755012934258,0.103374170626,614.149955424
2078,0.00755665327775,0.102279673737,617.652567853
2079,0.00750032483958,0.102870785391,616.079275134
2080,0.00822329225668,0.101240350578,617.637449202
2081,0.00818902589457,0.101776929927,616.113691723
2082,0.00781576187677,0.101987560525,617.437551477
2083,0.00810858371939,0.100701887047,619.743796217
2084,0.00877642051746,0.100602432078,617.165137649
2085,0.0101995442641,0.0995206025534,615.238641447
2086,0.0099852405193,0.100087398579,614.128342837
2087,0.00961246088329,0.10031941536,614.80710856
2088,0.0103667879183,0.0989422681937,616.552067171
2089,0.00918355495678,0.100136942898,617.051534595
2090,0.00753865369949,0.107987202255,599.660916121
2091,0.00597793969406,0.107548248463,614.320964909
2092,0.0102770607487,0.113789422943,585.164818683
2093,0.0103252869028,0.11522139729,595.850557185
2094,0.00991832129534,0.116732525919,608.487734141
2095,0.00947703652618,0.118505524798,621.184584965
2096,0.00933843271189,0.120745534122,634.064119443
2097,0.0116908052605,0.122464766642,634.442096159
2098,0.0100603928029,0.121924778623,637.20220597
2099,0.0286450472173,0.127263125428,671.356302183
2100,0.0283272485452,0.127500489105,671.522251443
2101,0.0263806422617,0.128822080511,672.97139004
2102,0.025842910553,0.128761849052,671.379532992
2103,0.0255664673704,0.128914534435,671.616740817
2104,0.0253903350312,0.129379558862,673.797133716
2105,0.0136513549761,0.126978550775,657.117870065
2106,0.0146108467424,0.127842635971,660.890609406
2107,0.0125472455905,0.123834486607,639.874390865
2108,0.0129680107445,0.125805108109,651.216592895
2109,0.0153851936391,0.129201678723,668.176968057
2110,0.0148519910432,0.128410492681,663.945056346
2111,0.0169942217732,0.130177219234,672.498215066
2112,0.0165884321055,0.12958106486,669.183323426
2113,0.0158357030919,0.129467895434,669.254347502
2114,0.017831122993,0.130727744432,675.409444686
2115,0.0173260770697,0.130442939225,673.827033669
2116,0.0190943195387,0.131111828419,677.405316661
2117,0.0186686496541,0.130653948948,674.739934092
2118,0.0182378206647,0.13068064591,675.003571692
2119,0.0194869461577,0.131090773529,677.311279951
2120,0.0198778257025,0.130621405311,674.633512232
2121,0.020302677448,0.130304763744,672.874848375
2122,0.0207299702661,0.130128958813,671.930034264
2123,0.0211719592835,0.130142707615,672.381548199
2124,0.0216593281886,0.130271111282,673.498321713
2125,0.0221374314059,0.130605915513,675.894928917
2126,0.0246758934879,0.129688163006,674.108306128
2127,0.0243111005105,0.129846923512,674.368359029
2128,0.0239526433061,0.130007866866,674.706622594
2129,0.0232279216627,0.130298238996,675.328439219
2130,0.0235947692711,0.130161603176,675.051064468
2131,0.0104718856378,0.0983524947414,618.13116515
2132,0.00551073985456,0.106115143471,620.22631559
2133,0.00610504398145,0.105171366891,618.325378822
2134,0.00648941970873,0.104300547135,617.910527397
2135,0.00663454018409,0.10352166738,619.144073113
2136,0.00699480212758,0.103154756526,618.287702514
2137,0.00710934192709,0.101997326814,620.734302175
2138,0.00716349422828,0.102566720988,618.801325631
2139,0.00780542391541,0.10095081083,620.326638352
2140,0.00782228654267,0.10147269672,618.762825563
2141,0.00743390148611,0.101720542496,619.872109067
2142,0.00771035929426,0.10042475542,622.221042787
2143,0.00834530976115,0.100433865234,619.553135362
2144,0.00884958043204,0.100236437101,618.051067223
2145,0.0100289413645,0.0991639154098,617.045427775
2146,0.00985463229472,0.0997359106898,615.80103852
2147,0.00951324657555,0.0999501252315,616.394789766
2148,0.0101500154471,0.0985862323638,618.502313448
2149,0.00908022581642,0.0997846529989,618.623510881
2150,0.00771467851755,0.108933105318,596.230156871
2151,0.00649114463042,0.108357358204,608.988611064
2152,0.00519612997211,0.106918943852,621.098722662
2153,0.00509661196607,0.10843797404,620.506822108
2154,0.00941949236104,0.113372898726,589.691938811
2155,0.00962562344007,0.114724738438,597.59174957
2156,0.00945826566367,0.115707795338,605.145569929
2157,0.00887127112422,0.117251560734,617.276628749
2158,0.00833583479966,0.118832781977,628.280102516
2159,0.00837979375966,0.119894286977,633.469448863
2160,0.00880102845015,0.121420623058,639.667743128
2161,0.0106861187477,0.123022916525,641.285663662
2162,0.00921522721973,0.12284522386,645.751360577
2163,0.0260708407033,0.129040933931,673.426291547
2164,0.0257378487042,0.129224605694,673.682955109
2165,0.0139266260443,0.127900590585,662.44296435
2166,0.0128975691229,0.127222910133,660.305431131
2167,0.0119141300335,0.124749425646,647.590471603
2168,0.0123432819441,0.126375149048,656.423878413
2169,0.0151359443791,0.129699729287,671.509028471
2170,0.0148170757535,0.129074295853,668.138388644
2171,0.0141114924745,0.128510539774,665.876173607
2172,0.0168327726824,0.130655811804,675.587313817
2173,0.0165769089308,0.130110120953,672.494841022
2174,0.0161184485642,0.129791947751,670.915019684
2175,0.0155197764861,0.129894820042,672.244764805
2176,0.0179064094162,0.131162129531,677.941904029
2177,0.017488928744,0.130810173642,676.125276374
2178,0.0171707325629,0.130783743861,676.113162927
2179,0.0186946581383,0.131131266269,677.544145226
2180,0.0182954500952,0.131145198325,677.710879167
2181,0.0198718764671,0.131072734283,677.277924187
2182,0.0202479172579,0.130685395098,675.110686819
2183,0.0206237742678,0.130415002749,673.725796146
2184,0.0209046832098,0.130372577292,673.61412351
2185,0.021327032847,0.130483717127,674.460667979
2186,0.0217739302753,0.130722741189,676.247592731
2187,0.00453967474241,0.105917870693,627.43258754
2188,0.00541266815088,0.105351837376,622.399385169
2189,0.00575364657491,0.104505995807,622.223655289
2190,0.00612520499509,0.103814110999,621.391298634
2191,0.00627665524774,0.103138411072,622.191783792
2192,0.00669655568164,0.102849703377,620.57818035
2193,0.00676623596781,0.101682998426,623.163655073
2194,0.00677962167315,0.102263716556,621.627822085
2195,0.00740529007314,0.100659103519,622.866037234
2196,0.00745463338832,0.101188379853,621.219266991
2197,0.00710107061247,0.101430770243,622.2215114
2198,0.00799583804926,0.100185210467,621.719623904
2199,0.00853762522051,0.100160424946,619.622717768
2200,0.00878125299324,0.0999494987895,619.267310807
2201,0.00983159681314,0.0988189190414,618.883051465
2202,0.00970048022116,0.0993841054611,617.534213875
2203,0.00938242077876,0.0995944106485,618.053682895
2204,0.00889279601489,0.0994910925444,620.232515062
2205,0.00758098155861,0.109837636312,597.237287607
2206,0.00665656972335,0.109134031998,606.726299207
2207,0.00578764749269,0.109063380937,614.90539666
2208,0.0044979321708,0.10774155597,625.358887211
2209,0.00426750991318,0.106589086196,628.194750458
2210,0.00417438913525,0.109231360228,626.974145495
2211,0.00861047754955,0.112753729864,593.903805816
2212,0.00873583220132,0.114248414255,601.280681278
2213,0.00836913812303,0.116130397251,613.950630505
2214,0.00790053871313,0.117708708748,624.834909319
2215,0.00725827061784,0.118992920172,634.452953248
2216,0.00735603821912,0.119815793709,637.88425639
2217,0.00819573892494,0.120718506509,638.616506738
2218,0.00871860074344,0.122310091818,645.068034066
2219,0.00823471054569,0.12140694162,642.177360876
2220,0.010831495813,0.124152356694,647.512291452
2221,0.00967513859041,0.123494332265,647.62532418
2222,0.00851925413355,0.12356643885,652.239516781
2223,0.013239288105,0.127975106189,664.236435654
2224,0.012338448414,0.12746103705,662.973587316
2225,0.0115711162419,0.125728794271,654.482899869
2226,0.0118841581219,0.126893715162,660.654956285
2227,0.0149692145652,0.130189316003,674.606585273
2228,0.0146844846877,0.129574616131,671.348924652
2229,0.0141881600368,0.129035148878,668.875408092
2230,0.013434375046,0.128554775652,667.397288725
2231,0.0167657617623,0.131083949578,678.104355133
2232,0.0164780994347,0.130583481098,675.40450895
2233,0.0161712319416,0.130150567087,673.136126726
2234,0.0158342674224,0.13009252541,673.150272716
2235,0.0153393382598,0.130340824563,675.073609281
2236,0.0175273263008,0.131175692303,678.188119075
2237,0.0171458684759,0.131146895575,678.212530826
2238,0.02025497764,0.131057120907,677.29382866
2239,0.0206172319466,0.130721215042,675.504532787
2240,0.0209812192483,0.130660470512,675.343621264
2241,0.0214084619669,0.130846235436,676.675694667
2242,0.00382711925614,0.10562933785,632.298822468
2243,0.00470769939715,0.105320025965,627.154682471
2244,0.00516716888305,0.104720058006,625.315366633
2245,0.0054820071533,0.103981654338,624.88463304
2246,0.00583230069782,0.103377448992,624.102673433
2247,0.00602013673987,0.102768945174,624.420725705
2248,0.00640585293878,0.102520840558,622.938375059
2249,0.00643024579345,0.101358048697,625.517509962
2250,0.00643832602026,0.101934235808,624.164030694
2251,0.00708305042387,0.100889397716,623.668657464
2252,0.00675514856868,0.101122157475,624.560804029
2253,0.0082807345768,0.0999421052054,621.262127068
2254,0.00858185187257,0.0997083798567,620.762929764
2255,0.00951588944227,0.099048688979,619.294768879
2256,0.00920364655587,0.0992736402196,619.737221735
2257,0.00759824078669,0.110933549974,598.325062522
2258,0.00660454067806,0.110026481535,607.13117844
2259,0.00552040595462,0.110111329263,616.993925359
2260,0.00387177116579,0.107314397542,630.04265568
2261,0.00376368091457,0.108486482431,630.048069511
2262,0.00340235519878,0.106468738894,633.998970737
2263,0.00327993781832,0.1097325313,633.346013518
2264,0.00446934376691,0.110211572271,625.0149964
2265,0.0079182077147,0.113501586589,603.920645804
2266,0.00795576698693,0.111963072692,597.343568791
2267,0.00766884084337,0.115221306378,614.044871828
2268,0.00732382363057,0.116776134015,623.696044306
2269,0.0069923210448,0.118157573232,631.740731163
2270,0.00638218227098,0.119302683661,639.951182954
2271,0.00654729972376,0.120046564261,642.647174739
2272,0.00745236532959,0.120600006615,641.290826463
2273,0.00806381510251,0.122589934229,648.791105587
2274,0.00830649357387,0.121919634144,644.479803218
2275,0.00757062480667,0.121315724934,644.341091661
2276,0.0103424929315,0.124930675928,653.621374035
2277,0.00998399723549,0.124046805972,649.900790044
2278,0.00897510792537,0.124048058534,653.243033716
2279,0.00795506811877,0.123123999688,652.017014766
2280,0.00807842272024,0.12413153914,656.666574643
2281,0.0126698444603,0.12805188674,665.861356215
2282,0.0119006508678,0.12776215999,665.741516849
2283,0.011310794159,0.126567808595,660.238348682
2284,0.0107554404773,0.125610506209,656.058712377
2285,0.0114991567824,0.127420977113,664.699085152
2286,0.0148552999736,0.130687782302,677.600650888
2287,0.0145728731945,0.130074243784,674.428552146
2288,0.0141925848594,0.129513265121,671.677948345
2289,0.0135769118327,0.129067756716,670.047271404
2290,0.0128269840166,0.12859366955,668.702991708
2291,0.0163889737592,0.131025538853,678.041105959
2292,0.0160890306586,0.130554030151,675.567092138
2293,0.0157034070383,0.130482729183,675.52157141
2294,0.0152338598772,0.130797746556,677.799490496
2295,0.0206418653963,0.131026348449,677.267353159
2296,0.0210304754251,0.130955822105,677.056755411
2297,0.00339691103921,0.105277926248,635.549542682
2298,0.00410791508485,0.105154025366,631.302668048
2299,0.0033154774726,0.105947057544,635.05092746
2300,0.00476870374611,0.104899234591,627.577348147
2301,0.00474000477289,0.104379571903,628.582574908
2302,0.00531119504332,0.103526286519,626.80094472
2303,0.00495206874769,0.104063477905,627.951936821
2304,0.00561947759217,0.102978789503,626.173127201
2305,0.00575339945132,0.102405330563,626.6203168
2306,0.00610105127576,0.102176298209,625.304197079
2307,0.00610971438659,0.101593569841,626.521565664
2308,0.00660407203011,0.11113134136,608.010516404
2309,0.00550255677835,0.111209974474,618.125524301
2310,0.00339448724277,0.107979323549,632.974302935
2311,0.00325618215012,0.107073224674,634.429597794
2312,0.00311861578984,0.109065983448,634.581347953
2313,0.00272260730751,0.10647331615,638.376526604
2314,0.00348893433078,0.110486890466,632.322279698
2315,0.00254728645807,0.110070842782,638.506382969
2316,0.00449342452637,0.111295368596,625.902107573
2317,0.0069229752615,0.11428823837,615.532521787
2318,0.00729649209611,0.112651692952,605.730789667
2319,0.00657878431174,0.116033981557,624.609891328
2320,0.00644279146349,0.117405630868,631.306055634
2321,0.00610321568954,0.118603035681,638.20396765
2322,0.00560573112271,0.119688899374,645.09877011
2323,0.00580731099489,0.120340413461,647.019116115
2324,0.00671220868626,0.120750977799,645.116844826
2325,0.00779206368181,0.121959709755,646.676761266
2326,0.00739496235524,0.12250328097,650.855721054
2327,0.00691527569561,0.121393517881,647.300016203
2328,0.00971284568855,0.125356396601,657.945643455
2329,0.00958538767125,0.124487797096,653.631889402
2330,0.00859450935576,0.12453039073,657.060542628
2331,0.00759299277499,0.123650050364,655.77385835
2332,0.00740824527407,0.122872581446,652.487425499
2333,0.00778876781006,0.124744992503,660.69774805
2334,0.0121922480902,0.128194659207,667.59741132
2335,0.0115284648751,0.128157065045,668.824530113
2336,0.0110045643731,0.12724396732,664.949076646
2337,0.010709940801,0.126465182281,661.245169285
2338,0.0100670692857,0.125856864664,659.653028999
2339,0.0111705198788,0.127918336819,668.307925034
2340,0.014474797443,0.130581170985,677.456460871
2341,0.0141589574873,0.129993968483,674.527267503
2342,0.013699112432,0.129507997666,672.420946599
2343,0.0131046213154,0.129271501716,671.978283101
2344,0.0127333252172,0.129054072994,671.427045799
2345,0.0123512207103,0.128610608347,669.624879396
2346,0.0160028340714,0.130970833814,678.034131094
2347,0.0156149519157,0.130897589235,677.978382243
2348,0.0030304145557,0.104954317167,638.170116753
2349,0.00306163591986,0.105549144311,637.191202745
2350,0.00368167262772,0.104920762876,634.253341037
2351,0.00439756767013,0.10473850965,630.152112197
2352,0.0027205980337,0.106057651538,638.819728939
2353,0.00425413827454,0.104203026491,631.916532913
2354,0.00520777057249,0.103129992395,628.135321545
2355,0.00479869426561,0.103540142969,629.718559522
2356,0.00458464005859,0.103875554749,630.420265033
2357,0.00539679859521,0.102606553761,628.118667575
2358,0.00546416877746,0.102053807905,628.807312705
2359,0.0057876452603,0.101826359322,627.61422101
2360,0.00658519499487,0.112157204734,610.684300441
2361,0.00551198941123,0.112269675502,620.049404294
2362,0.00295124655838,0.107636204212,636.075792371
2363,0.00289774374751,0.108527637027,636.062795382
2364,0.0026582573761,0.106933659378,638.395049577
2365,0.00248754858464,0.109469556659,638.687880742
2366,0.00217822714922,0.106414604176,641.840271255
2367,0.00358792263071,0.11132019486,632.274058787
2368,0.00263828927502,0.110719869431,638.19141183
2369,0.00188103314931,0.110311778931,642.858374898
2370,0.00434084497917,0.112323364633,628.423368225
2371,0.00660932341347,0.113156339914,613.754120208
2372,0.00572640708403,0.114555318174,624.528887108
2373,0.00575302564254,0.116773889736,632.506281949
2374,0.00548337663135,0.115493875682,629.189478544
2375,0.00565490083178,0.117978451871,637.756128459
2376,0.00529581238619,0.119091134776,644.014974119
2377,0.00494574603702,0.120035612798,649.331917728
2378,0.00514457853238,0.12059037946,650.809752011
2379,0.00597556142263,0.120989786049,649.26627296
2380,0.00717312942885,0.121984895912,649.156836618
2381,0.00682426081323,0.122577936496,653.35244732
2382,0.00626337109298,0.121578986213,650.789506797
2383,0.0092381249664,0.125703663887,661.243332832
2384,0.00917298155404,0.12492468636,657.251046498
2385,0.00830309112391,0.125010464307,660.403791121
2386,0.00723379016824,0.124064491837,659.092791187
2387,0.00722183665467,0.123252049157,655.429758283
2388,0.00700800089407,0.122959191501,654.620200486
2389,0.00767770388128,0.12532329034,663.827350522
2390,0.00730934430245,0.1246330168,661.544313398
2391,0.0117980383119,0.128471262354,670.035019481
2392,0.011216007171,0.128592048116,671.949913046
2393,0.0107455596638,0.127747177888,668.341349695
2394,0.0104957643321,0.127119936446,665.547013326
2395,0.0101870876321,0.12643815326,662.439530344
2396,0.00954698378574,0.126121912242,662.619126928
2397,0.0108915128394,0.128373812137,671.455808001
2398,0.0140914925461,0.130478509777,677.378809853
2399,0.0137402323916,0.129943278586,674.826854619
2400,0.0133109050944,0.129587791438,673.45727812
2401,0.0128238845158,0.129610451294,674.490547687
2402,0.0125048923936,0.129435787879,674.079698786
2403,0.0123116124055,0.12894865487,671.774602502
2404,0.0120189899454,0.128764882808,671.239329769
2405,0.00265780758886,0.104670046395,640.76247866
2406,0.00275081701207,0.105225909389,639.558877492
2407,0.00330242368461,0.104648455194,636.944806346
2408,0.00268085792231,0.105719001404,639.334783368
2409,0.0039656600578,0.104549812447,633.071949854
2410,0.00224434440705,0.106048337337,641.776857306
2411,0.00384363184008,0.104005162557,634.639546397
2412,0.00504250795389,0.102783612648,629.749812886
2413,0.00482197962781,0.103217148511,630.168933012
2414,0.00434256278617,0.103423259859,632.70818025
2415,0.00412665061089,0.103705189886,633.428922533
2416,0.00513896454295,0.102273852611,630.105020464
2417,0.00560119723695,0.113378655141,621.684089753
2418,0.00244795143267,0.107383175401,639.447520044
2419,0.00256606237097,0.108115095157,638.369954363
2420,0.00235275128954,0.108944850784,639.571904033
2421,0.00207156311957,0.106794802442,642.198398344
2422,0.00181880617973,0.109742782732,643.042397706
2423,0.0016589200939,0.106267386413,645.11069013
2424,0.00274321618151,0.111365563229,637.970951857
2425,0.00340289160145,0.112126535437,634.681345901
2426,0.00196901930683,0.110932505257,642.665560327
2427,0.00130780144796,0.110381927581,646.275230487
2428,0.00373321395549,0.113115554033,634.148654187
2429,0.00457538648458,0.114508089498,631.773730419
2430,0.00510215281794,0.117441404824,638.470650738
2431,0.00495437959598,0.116197173057,634.688459492
2432,0.00437416487452,0.115282458173,635.479847615
2433,0.00490546759358,0.118536426318,643.64833885
2434,0.00467117349765,0.119522688507,648.427079084
2435,0.00443598478638,0.120283208148,652.367196252
2436,0.00460676465476,0.120735840674,653.474531085
2437,0.00529252541907,0.121122630651,652.378187972
2438,0.00659037896698,0.122113419591,652.007149237
2439,0.00639960183159,0.122803898916,655.952149691
2440,0.00577924113882,0.121867558745,653.866525053
2441,0.00884853145077,0.126080621691,664.359254438
2442,0.00880535492981,0.125341484565,660.60244125
2443,0.00807803561002,0.125497807477,663.564552751
2444,0.00679646824733,0.124246044471,661.407264702
2445,0.00693722741239,0.123628365038,657.99685714
2446,0.00665307852308,0.123221377037,657.034277063
2447,0.00755326981807,0.125755030301,666.530269253
2448,0.00733082126826,0.125465503208,665.684624101
2449,0.00710147914178,0.125170267415,664.910396207
2450,0.00689903585603,0.12463434168,662.886307694
2451,0.0115014675967,0.128845131555,672.744389623
2452,0.0109555652573,0.129037448536,674.919823785
2453,0.0105344918557,0.128186405106,671.23367506
2454,0.0103132051027,0.127584201047,668.47165705
2455,0.0100574502815,0.126912829524,665.617364203
2456,0.00976457911346,0.126564836659,664.380829481
2457,0.00913825564164,0.126442674453,665.454801594
2458,0.0106299972872,0.128826532776,674.479801783
2459,0.0137139317754,0.130384418728,677.396355084
2460,0.013383735875,0.129916674964,675.338087464
2461,0.0131038285744,0.129809350432,675.14961598
2462,0.0126486701106,0.129981039802,676.84440663
2463,0.0123049220025,0.129814002501,676.519491456
2464,0.0121384584304,0.129270438281,673.80879101
2465,0.0117895367406,0.12908028293,673.476718596
2466,0.00290898813088,0.104369326888,639.656286981
2467,0.00240839729777,0.104966681636,641.884830442
2468,0.00247995953583,0.105466111968,640.917720686
2469,0.00356664161495,0.104324044901,635.820648999
2470,0.00231019300178,0.105725312579,641.751919961
2471,0.00180318002188,0.105919572684,644.550638256
2472,0.00343087381922,0.103770904403,637.441225452
2473,0.00481380801766,0.102488207348,631.503178373
2474,0.00471921718911,0.102947375557,631.288675097
2475,0.00449340932296,0.103154973172,632.323001863
2476,0.0039513322813,0.103218125608,635.310122319
2477,0.00369590146016,0.103489180799,636.348697559
2478,0.00444011362377,0.113685665826,630.448473104
2479,0.00190216971503,0.107171431636,642.987024334
2480,0.00215852496499,0.107790972597,641.077982468
2481,0.00214244098363,0.108501580185,640.953008123
2482,0.00179359562385,0.109236718852,643.069575452
2483,0.00150611784113,0.106619991025,645.755145387
2484,0.00127820860838,0.109877013808,646.32017803
2485,0.00206967707372,0.111514893101,642.496236316
2486,0.00267582869715,0.111977069335,639.001390305
2487,0.0028997495472,0.112785129079,638.683485201
2488,0.0014922784845,0.111232487562,645.705109292
2489,0.000818145705062,0.110309317303,649.180449352
2490,0.00118899942314,0.110849600701,647.168030719
2491,0.00311122205355,0.11376230349,639.176787721
2492,0.00367839111406,0.11449942634,637.41205472
2493,0.00450450546218,0.117989886362,643.549241829
2494,0.00451990313918,0.11702992044,640.107198556
2495,0.00418098740882,0.115981201937,638.599029525
2496,0.00461825973173,0.116609923573,638.163553059
2497,0.00358798078918,0.115184309728,639.590051768
2498,0.0043230245283,0.119082486199,648.200057568
2499,0.00420961404435,0.119861686007,651.652902358
2500,0.00397643492846,0.120514726015,655.076670723
2501,0.00413769244579,0.120880539891,655.895704158
2502,0.00459078504305,0.121159899602,655.184993196
2503,0.00482737171016,0.121364132194,655.295419826
2504,0.00533641315455,0.121565496908,654.095955185
2505,0.00613043286687,0.12235884989,654.823527191
2506,0.00605703351919,0.123071425266,658.366477802
2507,0.00549801645093,0.122267604876,656.630127257
2508,0.00850732730329,0.126489557774,667.44392614
2509,0.0084794743504,0.125772899772,663.812296594
2510,0.00786141192625,0.125968475528,666.634833248
2511,0.00640565409492,0.124431448531,663.57624705
2512,0.00657814900131,0.123862561895,660.30345841
2513,0.0063159333736,0.123473954252,659.350610576
2514,0.00731590928516,0.126117765481,668.949142881
2515,0.00705851115854,0.125823823723,668.269666432
2516,0.00681267163805,0.125542163873,667.663262128
2517,0.00680430224106,0.124985260812,665.014946612
2518,0.00657479465607,0.124756977772,664.613401569
2519,0.0112770972864,0.129252469018,675.414051391
2520,0.0102988884538,0.128621877149,674.121222629
2521,0.0101691220697,0.128025595826,671.243011358
2522,0.0099039382432,0.127524944751,669.092026052
2523,0.00972081339075,0.127167182505,667.72241713
2524,0.00941062830795,0.126821090315,666.710791423
2525,0.00879773134433,0.126798705073,668.23779437
2526,0.0133461191447,0.130281635615,677.373276381
2527,0.0129918529308,0.130142612735,677.166851046
2528,0.0119555807322,0.129639666641,676.191204263
2529,0.0116087099036,0.129454926122,675.85193516
2530,0.00316628553894,0.104066784626,638.553808347
2531,0.00216904180929,0.105266885585,642.983865391
2532,0.00196416847271,0.105583224063,643.899250243
2533,0.00449901865016,0.102708034543,632.924417026
2534,0.00421085276871,0.102952607852,634.216200942
2535,0.00370308794131,0.11396898515,636.085412128
2536,0.00134265922565,0.10697465143,646.503152409
2537,0.00168560853148,0.107533014683,644.125813671
2538,0.00182862437907,0.108140679349,643.027048703
2539,0.0017040014724,0.108794475441,643.671348812
2540,0.00130089066011,0.109403104202,646.118264022
2541,0.000852624120819,0.109897534711,648.839101357
2542,0.00162360725884,0.111746498216,645.355714909
2543,0.00213231343091,0.112046486814,642.689014018
2544,0.00237073328034,0.112465721156,641.718656629
2545,0.00213243069781,0.113239762215,644.181252334
2546,0.00110447565749,0.111541634369,648.200970995
2547,0.000348617852984,0.110264419005,651.877906101
2548,0.000741327782004,0.11068812258,649.805357042
2549,0.000930016474134,0.11119678698,648.952470831
2550,0.00296797883669,0.114416010127,641.448588686
2551,0.0022777909154,0.113778140707,644.060088237
2552,0.00389500004485,0.118325926854,647.407064416
2553,0.0040926983565,0.117461686148,643.647938948
2554,0.00419226292838,0.116589836652,640.428572466
2555,0.00356596722454,0.116350819854,642.907542186
2556,0.00292370338356,0.115028044138,642.963153823
2557,0.00327795384705,0.115854619936,642.922402028
2558,0.00388430581724,0.118861529336,649.222307667
2559,0.00391695480395,0.119523773017,651.636449706
2560,0.00377141962924,0.120159762184,654.545586178
2561,0.00352387673948,0.120771946592,657.772133089
2562,0.00370268119547,0.121113014596,658.420312784
2563,0.00423651062453,0.121219570127,656.936400799
2564,0.00435682972294,0.121501770256,657.650014201
2565,0.00454577843001,0.121771183782,658.032688613
2566,0.00499083353778,0.121706008668,656.108836942
2567,0.00521255839885,0.121982241797,656.568122641
2568,0.00578949352843,0.122664648634,657.428043036
2569,0.00572490549839,0.123377455809,660.896860415
2570,0.00523288807612,0.122688793347,659.51610161
2571,0.00818649107183,0.126909136217,670.456855032
2572,0.0081931687765,0.126208295598,666.877606514
2573,0.00760228389393,0.126382480154,669.450211359
2574,0.0060730954672,0.124674274667,665.765252797
2575,0.00620334749771,0.124088473293,662.603800028
2576,0.00596836280561,0.123738146564,661.739460097
2577,0.00655390421663,0.125277227758,667.154566319
2578,0.00630045775467,0.124989558534,666.542109578
2579,0.00996412348652,0.128424670956,673.8398547
2580,0.0098321674175,0.127890398945,671.375971914
2581,0.00957616095785,0.127688343582,670.902657081
2582,0.00934768917625,0.127408314566,669.998103478
2583,0.00907901456789,0.127113475348,669.123638577
2584,0.0084755185561,0.127185125445,671.083157493
2585,0.00117111369925,0.107327634416,647.341405109
2586,0.00143629733644,0.107865588498,645.499564696
2587,0.00149139530412,0.108429827359,644.953880759
2588,0.00128569581473,0.109000472494,646.130153522
2589,0.000878361720211,0.109481743353,648.607357078
2590,0.000401822550564,0.109879630028,651.452168906
2591,0.00119497403861,0.111961015545,648.084305924
2592,0.00169774296864,0.11226413538,645.465978191
2593,0.00186894925316,0.112770763153,645.049848924
2594,0.00145424120018,0.113574024239,648.463245287
2595,0.000692836288326,0.111715127224,650.761025814
2596,0.000294539198793,0.110642852706,652.343462111
2597,0.000633835886679,0.111034924502,650.641136275
2598,0.000624592664103,0.111367099788,650.930992851
2599,0.00232997802682,0.114369258997,644.882186833
2600,0.00162090049201,0.114005670333,648.208172321
2601,0.00336968044809,0.118523787256,650.479668033
2602,0.00364978464534,0.117820920954,646.939547573
2603,0.00375060694772,0.116947344113,643.797100747
2604,0.00310128344399,0.116878068982,646.713397512
2605,0.00235325356267,0.114923004874,645.859827147
2606,0.00280259371767,0.115590651379,644.880936212
2607,0.0028696406954,0.116444887497,646.704977458
2608,0.00344433704981,0.118918606861,651.483387265
2609,0.0036047890594,0.119245651195,651.995327686
2610,0.00352514511667,0.119830440863,654.322209601
2611,0.00332699425696,0.120433736172,657.251545203
2612,0.00387325470007,0.121452501105,659.134084415
2613,0.00405897976858,0.121780644474,659.794106169
2614,0.00426226511412,0.122097867651,660.378275413
2615,0.00475000210881,0.122074202483,658.557428684
2616,0.00498263800789,0.12238307926,659.047756106
2617,0.00547996036634,0.123019494784,660.105831543
2618,0.00538540896553,0.123702372478,663.498681276
2619,0.00492369271577,0.123052784166,662.161357091
2620,0.00789772431331,0.126636986593,669.885114094
2621,0.00584950127036,0.124353782561,664.980594281
2622,0.0056183207293,0.124030707223,664.232577907
2623,0.00963714193951,0.128219806868,673.532906583
2624,0.00933419206371,0.12798475677,673.031167204
2625,0.00904827844638,0.127726324714,672.395673656
2626,0.00876369141381,0.127458484627,671.734038836
2627,0.000996653323097,0.107676507442,648.228908769
2628,0.001193658755,0.108172134258,646.901323992
2629,0.00118625938035,0.108672693714,646.784360058
2630,0.000889297435038,0.109109607526,648.587719378
2631,0.000451713673847,0.109494651933,651.10529265
2632,0.000741856405916,0.112095759029,650.790151362
2633,0.00124511646502,0.112417237006,648.241671968
2634,0.00127495835521,0.112887172744,648.554567753
2635,0.000971350009219,0.113864330886,651.548528755
2636,0.00113431649082,0.113298307424,649.69046253
2637,0.000252805008383,0.111794083078,653.294363985
2638,0.000251818639563,0.111024215692,652.77295109
2639,0.000237531697855,0.111411039468,653.094057732
2640,0.00177290193595,0.114460783288,648.116033724
2641,0.0011341703874,0.114224790886,651.161292274
2642,0.00293977421713,0.11876002877,653.073903833
2643,0.00321411832671,0.118102334145,649.796212161
2644,0.0033589451771,0.11735205479,646.859479507
2645,0.00275015316521,0.117296097881,649.539866143
2646,0.00185049788657,0.114920844408,648.52943146
2647,0.00231949862551,0.115424358427,647.095115482
2648,0.00258837345132,0.116103406546,647.199924391
2649,0.00251411669892,0.11692304436,649.651406971
2650,0.00307240557142,0.119137718029,653.776584003
2651,0.00326574262751,0.119498449072,654.172722187
2652,0.003119114881,0.120097012678,656.826403371
2653,0.00447510567751,0.122415259085,660.958995175
2654,0.00469603585562,0.122733780864,661.556407943
2655,0.00515395553219,0.123375107109,662.807838134
2656,0.000827131107421,0.108023981522,649.10684173
2657,0.000989286973381,0.10846642462,648.037305819
2658,0.000890994039949,0.10877643696,648.599779955
2659,0.000504598691519,0.10911676147,650.783502284
2660,0.000277635682911,0.112175490965,653.461812781
2661,0.000769479645536,0.112499278659,651.002525138
2662,0.000747446975592,0.112898269515,651.568165591
2663,0.000519058373593,0.114063044875,654.203491173
2664,0.00079232461172,0.113562167937,652.13909798
2665,0.00071361777174,0.113257719163,652.214120933
2666,0.00125749693773,0.11462080744,651.13593197
2667,0.000637041591302,0.1144284214,654.08480852
2668,0.0025461455327,0.119046536744,655.564580433
2669,0.00278905838698,0.118382133676,652.518795914
2670,0.00299874474131,0.117682608632,649.48660611
2671,0.00239730669867,0.117657574779,652.108895201
2672,0.00134373956406,0.11502101066,651.354871643
2673,0.00185634915662,0.115360398999,649.343606037
2674,0.00222903132211,0.115862030188,648.459388366
2675,0.0023174607012,0.116532650595,649.607621073
2676,0.00218772676269,0.117318469011,652.116593826
2677,0.00271785821141,0.119406790465,656.0261971
2678,0.0029096760384,0.119758523362,656.458162192
2679,0.000680201511765,0.108378162012,649.873407162
2680,0.00057372432039,0.108743659168,650.417743969
2681,0.000300872312555,0.112559823314,653.681420091
2682,0.000318483789104,0.112944292486,653.96350569
2683,0.000411340792489,0.113701675889,654.320686123
2684,0.000346313493801,0.113328043545,654.224071432
2685,0.000743897998392,0.114803872642,654.078557561
2686,0.00237706835654,0.11869090166,655.155991038
2687,0.00260384070182,0.118013923361,652.21733387
2688,0.00202144644194,0.117988778627,654.619697865
2689,0.000847905076377,0.115181318109,654.130491791
2690,0.00139859680636,0.115416272186,651.767225786
2691,0.00183194136183,0.115760717226,650.270730175
2692,0.00210166282324,0.11621703403,649.857736344
2693,0.00203178560883,0.116738400917,651.369705114
2694,0.00183998178422,0.117655658206,654.531767828
2695,0.00195202076116,0.117078067526,652.600450527
2696,0.0022015361792,0.11833816349,654.840445753
2697,0.000951914690857,0.115555799337,654.209664085
2698,0.00143960469109,0.115801386511,652.272516613
2699,0.00182098175294,0.116111707253,651.061154095
2700,0.00190152324752,0.116417129729,651.339450291
2701,0.0017536441055,0.116846672184,652.988426452
2702,0.00165585191231,0.117340491169,654.539048311
2703,0.00106031954656,0.115927690943,654.301139733
2704,0.00150806572972,0.116172394174,652.65551262
2705,0.0016221654924,0.116522990507,652.840720394
2706,0.00148021636902,0.117007441137,654.503705132
2707,0.00118534978256,0.116294862665,654.368344693
2708,0.00132602152882,0.116653235706,654.43344438
2709,0.07723060926,-0.00142634313027,716.830699443
2710,0.0774079526673,-0.00122020417154,716.018689318
2711,0.0769412625884,-0.00146384241325,716.75144944
2712,0.0776060745351,-0.000939709493597,715.081557586
2713,0.077025592874,-0.00116192426937,715.502741287
2714,0.0765488323079,-0.00147748273563,716.204455742
2715,0.0777732351893,-0.000622372363644,714.120475421
2716,0.0771875282303,-0.000873026017634,714.535415933
2717,0.0765879868711,-0.00111496070633,714.777683863
2718,0.0761679018852,-0.0014300195645,715.403293579
2719,0.0778869925886,-0.000275084167087,713.074494019
2720,0.0773968522068,-0.000583167602855,713.668958386
2721,0.0769281042336,-0.000673638115309,713.513716674
2722,0.0765672565034,-0.000789265574701,713.520931
2723,0.0762097999928,-0.0010432218747,713.970717156
2724,0.0758299582822,-0.00131781195804,714.523542452
2725,0.0779257465818,9.16989439309e-05,712.066055191
2726,0.0775015520252,-0.000306293106539,712.751382091
2727,0.077220142961,-0.000432395056491,712.898952681
2728,0.0767827000657,-0.000344561578984,712.040290722
2729,0.0762052295071,-0.000729588791083,712.717118988
2730,0.0765303680295,-0.000487979831892,712.267210192
2731,0.0759286564259,-0.000965621305882,713.299650404
2732,0.0755351201808,-0.00113368219877,713.336063078
2733,0.0778958642268,0.000464494664807,710.906259571
2734,0.0775150506455,-2.24408439972e-07,711.771064526
2735,0.0771367942767,-0.000161124385479,711.834823484
2736,0.0766871266309,-6.79969256504e-06,710.681886704
2737,0.0762335631246,-0.000372335752065,711.380187755
2738,0.0759188574461,-0.000704718305443,712.203774702
2739,0.0757153684759,-0.000818148219146,712.341977783
2740,0.07529302846,-0.000880585111847,711.933033543
2741,0.0778265308742,0.000840073920237,709.616940075
2742,0.0774923166666,0.0003350859094,710.667296587
2743,0.0770871633894,0.000153949392326,710.672210334
2744,0.076619664094,0.000353398607338,709.251589481
2745,0.0763354334096,-8.03489419483e-05,710.460167232
2746,0.0758532330219,-0.000373457426895,710.83874601
2747,0.0755605578231,-0.00055339760723,711.078995879
2748,0.0750911822365,-0.000581396492598,710.536984381
2749,0.0777495808227,0.00122033280967,708.235157615
2750,0.0774245498759,0.000693605403353,709.359289995
2751,0.0770268126196,0.000514743045036,709.320403446
2752,0.0765320142392,0.000730246838309,707.72823075
2753,0.076195738006,0.000183446858657,709.271857759
2754,0.0757767435173,-7.75272345935e-06,709.372611005
2755,0.0754138229462,-0.000245945718839,709.741418511
2756,0.0749176031223,-0.000263590180836,709.143543846
2757,0.0776676368121,0.001603909205,706.758124788
2758,0.0773398987473,0.00107356984489,707.904821082
2759,0.0769387057597,0.000906361338973,707.754364345
2760,0.0764391203535,0.00112432035272,706.056979895
2761,0.0761033134742,0.000547357942883,707.736003632
2762,0.0756477304883,0.000351197508196,707.806829418
2763,0.0752460476315,6.82265411253e-05,708.340033131
2764,0.0747508022083,6.22062012056e-05,707.758854711
2765,0.0775805477025,0.00198876651984,705.198949058
2766,0.077252942446,0.00146114430699,706.35300229
2767,0.0768441381566,0.00130129580373,706.119286848
2768,0.0763462609134,0.00153377580896,704.263338777
2769,0.0760250567256,0.000925158915302,706.167053777
2770,0.0755871924787,0.000750166833986,706.243405157
2771,0.0750458092842,0.00033334309284,707.162405289
2772,0.0745939363707,0.000405383694545,706.320004286
2773,0.0774892148934,0.00237479806144,703.553755309
2774,0.0771614746386,0.00185390828123,704.698247357
2775,0.0767504015541,0.00170242920961,704.383365191
2776,0.0762530965432,0.00195676933123,702.308430231
2777,0.0759518157363,0.00134839693246,704.341393266
2778,0.0752047191149,0.000687866319204,705.906764616
2779,0.0755709537784,0.00119389510081,704.379396225
2780,0.0748982717703,0.000600800924214,705.894724619
2781,0.0744589086175,0.00076589290852,704.834442051
2782,0.0773935682958,0.00276179612777,701.820047279
2783,0.0770658682445,0.00225111517063,702.934377981
2784,0.0766543128845,0.00211103520714,702.521022556
2785,0.0761504878337,0.00239058291651,700.163447012
2786,0.0758634332421,0.00179890919751,702.258344404
2787,0.0751899646908,0.00107787366493,704.347977269
2788,0.0754833321314,0.00164106316999,702.339140213
2789,0.0748119382449,0.000943004409563,704.472563384
2790,0.0743311947526,0.00113157165116,703.298842691
2791,0.077294857895,0.00314963557056,699.99733854
2792,0.0769650948619,0.00265277293438,701.046841489
2793,0.0765513285405,0.0025273927039,700.494453534
2794,0.0760421146372,0.00283129700628,697.797308431
2795,0.0757583138099,0.00224299647206,700.040508215
2796,0.0751006413036,0.00148043446088,702.542412049
2797,0.0753718148175,0.00208003705119,700.160445667
2798,0.0747125277016,0.00131731245956,702.824290195
2799,0.0741991687966,0.00150006810036,701.674751079
2800,0.0771941161251,0.00353733901996,698.090522187
2801,0.0768622246451,0.00305922708382,699.031575692
2802,0.0764457398051,0.00295310223898,698.28957419
2803,0.0759370917568,0.00328491312038,695.175131399
2804,0.075645331436,0.00268876168267,697.618325419
2805,0.0749853325196,0.00190253336001,700.483625614
2806,0.0752519708235,0.00251452521585,697.800823404
2807,0.0745936389063,0.00170914750714,701.000001008
2808,0.0740635815758,0.00187154165792,699.949072814
2809,0.077098228992,0.00392244248445,696.155853039
2810,0.0767593947511,0.00347115924038,696.880300448
2811,0.0763427677007,0.00339044816431,695.877318287
2812,0.0758275755733,0.00372976605177,692.294273052
2813,0.0755286053715,0.00313515919307,694.913522437
2814,0.0748584613928,0.00231367076258,698.324069162
2815,0.0751208111237,0.00293940642243,695.261475401
2816,0.0744627117875,0.00209768684824,699.060938275
2817,0.0739265273985,0.00224253406924,698.12270168
2818,0.0770095152231,0.00430539166585,694.216873355
2819,0.0766689829454,0.0038934205321,694.609466505
2820,0.0762437227391,0.00384817391434,693.172714718
2821,0.0756575593482,0.00412929789981,689.243296914
2822,0.0753987537606,0.0035606660669,692.02012661
2823,0.074720886282,0.00271774163611,696.006520282
2824,0.0749659279069,0.00334971458833,692.456921298
2825,0.0743249785624,0.0024821402426,697.006072014
2826,0.0737854468903,0.00261082980205,696.20183097
2827,0.0769213748764,0.00468637944654,692.321386719
2828,0.0766047307525,0.00429534294939,692.536353934
2829,0.0762070494538,0.0043027930865,690.62146622
2830,0.0754792770643,0.00449463923468,685.665202353
2831,0.0752993997517,0.00397259507406,689.008458531
2832,0.0758810013856,0.00440843442376,688.6320705
2833,0.0745622224267,0.00310715441774,693.563113962
2834,0.0747511474962,0.00371866872666,689.61016596
2835,0.0741743532007,0.00285931086403,694.841043372
2836,0.073641457778,0.00297705448566,694.188325377
2837,0.0768288431957,0.00506574096545,690.531737859
2838,0.0765555738224,0.0046760201687,690.627346556
2839,0.0762042482981,0.00471065729162,688.596082279
2840,0.0753529624249,0.00479145715969,682.37499514
2841,0.0752052327937,0.00435065340889,685.511036009
2842,0.0756962808394,0.00465453236212,685.742777055
2843,0.0750001004986,0.00393831415188,688.326175313
2844,0.0759121278244,0.00473292548145,686.705582282
2845,0.0743796582119,0.00348619206253,690.952549058
2846,0.0745308021948,0.00410267562469,686.143974917
2847,0.0740135770473,0.0032330009638,692.561921338
2848,0.0734987061304,0.00334260915736,692.113869188
2849,0.0767289575277,0.00544560233166,688.9790907
2850,0.0764940347368,0.0050582691998,688.825751273
2851,0.0761607814768,0.00507712853719,686.724565452
2852,0.0750928530122,0.00462468638535,682.39635458
2853,0.0755590117111,0.00497547983013,682.50287929
2854,0.0748851694235,0.0042288334021,685.581429284
2855,0.0758203475997,0.00508073110422,684.033398693
2856,0.0741861177043,0.00388984719908,687.894929869
2857,0.0744445814109,0.00447722341293,682.4236288
2858,0.0738528158522,0.00360046864899,690.240871742
2859,0.0733502583501,0.00369738650821,690.145813221
2860,0.0766223651958,0.00582351642747,687.864320507
2861,0.0764090293563,0.0054365611952,687.232658273
2862,0.0760931999029,0.00543137665542,685.087715464
2863,0.0747862240714,0.00451379028972,682.419109892
2864,0.0757518001508,0.00543840725069,682.065880723
2865,0.0739586425578,0.0042482104085,685.268394562
2866,0.0741175245568,0.0045734122296,681.844400589
2867,0.07368136786,0.00394494135877,688.055763953
2868,0.0731944923701,0.00404451042618,688.381535033
2869,0.0765116378318,0.00619920592021,687.376094567
2870,0.0763027837882,0.00581470774952,686.055120073
2871,0.0759998370781,0.00579208539165,683.869947699
2872,0.0757116164145,0.00576392639593,681.192104042
2873,0.0736970626799,0.00452983892334,683.674331906
2874,0.0738400907164,0.00480255981333,680.772822093
2875,0.073487889431,0.00425230206273,686.466157778
2876,0.0730420782904,0.00439905460976,686.943822016
2877,0.0764041609302,0.00657015369275,687.607127956
2878,0.0761823406125,0.00619007913749,685.580239274
2879,0.0758824939661,0.00615914876906,683.43541504
2880,0.0756100008935,0.00608879988232,680.886387317
2881,0.0734936177564,0.00472304404294,683.407616353
2882,0.0736360378697,0.00509743700799,680.040863987
2883,0.0733086146576,0.00457283249781,685.149176411
2884,0.0728922045361,0.00475588523835,686.085841487
2885,0.0762970414693,0.00693832566489,688.390433397
2886,0.0760821336447,0.00654250350811,686.0007108
2887,0.0757736532351,0.00651704875937,684.042237415
2888,0.0754567890681,0.00640086247234,681.367537697
2889,0.0734161094643,0.00501442309152,682.179228088
2890,0.0735318778366,0.00542432342299,679.697796906
2891,0.0731621509443,0.00491386165947,684.302743568
2892,0.0727470671651,0.00511113884696,685.954665885
2893,0.076181867712,0.00730608131464,689.529363577
2894,0.0759799523284,0.00688433017121,686.903785691
2895,0.075739544488,0.00680086949323,685.395183008
2896,0.0752382565249,0.00667399921185,682.12381625
2897,0.0733010889844,0.00536148832248,682.010938918
2898,0.0735168846838,0.00576643247086,679.824579068
2899,0.0730318554289,0.00525358004546,684.172170055
2900,0.0726069880692,0.00546877358922,686.519813341
2901,0.0760682121055,0.00767185823611,690.874655897
2902,0.0758323568198,0.0072245802538,687.984254671
2903,0.0755474168478,0.00702309056937,685.763547882
2904,0.0749958360601,0.00699115189906,683.961940071
2905,0.0732336471395,0.00572407306549,682.42755018
2906,0.0736223962007,0.00608812504747,679.876157215
2907,0.0729130148619,0.00560371153761,684.785675917
2908,0.0724674941447,0.00582787294147,687.639521692
2909,0.0759532651061,0.0080386163452,692.277720393
2910,0.0756754356298,0.00756583375637,689.262837063
2911,0.0753193519029,0.00737594826263,687.228663907
2912,0.0746868755656,0.00674171790648,680.575945052
2913,0.0746887268802,0.00718413418345,685.062716856
2914,0.0731323852692,0.00606674157638,683.936047623
2915,0.0738179835742,0.00637529750778,680.113545019
2916,0.0734198016369,0.00622926305006,682.263986405
2917,0.0727947953624,0.00595306904016,685.977261608
2918,0.0723276193923,0.00618797802133,689.056420583
2919,0.0758432703538,0.00841034987221,693.644250808
2920,0.0755289142147,0.00792621147642,690.738845988
2921,0.0751009875613,0.0077903632834,689.231256571
2922,0.0744046550294,0.00672776950639,680.62405997
2923,0.0743434319171,0.00711109770755,684.437680313
2924,0.0746286995892,0.0077210037442,688.331069495
2925,0.0729995868396,0.006403016717,685.898837019
2926,0.0740923371262,0.00660951650164,680.494754777
2927,0.0735930615512,0.00649525193802,682.457893452
2928,0.0733109665694,0.00648746287846,684.321939691
2929,0.0726668384224,0.0063087280321,687.527120296
2930,0.0721869813611,0.00655051872286,690.585846139
2931,0.0757492298823,0.00878834801612,694.955705199
2932,0.0754091064961,0.00830136912891,692.26377523
2933,0.0749550279324,0.00821910592501,691.203844592
2934,0.0740032378145,0.00695078903909,683.661934796
2935,0.0742185365005,0.0075816319577,687.67769003
2936,0.0744647303903,0.00823657297765,690.92427629
2937,0.0729013532959,0.00676653990596,687.716031462
2938,0.0736397624018,0.00684340173376,684.415419176
2939,0.0732745298613,0.00681639670828,686.095895513
2940,0.0725422464728,0.00667329626923,689.186091256
2941,0.072047670983,0.00691551145646,692.080383887
2942,0.0756566659738,0.00917090221232,696.138945249
2943,0.0753297882471,0.00868485370114,693.732479949
2944,0.0749021388543,0.0086146179363,692.835433637
2945,0.073907841171,0.00735211253865,686.717118134
2946,0.0738832681412,0.00795909651963,689.96044635
2947,0.0744617287045,0.00867638926644,692.73392826
2948,0.0739265344511,0.00843362108562,691.909757768
2949,0.0728163293222,0.00713721060509,689.424820597
2950,0.0735788294734,0.00722660581952,686.89879757
2951,0.0732138316053,0.00717971229341,687.975196507
2952,0.0724275039149,0.00704596808257,690.759486047
2953,0.0719071341584,0.00728205372207,693.467756847
2954,0.0755587882577,0.00954928249634,697.140881822
2955,0.0752618466204,0.00906983368583,695.037831917
2956,0.0748936081261,0.00897656086044,694.179758265
2957,0.0737713247428,0.00766028278036,688.668324825
2958,0.0734405493529,0.00808453285817,691.148277562
2959,0.0740246268386,0.00892112762858,693.508911977
2960,0.0745762729889,0.0090133612587,693.952953975
2961,0.0733900590406,0.00856998269742,692.847729524
2962,0.0727190905281,0.00752844567362,691.058099878
2963,0.073490788617,0.00764276860867,689.222078101
2964,0.0731219491653,0.00759504283818,690.010035944
2965,0.0723098210649,0.00742482269575,692.235739924
2966,0.0717638065006,0.00764930660154,694.712829951
2967,0.075450842834,0.00992081646559,697.940747037
2968,0.0751714888321,0.00944115298445,696.095169836
2969,0.0748214870373,0.00926868560667,695.134099218
2970,0.0730187934568,0.00804039137996,691.834903797
2971,0.074309519712,0.00927376553172,694.68333129
2972,0.0736780501882,0.00934577740617,694.743053208
2973,0.0729127642277,0.00849171788171,693.365425945
2974,0.0732336262084,0.00911269581454,694.437126891
2975,0.072603021332,0.00793967751613,692.615193005
2976,0.0721825452005,0.00780744070478,693.575678847
2977,0.0716173509951,0.00801524154747,695.793622649
2978,0.0753347353023,0.0102910323453,698.562972992
2979,0.0750406800906,0.00978806951254,696.858837927
2980,0.0746544647142,0.00956569807257,695.72757018
2981,0.0740732475188,0.00966393129743,695.555559256
2982,0.0734345610015,0.00987149630281,695.853176054
2983,0.0724745114119,0.00835234661382,693.949515841
2984,0.0727658059593,0.00895253328152,694.652418468
2985,0.0729745996062,0.00966465747458,695.700025659
2986,0.0720449585675,0.00819098012007,694.756384236
2987,0.0714655799503,0.00837824327419,696.710254434
2988,0.07522119039,0.0106655201775,699.043781669
2989,0.074891878183,0.0101397821024,697.438468024
2990,0.0744683328444,0.00993379819346,696.451343793
2991,0.0738660411998,0.0101070116405,696.33862592
2992,0.0732321494166,0.010402013058,696.567209198
2993,0.0723226992963,0.00876152945503,695.08116738
2994,0.0725375321752,0.00941372460344,695.749804785
2995,0.0727541912186,0.0102326368759,696.481677806
2996,0.0718924957506,0.00856739521372,695.762556629
2997,0.0713071138248,0.00873798059958,697.470071966
2998,0.0751128057239,0.0110463744186,699.399024983
2999,0.0747515038485,0.0105173535224,697.946462891
3000,0.0742972603785,0.010331785821,697.046738103
3001,0.073686907173,0.0105838809643,696.920847521
3002,0.0730620058202,0.0109449347487,696.957591317
3003,0.0721285255997,0.00914135761047,696.003334439
3004,0.0721888008605,0.00973824852093,696.498064765
3005,0.0722395885941,0.0101847899551,696.784119608
3006,0.0725861063087,0.0108151446732,696.884725799
3007,0.0717152407178,0.00892885543662,696.609646331
3008,0.0711451799495,0.00910047450933,698.073229434
3009,0.0750091392718,0.0114295787038,699.622810375
3010,0.0746245719373,0.0109112918428,698.33536869
3011,0.0741470476549,0.0107559326907,697.507156078
3012,0.073534175862,0.0110733289197,697.2622104
3013,0.0729151440185,0.011499916609,697.040362258
3014,0.0718993312068,0.00946341035437,696.707828213
3015,0.0717711153884,0.00978853295175,697.141950027
3016,0.071729636521,0.010173396525,697.316758544
3017,0.0721073758007,0.0107131177865,697.052900452
3018,0.0724193492291,0.0113976719448,696.92652928
3019,0.0715271654245,0.00928527945072,697.296911043
3020,0.0709931207055,0.00946805013244,698.501900772
3021,0.0749118952522,0.0118129615396,699.723168695
3022,0.074511667833,0.0113131822803,698.591270808
3023,0.0740181286971,0.0111938754011,697.801900379
3024,0.0734189566043,0.0115714642041,697.383961895
3025,0.0728173026063,0.0120860180102,696.84094759
3026,0.0713755158089,0.00965556027751,697.747938037
3027,0.0712736372905,0.0100424030831,697.959913782
3028,0.0716358532883,0.0106082335221,697.425805071
3029,0.0719525596645,0.0112560161603,697.042191958
3030,0.0722736182366,0.012012847691,696.614355896
3031,0.0708554782719,0.00983902778387,698.746948791
3032,0.074823204901,0.0121956401634,699.712457639
3033,0.0744181472015,0.0117163856524,698.722116315
3034,0.0739196096103,0.0116359782932,697.941102037
3035,0.0733674286834,0.0120658787051,697.339018001
3036,0.0729237387,0.0126442837204,696.559853308
3037,0.0711700582702,0.0104402265217,698.021077354
3038,0.0714977514356,0.0110722975303,697.380727958
3039,0.0717827325077,0.0117949338908,696.750240194
3040,0.0720634741738,0.0126258617734,695.952420113
3041,0.0707191318974,0.0102119190812,698.84721377
3042,0.074741590849,0.0125782402349,699.595828105
3043,0.0743528354996,0.012116703634,698.7550477
3044,0.0738718016055,0.0120748504058,697.968602293
3045,0.0734155526885,0.0125272972331,697.236995834
3046,0.0732335686895,0.0130943001446,696.583135175
3047,0.0725260060122,0.0130027952024,695.8469693
3048,0.0710363161384,0.0108469610617,697.970983942
3049,0.0713265728729,0.0115367723809,697.152116437
3050,0.0715847116642,0.0123196833925,696.213302627
3051,0.071768988448,0.0131898433937,694.940866496
3052,0.0705763977575,0.0105854755993,698.819956978
3053,0.0746575357678,0.01296450812,699.35613819
3054,0.0743180700879,0.0125154153852,698.712756572
3055,0.0738884383728,0.0125019833828,697.949649591
3056,0.0735528143776,0.0129039357012,697.189359813
3057,0.0736035015742,0.0134120120847,696.904946952
3058,0.0729533356411,0.0134152442722,695.839432571
3059,0.0722487279552,0.0135395779275,694.749454548
3060,0.0708816150692,0.0112575805201,697.781315077
3061,0.0711401411119,0.011995708744,696.722915539
3062,0.0713262290429,0.0128218494322,695.428172139
3063,0.0714849128531,0.013743046893,693.648517283
3064,0.0704263469359,0.0109597081146,698.669596085
3065,0.0745534751104,0.0133423877216,698.965749481
3066,0.0742781574212,0.012910570366,698.549925604
3067,0.0739105351102,0.0128675505695,697.87799363
3068,0.0738113402919,0.0131461755722,697.503551061
3069,0.0740080799736,0.0135976561454,697.546837933
3070,0.0733845828394,0.0137240245059,696.159541478
3071,0.0727263072438,0.0138482516827,694.879203221
3072,0.0720507834405,0.0141092707838,693.418118052
3073,0.0707116801008,0.0116606355799,697.453798318
3074,0.0709229763864,0.0124271543346,696.144199802
3075,0.0709999083512,0.0132685342902,694.471072411
3076,0.0712957119982,0.0143418367271,692.065712053
3077,0.0702696839686,0.0113293563682,698.404534393
3078,0.0744294332391,0.0137062256362,698.430966223
3079,0.0741730060318,0.013271062378,698.148055321
3080,0.0738377625034,0.0139308501701,696.839141731
3081,0.0732017481234,0.0140962691695,695.306458751
3082,0.0725849198738,0.0143643114275,693.703133348
3083,0.0719296568543,0.0147132896436,691.807259965
3084,0.070524275551,0.0120347726751,697.034737195
3085,0.0706412889228,0.0127663629573,695.594050491
3086,0.0705928965136,0.0135205105085,693.831596711
3087,0.0706880257643,0.0140959342159,692.334811583
3088,0.0711499455274,0.0149403891629,690.130077942
3089,0.0701063512342,0.0116877985377,698.041203117
3090,0.0743036967133,0.014068701126,697.796662981
3091,0.0736932037259,0.0142883460969,696.062691555
3092,0.0730874305592,0.0145278465907,694.350786941
3093,0.0725321513293,0.0149227388963,692.370668866
3094,0.0717901075283,0.0153051428267,689.936226347
3095,0.0703061478756,0.0123539967208,696.609795264
3096,0.0703326830352,0.0130015921362,695.178998156
3097,0.070125358963,0.0135493843477,693.810745941
3098,0.0701326150189,0.0139884603367,692.568614193
3099,0.0705813330537,0.0146337318741,690.641246105
3100,0.0709262343701,0.0154517228701,688.081962639
3101,0.0699343841103,0.0120291900791,697.604673805
3102,0.0741862387774,0.0144358630759,697.078768301
3103,0.0735872127896,0.0146717196858,695.228942755
3104,0.0730515703833,0.0149867920368,693.374558899
3105,0.0726477692081,0.0154231327641,691.382097049
3106,0.0723557968081,0.0156972393879,690.002191807
3107,0.0716104517299,0.0158499777963,687.756250173
3108,0.0700646397728,0.012617547426,696.229562585
3109,0.0700268276728,0.0131390423387,694.944736312
3110,0.0696930127422,0.0134993772446,694.136474479
3111,0.0696444749522,0.0138863195125,692.962479539
3112,0.0700466636377,0.0144230432201,691.127570821
3113,0.0703762725436,0.0150751339038,688.925433869
3114,0.0705532704014,0.0158034191384,686.247262749
3115,0.0697533755494,0.0123542280673,697.107668733
3116,0.0740808440451,0.0148100329264,696.285309847
3117,0.0735246360344,0.0150781680818,694.358563258
3118,0.0730545582196,0.0154125297234,692.478197934
3119,0.0729601140849,0.0157345647909,691.392975787
3120,0.072787512694,0.0160290800796,690.168531929
3121,0.0722228490162,0.0161666280077,688.253515025
3122,0.0715202830947,0.0164599886275,685.408843901
3123,0.069841206185,0.0128531873174,695.85553337
3124,0.0697240550341,0.013138043607,695.140587265
3125,0.0693103860585,0.0133956158493,694.707347733
3126,0.0691920059764,0.0137584224748,693.644589717
3127,0.0695431503253,0.0142670188829,691.722489791
3128,0.0698671344869,0.0148129951746,689.729402387
3129,0.0700740368824,0.015424579953,687.386221691
3130,0.0708392239421,0.0163779744739,684.276354359
3131,0.0700997218791,0.0160384051695,684.70453992
3132,0.0695748680462,0.0126815718263,696.495392217
3133,0.073986156429,0.015192032699,695.407384719
3134,0.0734693330171,0.0154968684947,693.361327567
3135,0.0733667911956,0.0158787340134,692.215614104
3136,0.0732281658651,0.0162228943128,690.950125889
3137,0.0726501066027,0.016406891773,688.687403027
3138,0.0721125951785,0.0166808531841,686.185405612
3139,0.0714342876649,0.017130807585,682.298258148
3140,0.0694273882025,0.0130312474224,695.678558762
3141,0.0690557138856,0.014117333662,692.494679445
3142,0.0693826154075,0.0146280940583,690.438236852
3143,0.0696110537435,0.015158016292,688.298006124
3144,0.0697394045906,0.0157446740689,685.811900498
3145,0.0708134882549,0.0170601360118,680.922529425
3146,0.0703011876612,0.016493674807,682.732508937
3147,0.0696917405704,0.0162943450081,683.135949994
3148,0.0738939688541,0.0155806283698,694.424186854
3149,0.0737897175539,0.015963283276,693.315798561
3150,0.073672613,0.0163346352898,692.100863674
3151,0.0730955098717,0.0165833667735,689.565384866
3152,0.0725334069168,0.0168437119629,686.938623264
3153,0.0719855633222,0.0172112552485,683.786283208
3154,0.0713753373695,0.0177143146627,679.431082569
3155,0.0689008440291,0.0144729168158,691.257816175
3156,0.0691795919129,0.0149732440429,689.111057366
3157,0.069361785753,0.0155064388924,686.76426415
3158,0.0693812263251,0.0160946411214,683.934631737
3159,0.0705203779995,0.0176584413763,676.933623102
3160,0.0702553388557,0.0170456823181,679.768210775
3161,0.0698236250323,0.0166221648971,681.466285035
3162,0.0694147411111,0.0166274117591,681.026153514
3163,0.0735548015466,0.0167045935493,690.792998648
3164,0.0729785892064,0.0169749990217,688.033774135
3165,0.072424176729,0.0173018425535,685.004142518
3166,0.0718886490268,0.0177254732998,681.363729862
3167,0.0714232652903,0.0181872378214,677.40404677
3168,0.070873158523,0.0179441848508,676.386367304
3169,0.0687333378468,0.0148258941366,689.924594382
3170,0.0689731811413,0.0153155644418,687.657674008
3171,0.0690972780663,0.0158537918219,685.062894711
3172,0.0690540724791,0.0164932907586,681.714909371
3173,0.0700446677884,0.0175709008806,676.171302328
3174,0.0702059361987,0.0182395365504,671.732875102
3175,0.069730604881,0.0170678128131,678.781855808
3176,0.0692540510592,0.0170214212256,678.665656993
3177,0.0734415505526,0.0170816903516,689.389704182
3178,0.0728715879769,0.0173884576026,686.363915242
3179,0.0723333371259,0.0177763838699,682.938058096
3180,0.0718338651692,0.0182317419219,679.013240621
3181,0.0713698198944,0.0185974005536,675.002239028
3182,0.0710904208598,0.0183460602558,674.923450707
3183,0.0705768439276,0.018480539498,671.612657495
3184,0.0685603516249,0.0151775468043,688.491306962
3185,0.0687914726678,0.0156533618698,686.174411242
3186,0.0687168963608,0.0159967294605,684.336645647
3187,0.0686135281639,0.0163692571428,682.487065851
3188,0.0688222602073,0.0169000230209,679.320517045
3189,0.0695602742794,0.0175192460267,675.643683506
3190,0.069783651789,0.0180911530756,671.65065176
3191,0.0700438375046,0.0186950491065,667.297607367
3192,0.0690923481772,0.0174327631144,675.868767194
3193,0.0733330111249,0.0174665027099,687.895571579
3194,0.0727754860219,0.0178141050072,684.597473588
3195,0.0722641994665,0.0182741573305,680.777452627
3196,0.0717368679839,0.0187386522793,676.419747331
3197,0.0712113079095,0.0189947084735,672.168482114
3198,0.0708874853963,0.0187495114122,671.585237276
3199,0.0704348875951,0.0189634892294,667.187735243
3200,0.0684002061682,0.0155378864623,686.873673266
3201,0.0682608435729,0.0159017706768,685.143580467
3202,0.0681189470051,0.0162572093089,683.373115737
3203,0.0684000318895,0.0167565343426,680.341777802
3204,0.0686510321968,0.0172998392312,676.819839527
3205,0.0693476731371,0.0179806139117,671.916933638
3206,0.0695925253141,0.0185235225561,667.34584178
3207,0.0689159439763,0.0178618597826,672.675682047
3208,0.073228563884,0.017853553136,686.337853273
3209,0.0727022188517,0.0182391598227,682.838992617
3210,0.0723288258213,0.0186809855108,679.500292763
3211,0.0720852271864,0.0189650745163,677.362088496
3212,0.0715786317824,0.0192014323134,673.516666197
3213,0.0710639480893,0.0194736433448,668.608732169
3214,0.0707387994671,0.0192546510154,667.265294444
3215,0.0679557229284,0.0166171237466,681.497460062
3216,0.0682202118142,0.0171422284038,678.108212502
3217,0.06848134355,0.017704327254,674.084191163
3218,0.0691396103178,0.0184550607627,667.368558143
3219,0.0687028794018,0.0183226960939,668.763308782
3220,0.0731366695294,0.0182320205954,684.822448229
3221,0.0726762986094,0.0185944279485,681.698992902
3222,0.0725950581474,0.0188846236784,680.264280638
3223,0.0724377481183,0.0192008518901,678.485132801
3224,0.0719326793104,0.019387292462,675.041899489
3225,0.07145078749,0.0196317731331,671.020749583
3226,0.0710256911257,0.0199851061189,666.317458614
3227,0.0677866449766,0.0169835766046,679.52262132
3228,0.0680528789711,0.0175197795615,675.858957395
3229,0.0682792337539,0.0180900930598,671.469769638
3230,0.0684129431901,0.0186941142368,665.978256304
3231,0.0730529214383,0.018603624983,683.318340169
3232,0.072948095773,0.0189709468621,681.715343282
3233,0.0728238712616,0.0193308182202,680.092221112
3234,0.072303639386,0.0195637912422,676.704591359
3235,0.0718157932883,0.0198064393203,673.065856077
3236,0.0713605996135,0.0199748357034,669.257042182
3237,0.0710024035968,0.0204739064615,665.2743095
3238,0.0676233678049,0.0173467872403,677.549425535
3239,0.0678709668526,0.0178822957078,673.73520181
3240,0.068045041165,0.0184355829287,669.356351943
3241,0.0680800918515,0.0190072540949,664.546563491
3242,0.0727045047934,0.0196960900272,678.542819933
3243,0.0721880970218,0.0199595373065,675.079486928
3244,0.0716396059152,0.020190239291,670.97615551
3245,0.0708375442311,0.0209514304001,664.070025872
3246,0.0714278523558,0.0205879296962,668.890953168
3247,0.0674574589954,0.0177050170182,675.651505656
3248,0.0676719817281,0.0182339462561,671.845829788
3249,0.0677974827946,0.0187823062533,667.621950682
3250,0.0677909978558,0.0194109629355,663.353181667
3251,0.0725904301238,0.0200732865147,677.123078599
3252,0.0720508259507,0.0203528553876,673.569423763
3253,0.0706006629076,0.021379337636,663.544856041
3254,0.0712540181575,0.02103428167,667.790353634
3255,0.0718842750847,0.0207295416523,672.207426308
3256,0.0672873965116,0.018059873737,673.914278726
3257,0.0674702735567,0.0185823065926,670.285077218
3258,0.0675411894035,0.0191570239826,666.440457644
3259,0.0676216324446,0.0198948393695,662.3573339
3260,0.0724716111104,0.0204538065644,675.891945831
3261,0.0702734489676,0.0217338077558,663.178474218
3262,0.0711056211714,0.0214660128939,667.639430262
3263,0.0717359069133,0.0211128792044,671.332993053
3264,0.0723448659435,0.0208314789481,674.902542962
3265,0.0671146551726,0.0184123521934,672.442383602
3266,0.0672688568839,0.0189215822285,669.24439308
3267,0.0673242846913,0.0194152610182,666.601739272
3268,0.0675746837516,0.0203673207188,661.784931483
3269,0.0672876342031,0.0197705921977,665.326290806
3270,0.0699621615946,0.0221438663208,664.217107593
3271,0.0706973871141,0.022029401257,667.172478239
3272,0.0716319541391,0.0214968873134,671.256497849
3273,0.0710793924874,0.0218472472285,668.82577625
3274,0.0722239009231,0.0212055139627,674.289465645
3275,0.0669415537493,0.0187652589394,671.323270153
3276,0.0670834371668,0.0192753206397,668.560947322
3277,0.0674674775354,0.0208139387081,662.987932358
3278,0.067191569258,0.0201833863404,665.32701972
3279,0.066947412088,0.019640214096,668.151296605
3280,0.0694557789802,0.0219843018162,661.376991453
3281,0.0704472936498,0.0223997955088,667.895077022
3282,0.0697196269792,0.0226814503002,666.924329497
3283,0.0710403628045,0.0221957729256,669.923866261
3284,0.0721165460956,0.0215792069578,674.07447886
3285,0.0715621371482,0.021874397517,671.709898816
3286,0.0667745900521,0.0191222820544,670.610728057
3287,0.0678128102493,0.0211026091509,660.827250087
3288,0.0672442531441,0.021292332304,665.733049509
3289,0.0670756473956,0.0205719295308,665.944096524
3290,0.0668302431115,0.0200020616164,668.094955668
3291,0.066618493101,0.019482983172,670.308681933
3292,0.0689892586494,0.0219088316364,660.323663203
3293,0.0692514499494,0.0225277958622,665.227523548
3294,0.0708711179484,0.0225677711385,670.552463935
3295,0.0702001761025,0.0228353088957,669.114889599
3296,0.0694769272421,0.023246576408,669.330778461
3297,0.0714670536771,0.0222630490025,672.290257617
3298,0.0720179325075,0.0219558583984,674.220801633
3299,0.0681334842617,0.0214375073567,659.970672559
3300,0.0676080426375,0.0215403098365,664.084583232
3301,0.067054447244,0.0218087761556,667.950467577
3302,0.0668989075497,0.0209863275347,667.412368423
3303,0.066702043347,0.0203651229629,668.583023961
3304,0.0664702824252,0.0198431927887,670.427166869
3305,0.0685330441699,0.0217269637304,659.845151685
3306,0.068803438682,0.0223490176165,663.941929719
3307,0.0689906202104,0.0231185499205,668.232374457
3308,0.0713207644313,0.022657414098,672.894949334
3309,0.0706708660868,0.0229684982441,671.383423102
3310,0.0699732543609,0.0233281049369,670.700551782
3311,0.069272260544,0.0238298442873,671.282218363
3312,0.0719089617554,0.0223370369274,674.576726005
3313,0.0679784623234,0.0218251209796,663.18451349
3314,0.0674478469,0.0220489524365,666.694319576
3315,0.0666281775389,0.0216963086063,669.931253216
3316,0.0669187617543,0.0223555031519,669.78856786
3317,0.066548223608,0.0207089016563,669.500529908
3318,0.0666168591573,0.0212721728458,669.375985314
3319,0.0663216844291,0.0201979115309,670.922773163
3320,0.068374732169,0.0221223851336,663.322304241
3321,0.0685124509984,0.0229025851706,667.379766137
3322,0.0687466045436,0.0237748401457,670.630368681
3323,0.0717839589613,0.0227206797062,675.093210407
3324,0.0711572837015,0.0230486681298,673.566767189
3325,0.0704832136504,0.0233938361528,672.411377042
3326,0.0698051299419,0.0238372600344,672.229165994
3327,0.0691391020307,0.0244355932092,672.824555523
3328,0.0678145368642,0.0222602176051,665.900944414
3329,0.0673379026197,0.0226045872284,668.833074035
3330,0.066165010154,0.0216823270822,672.258329329
3331,0.0664870530317,0.0221866307274,671.319023414
3332,0.0667811396745,0.0229276238647,671.322264197
3333,0.0661634664617,0.0205406489839,671.722250582
3334,0.0663725443961,0.021011389729,670.679232196
3335,0.0662554243874,0.02131663633,671.552366014
3336,0.068132195937,0.0225630130381,666.475959536
3337,0.0682300495582,0.0236150406729,670.138608005
3338,0.0685325523103,0.0245540926128,672.473928044
3339,0.0716559861038,0.0231020150137,675.731555601
3340,0.0710058700388,0.0234430457856,674.364810336
3341,0.0703423512221,0.0238327776879,673.548376112
3342,0.0697102163416,0.0243417185342,673.55656396
3343,0.0691185467498,0.0250321000156,673.976240001
3344,0.0677656159118,0.0227439951397,668.05454741
3345,0.0672303794018,0.0232044560149,670.607913463
3346,0.0657068939268,0.0215984301788,674.450609315
3347,0.0660329661178,0.0220953574357,673.199083604
3348,0.066339242633,0.0227029175518,672.526847005
3349,0.0666093604729,0.023495519058,672.522051676
3350,0.0660083462531,0.020883489344,672.622840109
3351,0.0658551046337,0.0212359337089,673.548510907
3352,0.0677167510572,0.023420607687,670.160691482
3353,0.0679701070146,0.0244868674169,672.174456941
3354,0.068517694664,0.0253151416895,673.482712382
3355,0.0715312358906,0.0234814604314,676.438184425
3356,0.0708815386259,0.0238394384485,675.236551125
3357,0.0702565110736,0.0242676720399,674.643014073
3358,0.0697055436418,0.0248342688772,674.71860778
3359,0.0691537763841,0.0255027880631,674.71081254
3360,0.0670463398532,0.0238202806216,671.984307933
3361,0.0655625643334,0.0219698958193,675.263592858
3362,0.065883334991,0.0225259292858,674.116063287
3363,0.0661723039558,0.0231993573495,673.490198685
3364,0.0663754326666,0.0239918509411,673.360593132
3365,0.0674940214965,0.0241682347843,671.897964088
3366,0.0675670452154,0.0253644279634,672.877742531
3367,0.0688093366289,0.0258644695489,674.402120898
3368,0.0679685820593,0.0258823901794,673.257698941
3369,0.0714156751858,0.023859871721,677.173655435
3370,0.0707917254014,0.0242315311719,676.122822163
3371,0.0702400272255,0.0246752419281,675.662105425
3372,0.0698524742635,0.0252148512631,675.76127042
3373,0.0695265647579,0.0256659503088,675.685779954
3374,0.0667706999076,0.0243949795758,672.880866194
3375,0.0654055602374,0.0223432890133,676.025279135
3376,0.0657172896133,0.0229431972444,674.890887392
3377,0.0659661353154,0.0236387757275,674.233527674
3378,0.0660763593251,0.0244139868744,673.931120908
3379,0.0671588041485,0.0248705383134,672.74703359
3380,0.0670114667534,0.026103192087,672.482397901
3381,0.0692523687014,0.0261866305543,675.569789187
3382,0.0684209008224,0.0263670160911,673.900986131
3383,0.0674599231933,0.0266499838574,672.350423538
3384,0.0713121183665,0.0242366844646,677.898518351
3385,0.0707401400519,0.0246119658024,676.980648457
3386,0.0702692024541,0.0250228788461,676.534648365
3387,0.0701709872595,0.0253738448392,676.932070423
3388,0.0699902175843,0.0257841785191,677.030246529
3389,0.0664014413985,0.024850452499,673.333356574
3390,0.0652416282748,0.0227148808305,676.676382218
3391,0.0655318016465,0.0233344306425,675.519905386
3392,0.0657246898045,0.0240233161478,674.792055611
3393,0.0657199530473,0.024760827575,674.356783741
3394,0.0667027706627,0.0254190798841,672.901276872
3395,0.0663448376048,0.0264931869232,671.77415413
3396,0.0697097742683,0.0264332908274,676.885060968
3397,0.0689480809113,0.0266676081329,675.01779672
3398,0.0680561366937,0.0269821761924,673.029528977
3399,0.0671036325221,0.0274919237841,670.784789408
3400,0.0712177457369,0.0246133532516,678.574124119
3401,0.0706868360554,0.0249933180615,677.70930591
3402,0.0705799880202,0.0253829919869,678.164851704
3403,0.0704709111908,0.0257533982381,678.446257642
3404,0.0700392304433,0.0261536276958,677.534634533
3405,0.0659428700876,0.0252144867294,673.633848412
3406,0.0650714073865,0.0230785880809,677.194465844
3407,0.0653281809304,0.0236937253754,676.012262787
3408,0.065454739291,0.0243468265606,675.222360516
3409,0.0653275007412,0.025029039831,674.733770085
3410,0.0661518012024,0.0257826864879,672.84895491
3411,0.0656358658125,0.0265430226397,671.72416184
3412,0.0663516061039,0.0272485875949,670.435489004
3413,0.0701361271762,0.0266699753936,678.394059311
3414,0.0694539061007,0.0268519603598,676.379131606
3415,0.0686718510093,0.0271681014878,674.256548002
3416,0.0678327923859,0.027691746078,671.771821983
3417,0.0668821922827,0.0283013512272,668.637745273
3418,0.0711204324413,0.0249922757764,679.150535791
3419,0.0710112619123,0.0253693868461,679.580267028
3420,0.0709058030592,0.0257344401939,679.887134392
3421,0.0704281977554,0.0260747942919,678.788711327
3422,0.0703330042313,0.0263633453876,678.795519507
3423,0.0654053566013,0.025520292333,673.877105406
3424,0.0648949273069,0.0234318189895,677.57984566
3425,0.0651114182086,0.0240144997189,676.393554982
3426,0.0651706366019,0.0246155231191,675.577432648
3427,0.0649175638809,0.0251765889265,675.242090372
3428,0.0655480426244,0.0260299018103,672.861015603
3429,0.0651176585226,0.0263620998165,672.547982581
3430,0.0655490531815,0.027099986737,670.431662065
3431,0.0661721076527,0.0279924919035,668.349378962
3432,0.0705556362453,0.0268110859553,679.949953269
3433,0.0699358517674,0.0270212000934,677.902757716
3434,0.0692470520047,0.0272773203969,675.777021965
3435,0.0685577577013,0.0276819564768,673.590761522
3436,0.0680169180393,0.02835057199,671.12127705
3437,0.0675561020269,0.0287440424351,669.194206565
3438,0.066675812791,0.0289967792009,666.170613183
3439,0.0708116568254,0.0260935791356,680.09730294
3440,0.0706980888009,0.0264535798337,680.135274848
3441,0.0648662309976,0.0256372179605,674.429147205
3442,0.0647135839926,0.0237739772057,677.834359719
3443,0.0648960303021,0.0243105652594,676.644484866
3444,0.0648806254256,0.0248067629695,675.932265916
3445,0.0644872749534,0.0252018530447,676.061617548
3446,0.0647058989869,0.0261290535387,673.526642079
3447,0.0649352939511,0.0268577902629,671.32068277
3448,0.0654345418729,0.0276989712435,668.662122238
3449,0.0659944855751,0.0286839706208,665.814546539
3450,0.0704125411833,0.0271713371096,679.649641323
3451,0.0697806287281,0.0273986108739,677.462338677
3452,0.0691695770683,0.0276995131849,675.390595194
3453,0.0686516629635,0.0281455973106,673.354664133
3454,0.0684557487866,0.0287933202056,671.860586522
3455,0.068124719489,0.0291573040906,670.02672763
3456,0.0672932940556,0.0292817596251,667.001540418
3457,0.0665085454833,0.0296741939612,663.229745258
3458,0.0643775673016,0.0255886237735,675.395026721
3459,0.064535079525,0.0241119925629,677.932866378
3460,0.0646839533347,0.0245847455333,676.800842547
3461,0.064554626231,0.0248636134471,676.608888012
3462,0.0640562551876,0.0251411413156,677.201032837
3463,0.0642310521255,0.0259908373921,674.61945824
3464,0.0645033342128,0.0266013489096,672.435028338
3465,0.0647937623459,0.02735657541,669.749518198
3466,0.0653097854161,0.0283041311629,666.469284831
3467,0.0658040336824,0.0293247338578,662.948199976
3468,0.0702885519515,0.0275383274956,679.301026525
3469,0.0696934264218,0.0277817375225,677.112919762
3470,0.069206005968,0.028100356833,675.270770378
3471,0.0688333850754,0.0285153238505,673.487843676
3472,0.0688573107773,0.0290811064467,672.825349633
3473,0.0685978459736,0.029426698318,671.220842724
3474,0.0678582749781,0.0295676472843,668.106042484
3475,0.067150892249,0.0298816993767,664.609338309
3476,0.0664703229123,0.0303756093792,660.241654014
3477,0.0639105167603,0.0254937339236,676.632284678
3478,0.0643579012846,0.0244498570915,677.881820853
3479,0.0641943880242,0.024793219747,677.640959825
3480,0.0637528475088,0.0258582509374,675.913171907
3481,0.0640600781282,0.0263847360987,673.70347522
3482,0.0643055620951,0.0270063958172,671.306030034
3483,0.0646857273264,0.0279136321071,667.826005009
3484,0.0651293494628,0.0288692084328,663.939112267
3485,0.0654570361573,0.0299016255452,659.577640762
3486,0.0701841031291,0.0279118525473,678.90609712
3487,0.0696557412755,0.0281741543039,676.810696191
3488,0.0692227767548,0.0284647812052,675.023747432
3489,0.0691053453806,0.0287777767461,674.19529407
3490,0.0692778344394,0.0292869311654,674.204639945
3491,0.0690869580539,0.0296327269698,672.8657642
3492,0.0683892035676,0.0298073683591,669.59569486
3493,0.0677124563384,0.030064270423,666.189826079
3494,0.0670937313028,0.0304975159274,662.203555834
3495,0.0665476733915,0.0310638098498,657.38747474
3496,0.0658309801171,0.0304846194558,657.646768886
3497,0.0635897184286,0.0262197544153,675.087319645
3498,0.0638620127306,0.0267321827737,672.850057217
3499,0.0640367508844,0.0272731897213,670.62907451
3500,0.0641837938624,0.0276904152097,668.811602137
3501,0.0645693518527,0.0285044650348,665.329063909
3502,0.0648982155338,0.0294480460416,660.971521273
3503,0.0649685322532,0.0304258341584,655.432478329
3504,0.0700899951487,0.0282921001072,678.427191989
3505,0.0695927465679,0.0285684365132,676.299567641
3506,0.0694594087207,0.0289409853103,675.378120689
3507,0.069728890048,0.0294203754769,675.977447747
3508,0.0695895979115,0.0297848745266,674.867505839
3509,0.0689213228483,0.0299977979999,671.474901079
3510,0.068246346517,0.0302274065341,667.97216168
3511,0.0676333313168,0.0305938776224,664.181288441
3512,0.0670791561741,0.031112014701,659.684464155
3513,0.0666235702953,0.031721753405,654.575158562
3514,0.066017847521,0.0311253371313,654.703110636
3515,0.0652933959677,0.0309188407355,653.053399426
3516,0.0634075396103,0.026566452372,674.209894556
3517,0.0636481079073,0.027038161118,672.036947135
3518,0.0638166922689,0.0275550355039,669.738855811
3519,0.0641083338604,0.0282164877074,666.614824869
3520,0.0643977568847,0.0290876490725,662.342896339
3521,0.0645612136687,0.0300358220714,657.129667601
3522,0.0645054033619,0.0309666310935,650.575315082
3523,0.0699836381608,0.028677450312,677.770152322
3524,0.0698613797194,0.029054409158,676.95465727
3525,0.0694569225934,0.0301521200915,673.672559486
3526,0.0687889577857,0.0303824173637,670.065055752
3527,0.0681549808089,0.0306774462596,666.331823056
3528,0.0675941926619,0.0311269309512,662.162930326
3529,0.0671277920639,0.0317174600671,657.344182551
3530,0.0665828066359,0.03235336438,651.31691774
3531,0.0661632575393,0.0317067756413,652.17493881
3532,0.0655552841367,0.0314610578023,650.585780394
3533,0.0648338798482,0.0313634198053,648.556248965
3534,0.063223695523,0.0269122727432,673.183550219
3535,0.0634539906039,0.0273978899819,670.79116248
3536,0.0636930060681,0.027994300453,667.879473445
3537,0.0639772992765,0.0287620839751,664.00659679
3538,0.0641513508951,0.0296571259126,659.039032178
3539,0.0641166757115,0.0306135783055,652.564793036
3540,0.0641232880497,0.031542128645,644.836407124
3541,0.0693353794305,0.0305254564221,672.414182221
3542,0.0686886166492,0.0307813872013,668.657428329
3543,0.0681038196889,0.0311289637595,664.775600084
3544,0.0676289700688,0.0316323652614,660.642242667
3545,0.0673148227084,0.0322161652553,656.501791483
3546,0.0664066137911,0.0329179203445,647.106667928
3547,0.0670111702418,0.0325937521828,653.158637732
3548,0.0661468026008,0.0322212701157,648.94623253
3549,0.0658091085294,0.0319398116961,648.595344118
3550,0.0652565833826,0.0320689422874,644.554404369
3551,0.0645177577207,0.0318103814228,643.131398019
3552,0.0649072264894,0.0319121998854,644.201060803
3553,0.063052114769,0.0272752257041,671.9239744
3554,0.0632956174047,0.0278232866678,669.062613153
3555,0.0635646301299,0.028474275473,665.621818547
3556,0.0637752916672,0.0292583869307,661.283792637
3557,0.0637875481988,0.0301612195126,655.479852601
3558,0.0637175459018,0.0312567522912,647.082188976
3559,0.063810665259,0.032121636101,638.201248715
3560,0.0692246258576,0.0309033850124,671.104524575
3561,0.0686164363115,0.0311836766628,667.287727209
3562,0.0681053981705,0.0315708226911,663.436318524
3563,0.0677278621645,0.0320488705759,659.732036366
3564,0.0676261325874,0.0325852957759,657.315985233
3565,0.0662083693814,0.0334533885029,642.702812516
3566,0.0659848964039,0.0327200998329,644.861543687
3567,0.0667993104439,0.0331103399145,649.43493264
3568,0.0673893449047,0.0329181578286,654.607907569
3569,0.0655911986084,0.0324244984236,643.792932456
3570,0.0650580341395,0.032735631712,636.993300051
3571,0.0642625962076,0.032327428697,636.849901689
3572,0.0646952999467,0.0325201348861,636.611482384
3573,0.0628872086228,0.0276490158582,670.475951835
3574,0.0631492653285,0.028235633132,667.229225243
3575,0.0633925096072,0.0288997106208,663.469838216
3576,0.0635117452699,0.0296528170417,658.90915885
3577,0.0633510234502,0.0304626073808,653.246711854
3578,0.0633936413026,0.0319219747549,640.128514828
3579,0.0632572615187,0.0310949586131,648.354687777
3580,0.0635586429931,0.0326930977792,630.040881151
3581,0.0691235805679,0.0312821246298,669.760924974
3582,0.0685728158035,0.0315792261358,666.033161035
3583,0.068153412237,0.0319759629432,662.554638968
3584,0.0678862900011,0.0323694207053,659.593141645
3585,0.0679409208826,0.0328529764843,658.625168191
3586,0.0657982238917,0.0332340875368,639.860144031
3587,0.0660362805781,0.0339840403347,638.571105816
3588,0.0666140992015,0.0336311056705,645.84293039
3589,0.0671726297117,0.033338938936,651.575085715
3590,0.0677366330895,0.0331836519549,656.257346436
3591,0.0654199884797,0.0329827992494,638.062994332
3592,0.064865186462,0.0332294955456,629.911686862
3593,0.0640176038304,0.0327808712579,629.696510935
3594,0.0644700589788,0.0329640022607,629.623845349
3595,0.0627238598136,0.0280171523643,668.918470736
3596,0.0629816452393,0.0286089605347,665.44316764
3597,0.0631786241862,0.0292468379955,661.602490138
3598,0.0632127706697,0.0299190943558,657.248227551
3599,0.0629058568514,0.0305044663173,653.263004719
3600,0.0630994469626,0.0325238618793,632.851941369
3601,0.0629814348639,0.0317099628338,642.717411633
3602,0.062785588749,0.0310000483072,649.500248895
3603,0.0690317945339,0.0316595574842,668.40161101
3604,0.0685538558855,0.0319664238981,664.910216379
3605,0.0681924460832,0.0322999473835,661.896780898
3606,0.0681205035952,0.0325688568788,660.606537314
3607,0.0682665821835,0.0330293076902,660.314487435
3608,0.0655625257349,0.0337921298241,633.543403204
3609,0.0658855128627,0.0344451702939,635.516875212
3610,0.0664575845441,0.0341506051652,642.781489672
3611,0.0669937489102,0.03380987444,648.709316295
3612,0.0675467315344,0.0335625768124,653.855305249
3613,0.0680977284691,0.0333777299263,658.318984991
3614,0.0651917701075,0.0335327449728,630.73225434
3615,0.0625553338826,0.0283722820045,667.309997691
3616,0.0627911306286,0.0289431187946,663.77744688
3617,0.0629424779105,0.0295136261003,660.150102595
3618,0.0629000314059,0.0300587829947,656.476168473
3619,0.0624839343315,0.0304286144841,654.35262266
3620,0.0627835926536,0.0329518798686,628.292748632
3621,0.0626744557585,0.0322283844513,637.927595577
3622,0.0625747280579,0.0314865316797,645.573215345
3623,0.0623511583978,0.0308504178672,651.34688807
3624,0.0689460070501,0.0320357058417,667.026544112
3625,0.0685204188777,0.0323348331223,663.763027892
3626,0.0684222973893,0.0326843841391,662.221647541
3627,0.0686117985103,0.0331512997926,662.285366829
3628,0.0654210619884,0.034317987392,629.187225168
3629,0.0662608543026,0.0346470078807,639.773892854
3630,0.0658294659519,0.0348469777308,634.451985563
3631,0.0668163648096,0.0343040219677,645.986053859
3632,0.0673791587067,0.0339838594515,651.542617525
3633,0.0679377395606,0.0337441938064,656.354625043
3634,0.0684776160492,0.0335167220871,660.598771493
3635,0.0623787317,0.0287153289147,665.659396654
3636,0.0625845477321,0.0292439756506,662.24581944
3637,0.0627109451476,0.0297445332816,658.95428095
3638,0.0625689580142,0.0300417072113,656.979662268
3639,0.0620762449641,0.0302888499297,656.000563778
3640,0.0624485032066,0.0332891434448,626.285919793
3641,0.0623791448846,0.0326513280669,634.453366979
3642,0.062302666026,0.0319512343218,641.954820055
3643,0.0621658735838,0.031271344633,648.348093501
3644,0.0619314366377,0.0306719775647,653.514960666
3645,0.0688551942041,0.0324114307971,665.580191858
3646,0.0687429069967,0.0327839699572,663.979101351
3647,0.0653649642483,0.0347723790008,627.522272041
3648,0.0665952348167,0.0348264128765,643.136877479
3649,0.0657262248956,0.0352896271494,633.813100305
3650,0.0672084506228,0.0344296570965,649.315878117
3651,0.0677861171523,0.0341321067087,654.471284212
3652,0.0683449614716,0.0338858676875,658.955462492
3653,0.0621964711635,0.0290542433117,663.935166684
3654,0.0623845533011,0.0295508891753,660.544098896
3655,0.0622166640283,0.0299052899728,658.426924911
3656,0.0616836385521,0.0301132713243,657.94908919
3657,0.062178694913,0.0337137741682,624.414074215
3658,0.0621042999653,0.0330675795189,631.707379377
3659,0.0620024476835,0.0323925910721,639.021092478
3660,0.061937175252,0.0316791492926,645.549299836
3661,0.0617619021246,0.0310492136497,651.08061651
3662,0.061520368758,0.0304743263507,655.803137457
3663,0.0652128926039,0.0352217009253,626.058088743
3664,0.0670325835496,0.0348855236669,647.338070964
3665,0.0663617297366,0.0353574157864,641.10545862
3666,0.0654192575031,0.0357500049849,631.846208387
3667,0.0676381838292,0.0345327356039,652.750673865
3668,0.0682148370591,0.0342605133256,657.41580527
3669,0.0620186638703,0.0293953226574,662.098681651
3670,0.0618485611544,0.0297493624369,660.08116975
3671,0.0620157556454,0.0341840576607,623.001533725
3672,0.0618607042468,0.0335278381303,629.646530681
3673,0.0617338445116,0.0328512301477,636.539341483
3674,0.0616771683894,0.0320562684364,643.302835869
3675,0.0615682862428,0.031409576816,648.891364553
3676,0.0613515207498,0.0308309220021,653.708906716
3677,0.0649612182371,0.0356388697438,624.995120414
3678,0.0674986332688,0.0349344834521,651.321569632
3679,0.0668994064855,0.0353489837964,646.16018807
3680,0.06619275815,0.0358793673282,640.672408987
3681,0.0651345558233,0.0361716507812,631.31993481
3682,0.0657655927434,0.0358928915725,636.201222314
3683,0.0680873835626,0.0346383665384,656.030115741
3684,0.06194541151,0.0346433788369,622.458663751
3685,0.0616743136469,0.03399684152,628.496288777
3686,0.0615119903014,0.033325769206,634.466237079
3687,0.0613464446668,0.0326814523894,640.245831379
3688,0.0613599887039,0.0317281086043,647.260240876
3689,0.0613787031086,0.0322609481193,643.123919721
3690,0.0611750112322,0.0311786028705,651.769575049
3691,0.0646486263714,0.0359800459695,624.421718006
3692,0.0679653515065,0.0350156290507,654.886840636
3693,0.0673992332904,0.0353218700518,650.533183395
3694,0.0669582308191,0.035756795791,647.104908918
3695,0.0666586067421,0.036080443577,645.282031617
3696,0.0660378858404,0.0363937766828,641.03707286
3697,0.0648957872157,0.0366267142928,632.681960192
3698,0.0655877526032,0.0362884635377,636.479868584
3699,0.061796287763,0.0351228135984,624.727729934
3700,0.0615185588685,0.0344404872158,628.700750795
3701,0.0613142509512,0.0337751746828,633.513899564
3702,0.0611427198471,0.033146615191,638.517981617
3703,0.0609192353129,0.0326113722641,643.174451337
3704,0.0609911155648,0.0315130919752,650.07685844
3705,0.0611481546014,0.0319976095481,646.261841415
3706,0.0610193370131,0.0322666539747,644.989280682
3707,0.064350197075,0.0364250982937,626.63084413
3708,0.0678590754096,0.0353870283093,654.09842107
3709,0.0673553823762,0.0356798201916,650.538100371
3710,0.0672522007491,0.0360022811633,650.144146605
3711,0.0670702042268,0.0363304158216,649.31725451
3712,0.0664701086526,0.0365383565894,645.164882195
3713,0.0658476305999,0.0368915308718,641.757987617
3714,0.0646106907765,0.0371645725772,634.979080063
3715,0.0653915012644,0.0367713379157,637.553707907
3716,0.062172726113,0.0354123793228,620.982128953
3717,0.0615107620033,0.0356382769293,629.408866887
3718,0.0613588206366,0.0348808557958,629.866514631
3719,0.0611389821487,0.0342123346388,633.412563755
3720,0.0609433475765,0.0335782934735,637.716069427
3721,0.0607454039701,0.0330107262726,641.952432276
3722,0.060485967631,0.0325353279283,645.943439435
3723,0.0608054535638,0.0318429637334,648.591221471
3724,0.0606374403212,0.0321851423316,647.175225718
3725,0.063841575321,0.0362842720923,622.200334146
3726,0.0640765691162,0.0370187677552,631.284012902
3727,0.0677591756247,0.0357570703026,653.564865862
3728,0.0676408712707,0.0361285218183,653.140846743
3729,0.0675031243674,0.0364934092344,652.827855516
3730,0.0669060832984,0.0367098801269,649.048477904
3731,0.0662939339413,0.0370065061645,645.566714955
3732,0.0656327166721,0.037389472483,642.678306921
3733,0.0651412413423,0.0372897919501,638.972187189
3734,0.0643310548346,0.0377411600551,637.668744982
3735,0.0625079606003,0.0357433353082,619.584467059
3736,0.06187796839,0.035904646415,627.122972998
3737,0.061143120374,0.0353195196092,632.240371489
3738,0.0611608568162,0.0361116415727,633.63334541
3739,0.0609659787628,0.0346290065251,634.156891999
3740,0.0607597130752,0.0339902462848,637.593415937
3741,0.060554663076,0.0334052419659,641.368470325
3742,0.0603215383956,0.0328895957462,645.059928426
3743,0.06338031065,0.036201759806,620.242755831
3744,0.0635936558674,0.0368566718974,628.411304193
3745,0.0637765704445,0.0376080417521,634.974558518
3746,0.0673668021526,0.0368608137149,652.737203362
3747,0.0667555001048,0.0371232758006,649.297855323
3748,0.0661164828678,0.0374685407876,646.260051953
3749,0.0654494800351,0.0378971771971,644.098529534
3750,0.0648880594825,0.03783976849,640.768309719
3751,0.0640870082901,0.0383276467757,640.074164263
3752,0.0629238086105,0.0360241405633,619.336311453
3753,0.0623033484494,0.0361585385859,625.225332375
3754,0.0615819560014,0.0364377040109,631.994473229
3755,0.060769040616,0.0350046975789,635.611702913
3756,0.0608606053855,0.0356763973242,635.071909397
3757,0.0606779877769,0.0363401789498,637.218001721
3758,0.0605783572544,0.0343773527669,638.082495639
3759,0.0603686153763,0.0337882642671,641.29033735
3760,0.0601426803171,0.0332501753071,644.620086873
3761,0.0631574147793,0.036665743457,626.271618367
3762,0.0632439557725,0.0374309473791,632.889104358
3763,0.0634736617896,0.0381947691588,637.804573273
3764,0.0672379630284,0.0372408665302,652.9369313
3765,0.0666124656983,0.0375412941351,649.832884888
3766,0.0659858382975,0.0379262880858,647.400666942
3767,0.0653307021566,0.0384174737161,645.83887188
3768,0.0647149220885,0.03840079868,642.844183985
3769,0.0638739200363,0.0389225186281,642.025611155
3770,0.0627445542604,0.036430618621,624.990217682
3771,0.0620891960514,0.0366143071525,629.667215315
3772,0.0613699039998,0.0370919680558,635.328673711
3773,0.0603864330629,0.034733651283,639.066163374
3774,0.0605386387701,0.0353195390759,637.471595075
3775,0.0605326250962,0.0358831876947,637.603730788
3776,0.0601432932177,0.0362866230454,640.468249492
3777,0.0606972416453,0.0369220833147,638.075173174
3778,0.0601844641981,0.0341562421961,641.641997848
3779,0.0599630120381,0.0336093215592,644.564318841
3780,0.0627882022372,0.0371882599429,631.351953288
3781,0.0628623662147,0.0379878257829,636.10190903
3782,0.0631929947162,0.0387973173431,639.939900636
3783,0.0671122262161,0.0376256655885,653.352928028
3784,0.0664915268068,0.0379565586319,650.624458397
3785,0.0658863436227,0.0383883382519,648.71931317
3786,0.0652805435913,0.0389620139756,647.891679067
3787,0.0645745846462,0.0389696949293,644.673296464
3788,0.0636933684461,0.039537208382,643.515613583
3789,0.0624589656044,0.0368704277787,629.909913586
3790,0.0619956658719,0.0371355569357,633.306365324
3791,0.0611673611004,0.0378283036035,638.064820824
3792,0.0599967781004,0.0345095114695,642.332692823
3793,0.0601784093998,0.0350607373502,640.348974933
3794,0.0603118705842,0.0355923405974,639.185106121
3795,0.0601803628738,0.0358923660933,640.195044615
3796,0.0596934223385,0.0361434367848,643.215461713
3797,0.060087126211,0.0367636024082,641.081571007
3798,0.0605126037693,0.0375387025312,639.833816863
3799,0.0597837111331,0.0339643319508,644.832310822
3800,0.0622844000817,0.0376559181876,634.889784628
3801,0.0625097767248,0.0385683053162,638.416263137
3802,0.0629550879041,0.0394425597749,641.476234751
3803,0.0669934234835,0.0380088007297,653.925717468
3804,0.0664056687846,0.0383603600138,651.645618429
3805,0.0658707699151,0.0388398796177,650.323559388
3806,0.0651931869874,0.039506922521,649.185786934
3807,0.0644322051183,0.039561957381,646.187206044
3808,0.0635300540228,0.0402066798318,644.582084042
3809,0.0608696258479,0.0385084908001,639.872218064
3810,0.0618348189387,0.0382030878997,637.583608589
3811,0.0596035127211,0.0343154934635,645.349906045
3812,0.0598044947456,0.0348549594003,643.227410509
3813,0.0599820209055,0.0353930864772,641.555112739
3814,0.0598194003226,0.0357547258873,642.521558086
3815,0.059295201285,0.0359545635323,645.674795505
3816,0.0595851427569,0.0365633782793,643.740811871
3817,0.0599187771131,0.0372613624455,642.110411309
3818,0.0602325804958,0.0381308764799,641.23181268
3819,0.0622342665963,0.0392225844091,640.056357668
3820,0.0627829338557,0.0401680856323,642.514216782
3821,0.0668952433969,0.038385549207,654.664197697
3822,0.0663359141091,0.0387377665039,652.679784075
3823,0.0661399831838,0.0390939582093,652.780334967
3824,0.0652260841547,0.0399569430375,650.656113493
3825,0.0658939612865,0.0394635906966,652.648914897
3826,0.0642315526258,0.0401915260921,647.076025343
3827,0.0634327850916,0.0410002289368,645.401157812
3828,0.0605891683324,0.0391938932599,640.682817146
3829,0.061539975169,0.038892244975,639.474360893
3830,0.0594223765938,0.0346653394794,646.033087582
3831,0.0596175072807,0.0352041373721,644.161064187
3832,0.0594464656685,0.0355704670055,644.988837696
3833,0.0588981792968,0.0357324397606,648.25304305
3834,0.0591506629908,0.0363371766668,646.265859001
3835,0.0594188447648,0.036981364397,644.492884484
3836,0.059637200171,0.037759290884,643.306483969
3837,0.0599542699318,0.038740375946,641.961246906
3838,0.0620339795081,0.0399532592442,640.968665843
3839,0.0626932950318,0.0409983916719,643.047266321
3840,0.0667826456471,0.0387656155076,655.315816194
3841,0.0666283297149,0.0391442483391,655.739001227
3842,0.0654851297156,0.0402834996824,652.876163995
3843,0.0647829394091,0.0403456210165,649.691696051
3844,0.0658166381826,0.0398249086866,653.401466187
3845,0.0664817606379,0.0395061553264,656.115153459
3846,0.064051712479,0.040865782925,647.590219694
3847,0.0636239381027,0.0418160486186,646.580091175
3848,0.0602734444497,0.0398686649301,640.670670987
3849,0.0612859988328,0.0396125165377,640.305545892
3850,0.0592427338605,0.0350168087079,646.793393315
3851,0.0590675553577,0.0353724352945,647.550928034
3852,0.058730072415,0.0360896573381,648.897865973
3853,0.0589827266646,0.0367005899909,646.893128931
3854,0.0591540607042,0.0373605813017,645.50328947
3855,0.0593597725122,0.0383031875102,643.949358485
3856,0.0596590875019,0.0393512560941,642.053070568
3857,0.0618612934834,0.0407187096672,641.031642132
3858,0.0625589788179,0.0418642124058,642.625050715
3859,0.0658182357285,0.0404721970516,655.272774958
3860,0.0652197808148,0.0406034625539,652.389229395
3861,0.0658651967943,0.0401512751284,654.59101025
3862,0.0645673252739,0.0408781378472,649.841765651
3863,0.066378718365,0.0398597615352,656.630419572
3864,0.0640800891857,0.041528602815,648.464453854
3865,0.0640394231078,0.0424448465332,648.836780729
3866,0.0632560541953,0.0423616092112,645.119859256
3867,0.0598885196769,0.040515672255,639.943189621
3868,0.0610211500129,0.0403372367222,640.202621422
3869,0.0585556410825,0.0364353637428,649.501824305
3870,0.0587635598563,0.0370108753057,647.72401481
3871,0.0587906513804,0.0375897263906,646.781541832
3872,0.0588124356473,0.038057650986,646.161487422
3873,0.0591176055467,0.0388652315938,643.985592916
3874,0.0593068095861,0.0398913246821,641.758747561
3875,0.0616827817978,0.041482018387,640.277455979
3876,0.0623974273845,0.0427353390976,641.194836576
3877,0.0662085686218,0.0405817829859,657.623603154
3878,0.0656454150958,0.0408071457371,655.071152893
3879,0.0650413430184,0.0410027195492,652.319405361
3880,0.0663083863402,0.0402131637729,657.251278389
3881,0.0645185563692,0.0413938571249,650.374493624
3882,0.0643031622423,0.0420761978789,649.982412102
3883,0.0644573927927,0.0428209586817,651.192170794
3884,0.0638277988901,0.0429308077688,647.77181738
3885,0.0630728335979,0.0431428194396,643.817764089
3886,0.0592713035805,0.0409872529666,638.930983575
3887,0.0607169357652,0.0410600728937,639.167096562
3888,0.0583653021618,0.0367649852564,650.08999106
3889,0.0585216780426,0.0372719669802,648.585361215
3890,0.0583814599399,0.0375749733394,648.7381782
3891,0.0583053121884,0.0379469414489,648.403118034
3892,0.0586228854272,0.038533793204,646.098814001
3893,0.058841701383,0.0393598753133,643.783738225
3894,0.0588827357973,0.0403164577707,641.298276453
3895,0.0615555563674,0.0422768302309,638.851126222
3896,0.0622890836794,0.0436250035295,639.201817061
3897,0.0660712422869,0.0409537570502,657.756235089
3898,0.0654979331735,0.0411666488557,655.020365469
3899,0.0649593405332,0.0414286195597,652.646313256
3900,0.0646044334956,0.0418474677431,651.28309235
3901,0.0646415505373,0.0424552546443,652.03052135
3902,0.0648868896691,0.0430332019199,653.733645364
3903,0.0643176929299,0.0432667176399,650.457765436
3904,0.0636873839823,0.0434995662678,646.727572341
3905,0.0630218933127,0.0439382008891,642.507643226
3906,0.0584387884936,0.0411519030511,638.970353976
3907,0.0596092027027,0.0417380068345,636.75961967
3908,0.060591577684,0.0418679886842,637.413393901
3909,0.0581685081963,0.0370922499252,650.577048899
3910,0.05799323026,0.0374328196564,650.801537935
3911,0.0578426141926,0.0377889764309,650.723928483
3912,0.0581614961233,0.0383388004841,648.142337935
3913,0.0584077591121,0.0389857126094,645.820446363
3914,0.058517308211,0.0397701427608,643.524096618
3915,0.0583507937075,0.0405753611961,641.241939069
3916,0.0614673470962,0.0431520705729,636.613733836
3917,0.0620382906494,0.0444799994375,635.903769813
3918,0.065942043125,0.0413183858201,657.785252799
3919,0.0653968892204,0.0415527099255,655.134674943
3920,0.0649406469239,0.041830107961,653.088485732
3921,0.0648413431499,0.0421573710288,652.927548888
3922,0.065043966208,0.042676645455,654.469212072
3923,0.0653327492804,0.0431835163434,656.505013608
3924,0.0647561780754,0.0434221352024,653.058788996
3925,0.0642157188025,0.0437347546108,649.78484474
3926,0.063652396935,0.0440307705463,646.011536052
3927,0.0631632831355,0.0445926953016,642.214243421
3928,0.0577566312418,0.0411232297586,640.110531334
3929,0.0581766264491,0.0417559510275,636.743330802
3930,0.0587820753652,0.0420328942336,635.390934044
3931,0.05978761406,0.0425774772968,633.828641121
3932,0.0606064102244,0.0427871934645,634.830449801
3933,0.0576839043367,0.0381475318275,650.542501667
3934,0.0579681122352,0.0387204278059,647.935144778
3935,0.0581649325248,0.0393717749902,645.523483209
3936,0.0581574722399,0.0400665425775,643.367970809
3937,0.057836133608,0.0406558032232,641.88904629
3938,0.0612848198898,0.0440550137422,633.107836572
3939,0.0617251994682,0.0453628760692,631.079003882
3940,0.0626623716442,0.0449908991648,638.487747037
3941,0.065827542203,0.0416900876641,657.798325724
3942,0.0653161732243,0.0419453816442,655.278339261
3943,0.0652023826302,0.0423230521269,655.05171366
3944,0.0654658351642,0.0428143333281,657.056481202
3945,0.0652074615678,0.043556983788,655.883611352
3946,0.0646418984727,0.0438344623059,652.363062186
3947,0.0640943343584,0.044151683181,648.952475502
3948,0.0637455820788,0.0444273137431,646.365073952
3949,0.063477953171,0.0450563859048,643.830078512
3950,0.057261723933,0.0409862744156,641.691354398
3951,0.0575388185122,0.0416081449595,638.210113632
3952,0.057698215564,0.0423826795132,633.832244607
3953,0.0583289602071,0.0425505320706,632.562468563
3954,0.0590088306792,0.042577555096,632.835655066
3955,0.059712107636,0.0434621944682,629.581272051
3956,0.0604890699962,0.0437158686481,630.901304206
3957,0.057501775884,0.0384972721788,650.319445926
3958,0.0577534530165,0.0390670472862,647.704285054
3959,0.0578864196202,0.0396558546075,645.450164644
3960,0.057815628448,0.0402201780575,643.61695905
3961,0.0573925208908,0.0405791313713,643.214103928
3962,0.0610421638908,0.0449515463068,628.192579498
3963,0.0614457501987,0.0463185167302,625.480310191
3964,0.062384835929,0.0456972037318,634.767798434
3965,0.0631554380508,0.0454359357397,641.053917622
3966,0.0657169775635,0.0420682172658,657.72362797
3967,0.06559718936,0.0424443335063,657.488411573
3968,0.0650855098683,0.0439405816238,655.160997917
3969,0.0644969052205,0.0442568651514,651.246234513
3970,0.0639070887497,0.0447747627435,647.014685432
3971,0.0638126129748,0.0453889954362,645.761394904
3972,0.0568160581341,0.0407890320497,643.681362461
3973,0.0570767104787,0.0413912425432,640.080187166
3974,0.057199352523,0.0421015250236,635.937017937
3975,0.0573563637675,0.0430653059201,629.927381932
3976,0.0581138773888,0.0431979569779,628.806672364
3977,0.0589220434667,0.0433068985635,628.851150046
3978,0.0594839038158,0.0443268605659,623.805962582
3979,0.0602886756323,0.0446030918552,625.611409335
3980,0.057308386207,0.0388389319963,650.013287589
3981,0.0575179536831,0.039370300536,647.519544805
3982,0.0576366852487,0.0398836476233,645.393132225
3983,0.0574843727933,0.0401840374143,644.608581874
3984,0.056967342109,0.040411116209,645.032701257
3985,0.0607788036917,0.045912678175,621.697467237
3986,0.0620421645288,0.04675813726,629.315945458
3987,0.0611997908711,0.04732253593,619.304156723
3988,0.0624371995257,0.0463685684997,633.433357937
3989,0.0629575243137,0.0459157583152,638.704580859
3990,0.0635772105375,0.0457320504079,643.646774018
3991,0.0649637901546,0.0443210908639,654.363906679
3992,0.0644042940272,0.0446498400123,650.492585757
3993,0.0640836015563,0.045103050112,647.902457741
3994,0.0641550348166,0.0456222139285,648.018073356
3995,0.0563826654768,0.0405750473575,645.940647489
3996,0.0566374907431,0.0411492974175,642.332932369
3997,0.0568274458189,0.0417522792483,638.661456901
3998,0.0567681978655,0.0423921078116,634.91076012
3999,0.0566892138355,0.042937459839,631.567815132
4000,0.0570761702265,0.0437937831569,624.886057953
4001,0.0578727199198,0.0439203700253,623.637779257
4002,0.058678157421,0.0440967863727,623.220888349
4003,0.059213804762,0.0450970375385,616.978585715
4004,0.0600528352279,0.0454747662616,618.894803395
4005,0.0571092479988,0.0391733364792,649.592354752
4006,0.0572997047653,0.0396707310251,647.121516751
4007,0.0571208871754,0.0400241643025,646.251851089
4008,0.0565571062631,0.0402195548608,647.103436384
4009,0.0604601972634,0.0467761254499,613.864024767
4010,0.0619197839863,0.0475739690796,626.028836575
4011,0.0625523710938,0.0471640501299,632.979727117
4012,0.061109621055,0.0482024502902,616.21686304
4013,0.0627676521259,0.0467783054077,635.612234177
4014,0.0628992438533,0.0464008034848,637.47900211
4015,0.063410037189,0.0461219275113,641.87629952
4016,0.0639787923016,0.0459611240019,646.372303662
4017,0.0648598665757,0.0446868143042,653.597834336
4018,0.0644064828524,0.0449882299497,650.369453421
4019,0.0643301321728,0.0453021908991,649.546074388
4020,0.0645223087305,0.0457813218476,650.565998235
4021,0.056200836859,0.0409216436572,644.706649839
4022,0.0564200105024,0.0414835978482,641.0854087
4023,0.0565333971308,0.0420385427078,637.678607068
4024,0.0563459719456,0.0423506312612,636.100428484
4025,0.0561856384928,0.042739071968,633.836046112
4026,0.0564017741289,0.0435850819742,627.497636174
4027,0.0567675898272,0.0445773351149,618.78528963
4028,0.0575171190391,0.0447037898856,616.957887479
4029,0.0583348072636,0.0448555522101,616.149180434
4030,0.0589637465754,0.0457181897572,609.918652813
4031,0.05979083331,0.0461817033418,611.474346903
4032,0.056916896531,0.0395093560003,648.990628277
4033,0.0567342754791,0.0398592337002,648.143043736
4034,0.0624358279401,0.0476664384656,631.153909375
4035,0.0620781639646,0.0483753520148,626.806550731
4036,0.0630139193318,0.0474043520668,636.878304277
4037,0.0610742598759,0.0490205001431,615.279731827
4038,0.061744167247,0.0487390489966,623.060844481
4039,0.0631624507126,0.046984952878,638.63934079
4040,0.0633000864918,0.0465577092287,640.384926768
4041,0.0638299281795,0.0463295393418,644.844502201
4042,0.0643815255176,0.0461396423607,649.240030513
4043,0.0647657812779,0.0450481697442,652.789556527
4044,0.0646554834658,0.0454167524694,651.784472376
4045,0.0560068311871,0.0412613232796,643.413070051
4046,0.0561806145212,0.0418073376025,639.813472483
4047,0.0559793949057,0.0421521130724,638.190196601
4048,0.0558020397196,0.0424807139768,636.592968282
4049,0.0558387505933,0.0430105243371,632.825807512
4050,0.0558496971626,0.0434031206838,630.055959507
4051,0.0559791724679,0.0440531165545,624.657964337
4052,0.0563836107807,0.0453535256367,611.588806548
4053,0.0560347542774,0.0445470631366,620.493750568
4054,0.0571600269806,0.0454870919402,608.563741839
4055,0.0580405376327,0.0455049214272,608.76244564
4056,0.0628507409349,0.0478516380844,634.971708713
4057,0.062458603524,0.04825227797,630.736922894
4058,0.0624066303905,0.0489353016366,630.153112418
4059,0.0634291687248,0.0475474970891,640.286883122
4060,0.0609127776362,0.0499104964709,614.543227617
4061,0.0615325502027,0.0493612584814,620.897236746
4062,0.0621699397892,0.0492519211066,627.822503955
4063,0.0635741647794,0.047136842301,641.913705297
4064,0.0637035365174,0.0467283506923,643.392902698
4065,0.0642502518723,0.0465071786923,647.919326509
4066,0.0558061169662,0.041600004925,642.021433017
4067,0.0556140557011,0.04194089943,640.48886005
4068,0.0554264618844,0.0422768510688,638.898007071
4069,0.0555758173783,0.0427655762642,635.299122881
4070,0.0554212106982,0.0430447229968,633.74117398
4071,0.0553383035488,0.0433580796613,631.744935085
4072,0.0556225046407,0.0438039854077,627.722198174
4073,0.0554622170539,0.044159956833,625.345865004
4074,0.055742417471,0.0459657246205,607.991060819
4075,0.0556907511464,0.0450995799636,616.529702439
4076,0.0553837267298,0.0445400100239,622.539622177
4077,0.0632653062724,0.0479703270759,638.420197435
4078,0.0627158623635,0.0482234194354,633.335715916
4079,0.0626564073469,0.048734140677,632.606890075
4080,0.0628089358021,0.0492780427106,634.290799759
4081,0.0638668089995,0.0476533069873,643.884808417
4082,0.0605491181011,0.0507663660323,613.305664253
4083,0.0613526452734,0.0501158052038,620.237984556
4084,0.0619725500088,0.049719509135,626.217990822
4085,0.0626162788847,0.0496020877331,632.671638559
4086,0.0639997151239,0.0472683628686,645.269443485
4087,0.0641253030724,0.0468847937585,646.604738477
4088,0.0552301193425,0.0426075921122,637.277137167
4089,0.0550483444173,0.0429418997906,635.516731059
4090,0.054888321435,0.043277567196,633.665640696
4091,0.0551696240571,0.0437115748584,629.683157748
4092,0.0549937535716,0.0440795161157,627.474889702
4093,0.0550524340407,0.0465705136665,606.633381476
4094,0.0551336150673,0.0455622817553,614.586234119
4095,0.0551238289476,0.0449313412988,620.258068191
4096,0.0548435042591,0.0444420813355,625.278193904
4097,0.0637423780476,0.0480309289229,642.657869565
4098,0.0632043270707,0.0483597922799,637.843775639
4099,0.0628758308283,0.0485016523857,634.666359478
4100,0.0630029182802,0.0489900609037,636.003709284
4101,0.0632541937491,0.0494784354741,638.515288864
4102,0.0611404219851,0.0508825369169,620.248085271
4103,0.0598506602765,0.0515915272938,610.339604454
4104,0.0618153674216,0.0502820031803,625.604057157
4105,0.0624498755648,0.0499902755801,631.517197099
4106,0.0631070389997,0.0498340672658,637.52638897
4107,0.0547160984634,0.043617763015,631.789299825
4108,0.0545348425789,0.0439651967481,629.899207728
4109,0.054594102097,0.0473479506643,604.250759671
4110,0.0544444502454,0.0462207350721,613.244388873
4111,0.0545892657407,0.0457167893456,616.521399496
4112,0.0547461901921,0.0453045001422,618.985633847
4113,0.0546360897707,0.0447929285659,623.417577786
4114,0.054355417725,0.044311967239,628.059897631
4115,0.0636402737412,0.048401279424,641.663483132
4116,0.0631629655223,0.0486920168933,637.453214089
4117,0.0634025447152,0.0491305713141,639.637044045
4118,0.061722498589,0.0508591716342,626.378349018
4119,0.0611160047828,0.0515162479725,622.748283714
4120,0.0588680830756,0.0521336747679,605.429268204
4121,0.0603280062909,0.0520783903303,617.836717283
4122,0.0623169768698,0.0504269674432,631.077127403
4123,0.0629694347935,0.0502033037386,636.791500107
4124,0.0542964228988,0.0481204042559,602.40092936
4125,0.0540134037021,0.0471072300248,610.47014067
4126,0.0539936269332,0.0459359715155,618.385738751
4127,0.0540461247954,0.0465675815284,613.684019
4128,0.0541464020453,0.0455546845321,620.093321965
4129,0.054356509757,0.0451528581868,621.945858873
4130,0.0541614486352,0.0446563485261,626.371472881
4131,0.0635347906868,0.0487719493044,640.702146238
4132,0.0622252874591,0.0508777773756,631.347967454
4133,0.0616926362257,0.0513598317977,627.865735983
4134,0.0613519436833,0.0519781133374,627.275923881
4135,0.0578596017575,0.0522883479704,599.840475354
4136,0.0585944177041,0.0531037446956,611.553479712
4137,0.0595961438395,0.0530892874752,618.446497451
4138,0.0608983788031,0.0524241333235,624.848670933
4139,0.0628445361502,0.0505865165641,636.37686627
4140,0.0538643731233,0.0486145203605,605.028790273
4141,0.0537490951523,0.0476463169324,610.061027672
4142,0.0534960803498,0.0469579314089,615.551565254
4143,0.0535638298524,0.0457076282605,622.24767703
4144,0.0537662472205,0.0462373745928,617.927651947
4145,0.0536026582696,0.0465679334754,616.963735149
4146,0.0537517564016,0.0453595067933,623.424235517
4147,0.0539503950456,0.0450026653469,624.87102248
4148,0.0627341327293,0.0509746621905,636.332982627
4149,0.0621778011875,0.051303182437,632.321448506
4150,0.0617678094761,0.0517475455859,630.040507716
4151,0.0617327494046,0.0522903102208,632.046153469
4152,0.0569000569399,0.0521955087111,596.053057285
4153,0.0574906577755,0.0531773138352,607.099919128
4154,0.0583856883936,0.0541084738985,617.050530233
4155,0.0592762223786,0.0539568007608,621.639323597
4156,0.060265627438,0.053404800358,625.300119896
4157,0.060790253711,0.0530347791123,627.421480199
4158,0.0614890305726,0.0526429694576,631.523650988
4159,0.0542071116579,0.0493850776723,599.68081927
4160,0.0534179592956,0.0480494910774,611.326577096
4161,0.0533444595365,0.048882507953,609.538224721
4162,0.0533061272586,0.0473468536234,615.060864946
4163,0.0530131826028,0.0467477972963,619.939883361
4164,0.053365267349,0.0460425499124,621.381647024
4165,0.0531811242205,0.0463913457053,620.593802694
4166,0.0626424072687,0.0513613859815,636.628625084
4167,0.0621559839962,0.0516728213518,633.465024967
4168,0.0620183523287,0.0519846731857,633.405192326
4169,0.0622358343703,0.0524591138569,637.151085606
4170,0.0559919961538,0.0518585658972,594.309660057
4171,0.0564776081008,0.0529832221137,603.622614061
4172,0.0568267202495,0.0543221467027,612.43688712
4173,0.0585519879643,0.0548198864904,622.021588394
4174,0.0575250937606,0.0547474364334,616.832622942
4175,0.0599639315456,0.0540240870058,626.828838396
4176,0.0592120972295,0.0546050154864,624.830035084
4177,0.0607338264579,0.0538040900309,631.260091718
4178,0.0610384570224,0.0535097623019,632.034251624
4179,0.0614081185836,0.0530409014753,632.76529128
4180,0.0620836188663,0.0528126858352,637.391936243
4181,0.0540506831637,0.0502080136836,601.470090815
4182,0.0535486058574,0.0494244773101,606.519001591
4183,0.0530526212114,0.0477064962599,615.630364707
4184,0.0530716364867,0.0483829993824,613.226692167
4185,0.0529762823987,0.0491997836089,612.221577389
4186,0.0528303940951,0.0470964548434,619.661776638
4187,0.0625461640276,0.0517410004797,637.049704605
4188,0.062406481994,0.0521058818277,637.179927926
4189,0.0552198144318,0.0512925216452,594.559310104
4190,0.0555369141599,0.0525794752716,601.839507771
4191,0.0558362800148,0.0539786785533,609.178142223
4192,0.0561569715068,0.0553939258949,614.963900346
4193,0.0579559825303,0.0553061632923,621.370392458
4194,0.0587164923195,0.0554659438246,626.083732003
4195,0.0569568621667,0.0558254579047,619.118499391
4196,0.060496650606,0.0542213149091,631.619843915
4197,0.0598022310657,0.0545966001088,628.72540924
4198,0.059217245479,0.0552288379703,628.007630406
4199,0.061182147922,0.0541014434713,636.234319892
4200,0.0613684556737,0.0537787564811,636.202317152
4201,0.0614372225875,0.0534380049722,635.041243651
4202,0.0619762913714,0.0531767720456,638.13075208
4203,0.0546400164666,0.0506406122268,596.600425475
4204,0.0535376944561,0.0509527814324,607.198457717
4205,0.0534556987854,0.0499442051832,607.148727607
4206,0.0531582205605,0.049590200271,610.076687028
4207,0.0526236748846,0.0474332487597,619.851334778
4208,0.0527796644272,0.0480082280427,616.791647789
4209,0.0527167213742,0.0485515592426,615.547352399
4210,0.0526405332399,0.0489459821993,615.451317185
4211,0.0526920774793,0.0495627925616,614.088359556
4212,0.0547315431777,0.0520252604559,602.021389588
4213,0.0548850423961,0.0534177571602,607.54444418
4214,0.0551622432736,0.0549445021467,611.8968477
4215,0.0558019764602,0.05649032966,616.109298231
4216,0.058277458149,0.0558663976846,625.402611945
4217,0.057563729719,0.0561397170359,622.67235647
4218,0.0588532119367,0.0561085276706,629.598274826
4219,0.0565909131806,0.0569541748398,620.143920755
4220,0.0609996864279,0.0544608005648,636.578149288
4221,0.0603342035989,0.0546975898343,632.891189868
4222,0.0597323343314,0.0551431435059,630.902509496
4223,0.0592803223477,0.0558030171035,630.932051629
4224,0.0616455099179,0.0542968247034,640.698157146
4225,0.061787997986,0.0539354419886,640.098485517
4226,0.0618944423047,0.053556292133,639.161738506
4227,0.0540890444337,0.0514668973132,604.103943244
4228,0.0529621556167,0.0515397136585,611.526691789
4229,0.0530859194493,0.0503968797872,610.159487949
4230,0.0528592139322,0.0498860308928,612.344653104
4231,0.0524042224385,0.0477565763405,620.38913071
4232,0.0525132584632,0.0482607795918,618.173065023
4233,0.0523454604602,0.0485191687301,618.906869724
4234,0.0522186903879,0.0488444749981,618.997045705
4235,0.052396696511,0.0493734865007,616.683959146
4236,0.0525571264695,0.0499723333336,614.685345855
4237,0.0540564142704,0.0528346810126,607.994392396
4238,0.0541795789818,0.0539281772006,609.966284682
4239,0.0544115471926,0.0557744599884,612.123183182
4240,0.053999437994,0.0546146932399,611.258913006
4241,0.0555619965072,0.0576161630823,616.059075824
4242,0.0549457802843,0.0564610298032,613.588427485
4243,0.0584851755326,0.0565019535252,628.839634713
4244,0.0579621511382,0.0562738439557,625.247007739
4245,0.057656190667,0.0571641664199,625.890015218
4246,0.0590622633608,0.0566834341537,632.90904178
4247,0.0562360981622,0.0580291050282,619.663945832
4248,0.0572453754881,0.0577050549834,624.752905714
4249,0.06150086423,0.0546579427574,641.252758879
4250,0.0608538328772,0.0548578675943,637.367674311
4251,0.060246741461,0.0551753340837,634.547227605
4252,0.05973972456,0.0556510926369,633.259802307
4253,0.0534310564018,0.0522287367343,609.577327465
4254,0.0524300518879,0.0510234429334,614.796536693
4255,0.0523906602328,0.0519418655889,614.861244648
4256,0.0525773379997,0.0505064633334,614.019029371
4257,0.0521848072458,0.0480740899738,621.097517206
4258,0.051987168296,0.048401715939,621.750025929
4259,0.0518100703469,0.0487407619217,622.313453266
4260,0.0520284752368,0.0492297059978,619.705496056
4261,0.0522133382925,0.049827414044,617.442136715
4262,0.0533710768383,0.0536239216653,611.425257432
4263,0.0534583266692,0.0554323319702,611.730580477
4264,0.0536308169492,0.0565775660798,610.733744084
4265,0.052900506254,0.0544425116052,612.824513841
4266,0.0552051483469,0.058671435068,613.769787619
4267,0.0548692972026,0.0573427257192,613.26895068
4268,0.0542543896007,0.0570044322857,611.45904879
4269,0.0580986231952,0.0568593692266,627.670639238
4270,0.0587403886147,0.0571241272233,632.406275246
4271,0.0580796934578,0.0579823014977,630.490467025
4272,0.0558949727451,0.0590835884661,617.925571276
4273,0.0568777601908,0.0585621793569,623.914215075
4274,0.0577549310864,0.0584833244306,629.40902086
4275,0.0613714619263,0.0550318661321,641.974286991
4276,0.0607521584656,0.0552792681599,638.565570932
4277,0.0602047042415,0.0556431939152,636.325938306
4278,0.0525845179672,0.0526553350277,613.801920311
4279,0.0519229790648,0.0506724569695,618.616522394
4280,0.0520485117758,0.0513801820375,617.214020225
4281,0.0518379786368,0.0521476232107,617.802430807
4282,0.0520867784749,0.0502784500267,617.833667441
4283,0.0516265208002,0.0490870698829,622.963481193
4284,0.0518382027308,0.0496344246803,620.478650205
4285,0.0524508318149,0.0534519260313,614.356755638
4286,0.0528085721299,0.0562772949229,610.646672131
4287,0.0524349026738,0.055235027208,612.864447615
4288,0.0529902529378,0.0574929596426,607.360707358
4289,0.0520402683793,0.0542549266953,615.110491849
4290,0.0548476247783,0.0596891517333,610.056012389
4291,0.0544864765817,0.058264094562,610.45673687
4292,0.0537448154608,0.0578613907158,608.250173175
4293,0.0583999919683,0.0575232039171,631.342390996
4294,0.0590702341925,0.05772717939,636.16405804
4295,0.0584678982916,0.0585019117097,634.152264846
4296,0.0555650418985,0.0601104628139,615.256548729
4297,0.0565828159623,0.0595324036116,622.776642466
4298,0.0574633174066,0.059136514518,628.450983557
4299,0.0581933926942,0.0589773425787,633.261450684
4300,0.061254144846,0.0554152973251,642.792055987
4301,0.0606673951844,0.0557079718257,639.823649445
4302,0.0518103738473,0.0527480146263,617.483929118
4303,0.0514812608737,0.0503809631384,621.950689404
4304,0.0516610167741,0.0509874764715,619.958103262
4305,0.0516568424917,0.0516214795145,619.293183323
4306,0.0513251371424,0.0522152984368,620.489139576
4307,0.0516665219227,0.0500249637734,621.161340053
4308,0.0514344753436,0.0494407742282,623.72021252
4309,0.0516345790743,0.0533842091822,617.588022362
4310,0.0521892140666,0.057170489112,607.702589417
4311,0.0518912237596,0.0560496006628,611.730372108
4312,0.0515599849926,0.0550273217566,615.02039516
4313,0.0524263131979,0.058380084222,602.013657852
4314,0.0513138112691,0.0540535929421,617.734246182
4315,0.0544050611468,0.0606823311543,604.371091624
4316,0.0541115472776,0.0592360328972,605.7842931
4317,0.0532945540889,0.05876548347,602.98655824
4318,0.0587521722588,0.0580686799312,635.006284558
4319,0.0593897060449,0.0582252371222,639.748202333
4320,0.0594154328497,0.0575418294226,637.858577954
4321,0.0588877985614,0.0588784425946,637.865246574
4322,0.0551674212812,0.0611502985192,611.205356928
4323,0.0563289529365,0.060490572878,621.386628594
4324,0.0572759470647,0.0599670051378,628.214695086
4325,0.057992455249,0.0595528423496,632.872827503
4326,0.0586762320591,0.0593121624619,637.316919261
4327,0.0611414030911,0.0558045902809,643.624138173
4328,0.0512457365333,0.0527152060938,620.221780979
4329,0.0510484803646,0.0501330330776,625.287398313
4330,0.05126132895,0.0506976446473,622.981281326
4331,0.0513576945586,0.0512410787149,621.625238025
4332,0.0512817617769,0.0517749891151,621.24130586
4333,0.0508520263186,0.0521554533937,623.131750674
4334,0.0512431055182,0.0497925605815,624.495935798
4335,0.0510571670344,0.0532514582764,620.219364435
4336,0.0516010016192,0.0580539447311,603.119288524
4337,0.0513273869488,0.0568886872469,609.26912152
4338,0.0510701554273,0.055798343757,613.92928128
4339,0.0508361303389,0.0547639432089,617.693195341
4340,0.051994506674,0.0591568972477,595.384971627
4341,0.050754940903,0.0538028338198,620.348368923
4342,0.0537518211964,0.0600514377833,599.942883784
4343,0.0529264029537,0.0595026187698,596.686279469
4344,0.0591249084079,0.0585028320977,638.619564154
4345,0.0596433866602,0.0579788329155,640.79077816
4346,0.0560715985791,0.0613675360294,619.880418578
4347,0.0571403282894,0.0607955036235,628.2499934
4348,0.0578796005738,0.0602245544691,633.157385262
4349,0.0585079457659,0.0597967453053,637.056600068
4350,0.0507494919669,0.0525972987748,622.844514538
4351,0.0508435610266,0.0504611778909,626.105234042
4352,0.0510124456597,0.0509855989587,624.133997999
4353,0.0510892618208,0.0514706860583,622.912284515
4354,0.0509263388542,0.0517629092189,623.424893523
4355,0.0504315155786,0.0520101203155,625.696467674
4356,0.0505767025288,0.0530525108963,622.756954024
4357,0.0510919723875,0.0589993471072,596.091213431
4358,0.0507547203831,0.0577360451426,605.619564289
4359,0.0505100169528,0.0566081862376,611.97572607
4360,0.0503318815853,0.0555509215428,616.778051511
4361,0.0503310960088,0.0543522206624,620.502054811
4362,0.0503301193892,0.0534981580076,622.814795685
4363,0.057829921812,0.0608947870424,633.745765077
4364,0.0584034643778,0.0603269701096,637.231214504
4365,0.0502897214433,0.0524052629854,625.603620573
4366,0.0506297457229,0.0507839919415,626.911134555
4367,0.0507741980567,0.0512824525312,625.117165202
4368,0.0505806700819,0.0516247547323,625.632075256
4369,0.0500328970928,0.0518090537785,628.380166703
4370,0.0501159124966,0.0527934780086,625.570475039
4371,0.0501993136124,0.0587085462278,600.105116582
4372,0.0499371547168,0.0574521158489,609.175579454
4373,0.0499938784501,0.0562769377147,614.80069424
4374,0.0496880188332,0.0553508208972,619.419467474
4375,0.0500164120758,0.0538747342766,623.133802792
4376,0.0498200343614,0.0546792704714,621.308042827
4377,0.0499050451416,0.0531620049914,625.637025717
4378,0.0583736693604,0.0608518598882,638.024547254
4379,0.0498505083954,0.0521627899148,628.544314741
4380,0.0504184727483,0.0511115563352,627.604722514
4381,0.050219291783,0.0514542977081,628.089160666
4382,0.049660415355,0.0525109294611,628.646702802
4383,0.0495627199381,0.0595427747143,595.937295791
4384,0.0494202312795,0.0583054550113,605.531894418
4385,0.0492248885956,0.0573212644307,611.981345518
4386,0.0493742381197,0.0565599446512,615.344091837
4387,0.0491763920477,0.0551648680468,622.026772495
4388,0.0492207709657,0.0559494705143,618.53310752
4389,0.0496560717253,0.0534805535928,625.886574286
4390,0.0496661597068,0.0541277414365,623.788804919
4391,0.0493175035526,0.0546894208231,623.27976267
4392,0.0494582723801,0.0528497031799,628.728190899
4393,0.0488736618429,0.0602121275418,594.805105259
4394,0.0488675057668,0.0591086701461,602.581220745
4395,0.0488253197366,0.0580599588231,609.310378013
4396,0.0485348621484,0.057337729559,614.421701593
4397,0.0486824008522,0.0568084438112,616.47323315
4398,0.0487022460454,0.0549771422127,624.643838581
4399,0.0489052441994,0.0555792824663,621.336351038
4400,0.0487097968835,0.0563127724526,618.807550053
4401,0.0492437766502,0.053171716378,628.812514368
4402,0.0493849540806,0.0537369918907,626.340459689
4403,0.0493138431257,0.054255726927,624.787352918
4404,0.0488590768101,0.0545929686237,625.495445361
4405,0.0483110591719,0.0610378010843,593.571535163
4406,0.0482370354389,0.0599154647513,600.850486352
4407,0.0483348061934,0.0587428924324,607.261933566
4408,0.0482573199006,0.0578986211248,612.500367658
4409,0.0478932225329,0.0573247270608,617.083984961
4410,0.0481224876765,0.0568888989346,618.294084093
4411,0.0482392070428,0.0547949597188,627.328732531
4412,0.0484820225627,0.055327981143,624.074980028
4413,0.0485623203323,0.0559073773982,621.215505296
4414,0.0483034201533,0.0564787096242,619.54912893
4415,0.0490181345934,0.0534784671444,628.883977404
4416,0.0491188917338,0.0539696821554,626.741508231
4417,0.0489547849753,0.0542411338653,626.493704406
4418,0.0484221116857,0.0544555031155,627.931159813
4419,0.0479812160243,0.0619670543839,591.874369802
4420,0.0476954093897,0.0607786226057,599.59863109
4421,0.0477569154148,0.0597165934464,604.833993768
4422,0.0478731052157,0.0584128800258,611.413349768
4423,0.0477428236605,0.0592167589608,607.585867515
4424,0.0476805533444,0.0577594267026,615.756142147
4425,0.0473081252095,0.0572462929579,619.921974468
4426,0.0477610973875,0.056753869214,620.376508992
4427,0.048031679433,0.0551269896849,626.795181389
4428,0.0482178626498,0.0556409127127,623.789567603
4429,0.0482416185484,0.0561578421319,621.372462502
4430,0.0479977734998,0.0564293073512,621.073544451
4431,0.0487931183012,0.0537868648383,628.839277471
4432,0.0485946017059,0.0541145186278,628.504153072
4433,0.0478507472726,0.0628699411622,590.471832999
4434,0.0473404765084,0.0616310267168,598.381620899
4435,0.0470229709102,0.0605776367011,604.965891697
4436,0.047207538712,0.0599373781507,606.902163636
4437,0.0473900194593,0.0581740930447,614.939304185
4438,0.0474275368462,0.0588227064059,611.435885081
4439,0.047204118658,0.0594530289094,609.361471548
4440,0.0471229461366,0.0576162470306,618.94087495
4441,0.0467927683831,0.0571131665327,622.816552926
4442,0.0473923357975,0.0568893871159,621.278128328
4443,0.0474909864324,0.0565702861945,622.495228609
4444,0.0478090024849,0.0554515188346,626.293971671
4445,0.0479559512262,0.0559413786467,623.495492312
4446,0.0477122525022,0.0562585484895,623.002601872
4447,0.0470275637343,0.0624035707752,598.543774739
4448,0.0466634116328,0.061199965933,604.847518851
4449,0.0463934774588,0.060435593313,609.640577655
4450,0.0465981397451,0.0599388695567,610.542300353
4451,0.0468924844908,0.0579774859272,618.236988338
4452,0.0470404448166,0.0585540976963,614.7522628
4453,0.0470115163347,0.0591552852556,612.009759838
4454,0.0467489140249,0.0594965389215,611.872883655
4455,0.0466050442761,0.0574470428794,622.049351052
4456,0.0469642409208,0.0567773925336,623.655361075
4457,0.0471554188509,0.0564380886489,624.447237358
4458,0.0475845322804,0.0557762845937,625.750851938
4459,0.0473668036283,0.0561043526094,625.138336626
4460,0.0463314263623,0.0619223299331,604.864644409
4461,0.0460685276525,0.0608849964665,609.873957439
4462,0.045844507312,0.0603158117418,613.335549068
4463,0.0460178567705,0.0599120327133,613.941140568
4464,0.0463899177434,0.0577826964169,621.44605869
4465,0.0466167980868,0.0583315944417,617.843937867
4466,0.0466828637712,0.0589235518129,614.773865582
4467,0.046363274305,0.0593144459306,614.63200292
4468,0.0460556700193,0.0628062996781,604.285028562
4469,0.0457446047732,0.0617754323894,608.754180119
4470,0.0455794809312,0.0607146578608,613.401604961
4471,0.0456194224255,0.061300924956,611.11717592
4472,0.0453478972011,0.0602073197317,616.534318851
4473,0.0455076827836,0.0598631566995,616.976543858
4474,0.0460112034587,0.0595659188255,615.311902987
4475,0.0461625433268,0.0581175648838,620.965219412
4476,0.0463237726094,0.0586860666465,617.637964809
4477,0.0460446191455,0.0590286107728,617.540039817
4478,0.0455632787402,0.0625112135589,607.94880864
4479,0.0456773531433,0.0636528658498,605.003398845
4480,0.0453050892801,0.0617432296971,611.679222832
4481,0.0451164186769,0.0605609961194,616.546887866
4482,0.0452612496957,0.0611122604173,613.86303406
4483,0.0448798345392,0.06006168154,619.587037254
4484,0.0450695166238,0.0597324505436,619.789016642
4485,0.0456119637749,0.0595500648356,617.719000522
4486,0.0457854973533,0.0592995728174,617.820021001
4487,0.0459290562117,0.0584511875359,620.596181251
4488,0.0456943937687,0.058775333441,620.373110915
4489,0.0451202903723,0.0622269345418,611.303614497
4490,0.0452091941103,0.0631547403309,608.608428912
4491,0.0451424513865,0.0643476471013,606.626280714
4492,0.0449755364589,0.0615248948644,614.214972446
4493,0.0446651880981,0.0603928740173,619.575179132
4494,0.0448618035278,0.0609211064489,616.757684678
4495,0.0452533664603,0.0594050404223,620.069212749
4496,0.0454636421419,0.0590876086562,620.251756319
4497,0.044741999864,0.0619263376925,614.361774724
4498,0.0448263793487,0.0626651665243,611.817497584
4499,0.0448013424396,0.0637034298643,609.611360164
4500,0.0445614909444,0.0647003359807,608.62585982
4501,0.0446161701586,0.0612851551322,616.958335846
4502,0.0444405217463,0.0607277511764,619.674342222
4503,0.0443789447792,0.0616372662523,617.214556616
4504,0.0444980092246,0.0622580009122,614.793589889
4505,0.0444396968143,0.0628732153637,613.33749988
4506,0.0443606390661,0.0633587638002,612.635994516
4507,0.0444109692385,0.0641400556959,610.643114739
4508,0.0441067231878,0.064632820328,610.877256085
4509,0.0443003624262,0.0655462559531,608.010145264
4510,0.0442160293448,0.0610629973499,619.827989037
4511,0.0439914111572,0.0613931324661,620.034560407
4512,0.0441374490542,0.06195603519,617.614537346
4513,0.044230065423,0.0625094369248,615.592466775
4514,0.0440466751907,0.0627988707084,615.777977096
4515,0.0439004715072,0.0631895686264,615.449844261
4516,0.0440668579318,0.0638562186499,612.916539694
4517,0.0437510474153,0.0643609899238,613.150961254
4518,0.0438125417714,0.0652359951039,610.732320078
4519,0.0437230317052,0.0662328837106,608.435241704
4520,0.0437651785361,0.0617172159914,620.282109392
4521,0.043895353834,0.0622591732466,618.038100803
4522,0.043680891241,0.0625961950909,618.215042198
4523,0.0434887895882,0.0629720909328,618.118737165
4524,0.0436744653641,0.0636164646731,615.429866488
4525,0.0434044858584,0.0640585769149,615.515184079
4526,0.0434279755413,0.0648820282845,613.205844332
4527,0.0433689376457,0.0658053983263,610.974374506
4528,0.043989599763,0.0668889643432,605.769342164
4529,0.0432356289361,0.0666004994146,609.0982117
4530,0.0435389379489,0.0620377262475,620.541245539
4531,0.0433198565003,0.0623711902436,620.693828472
4532,0.0431079547674,0.0627162291066,620.777661407
4533,0.0432809278908,0.063356022637,618.065460796
4534,0.0430454567732,0.0637360921759,618.106377917
4535,0.0431153750439,0.0644950009311,615.605944808
4536,0.0430310675474,0.0653853489923,613.361559472
4537,0.0428963801518,0.0664269298317,610.788674954
4538,0.0431527756834,0.0671288470038,607.621288648
4539,0.0439287300127,0.0677873046069,603.583392109
4540,0.0428932594335,0.0630581609186,620.843265029
4541,0.0426710876418,0.0633964963336,620.916884964
4542,0.0427943678469,0.0640998122096,618.214880424
4543,0.0428009035834,0.0648661127275,615.878764639
4544,0.0425433781978,0.0656948579739,614.275834213
4545,0.0423984411762,0.0662896946743,612.937335743
4546,0.0425162535985,0.0670789943596,609.870776051
4547,0.0429839442714,0.0678134720613,605.861731731
4548,0.0433860842763,0.0687794883813,601.333436017
4549,0.0424422296756,0.0637271726953,620.996171315
4550,0.0425299266132,0.0644221405176,618.434701932
4551,0.0424522440129,0.0651485043378,616.451873229
4552,0.0420355177743,0.0657557619028,616.107017082
4553,0.0418729793824,0.0661980628461,615.197812999
4554,0.0420261408567,0.0668670051681,612.23825381
4555,0.0421513713066,0.0676885120344,608.786227316
4556,0.0425761317127,0.068535505536,604.212789587
4557,0.0426621108389,0.0696906065581,598.849338306
4558,0.0422081120928,0.0640461054983,621.082237405
4559,0.0422516910254,0.0647020236823,618.75013078
4560,0.0420783411449,0.0653193507248,617.391597841
4561,0.0415496881886,0.0657086906588,618.201012985
4562,0.0413844106221,0.0660602259336,617.568547239
4563,0.0416042187862,0.0666246685381,614.613136079
4564,0.0415910202254,0.0673621074123,611.82238225
4565,0.0417917609819,0.0682800356481,607.498204835
4566,0.0419549847607,0.0692416615114,602.707704086
4567,0.0419859930039,0.0706151253232,595.791951306
4568,0.0435742495967,0.0701057597552,595.279628254
4569,0.0419707937133,0.0643482293526,621.181478313
4570,0.0419693460372,0.064930444581,619.223379518
4571,0.0418288896992,0.0653435999014,618.407929361
4572,0.0411147642445,0.0655675089795,620.523179693
4573,0.0416294642044,0.0653997130231,618.968968534
4574,0.0409202415069,0.065885804458,620.07750372
4575,0.041160719267,0.0664001541549,617.140480237
4576,0.0412586395729,0.0669719682953,614.54633041
4577,0.0411300365496,0.0675698208626,612.440249789
4578,0.0410887995223,0.0680422487674,610.734868492
4579,0.041417588495,0.0688139352033,606.257602027
4580,0.0412174055904,0.0696951557901,602.653184879
4581,0.0428211475898,0.0710671508472,590.944160719
4582,0.0414499913108,0.0715286462134,591.798466258
4583,0.0411801461171,0.0703808530559,599.326864195
4584,0.0444696807681,0.0706172654334,592.183697356
4585,0.0417314666791,0.0646337285724,621.281645848
4586,0.0417351604921,0.0651459886723,619.531150388
4587,0.0413100197455,0.0652627646014,620.859465128
4588,0.0407000495039,0.0662028642646,619.701045857
4589,0.0408819468395,0.0667023016234,617.018306488
4590,0.0409287372623,0.0672036788158,614.847464679
4591,0.040719438736,0.067472391968,614.48745605
4592,0.0405733347373,0.0678541915799,613.32136628
4593,0.0408681591418,0.0684967628507,609.50698823
4594,0.0409394800985,0.0692150914055,605.936723282
4595,0.0405051854391,0.0698515168042,604.326621717
4596,0.0422983297532,0.0720326784865,585.710330652
4597,0.0437278066758,0.0715109871907,587.018369446
4598,0.0409531416328,0.0723166165373,588.663770641
4599,0.0407931765188,0.0711537663424,596.368608556
4600,0.0404318348556,0.0703393914211,602.087879915
4601,0.0415131723751,0.0649443622066,621.115182733
4602,0.0404599122603,0.0665128378516,619.374729079
4603,0.0405983599874,0.0669839715772,616.949505673
4604,0.0403574949354,0.0673103471488,616.41126548
4605,0.0401560540212,0.0676745381287,615.584321926
4606,0.0403896811211,0.0682453749233,612.250010362
4607,0.0405458628723,0.0688620295637,608.919532801
4608,0.0404233914798,0.0694646247503,606.422735089
4609,0.039914363197,0.0698275305163,606.580020489
4610,0.041797914411,0.0728796334193,580.795882166
4611,0.0433810917726,0.0723606276223,580.476431622
4612,0.0444219993894,0.0721739548304,582.459839657
4613,0.0402808520488,0.0718228126216,594.554560536
4614,0.0403617462441,0.072966243841,587.113695835
4615,0.0401399767566,0.0708866926337,600.233705418
4616,0.0398143176941,0.0702315886315,604.902445115
4617,0.0402122951967,0.0668255614841,619.004956746
4618,0.0399785603558,0.0671499105719,618.49358398
4619,0.0397582626163,0.0674801258939,617.875321026
4620,0.0399545412019,0.0680243757068,614.773384761
4621,0.0401294176685,0.0685925947886,611.602859569
4622,0.0401707146826,0.0691644825301,608.865073158
4623,0.0399660246685,0.0694725435078,608.11832366
4624,0.0394349977534,0.0696368347757,609.255199829
4625,0.0424987015059,0.0735018897703,572.482496902
4626,0.0410383006094,0.0736292844073,579.181698041
4627,0.04352742175,0.0731588780787,573.021176988
4628,0.0446444285961,0.0730866806641,575.070408076
4629,0.0396810738279,0.0714050578187,599.401004155
4630,0.0397431418275,0.0723655895838,594.042547192
4631,0.0397520073736,0.0732952054888,588.88016265
4632,0.0395513341896,0.0706440873194,603.86464371
4633,0.0392851802132,0.0700121749407,608.013763795
4634,0.0395360455298,0.0678062295314,617.256640692
4635,0.039717752535,0.0683547199957,614.146772628
4636,0.0398203166286,0.068917081105,611.20232776
4637,0.0395799870264,0.0692637901494,610.499579414
4638,0.0390144175405,0.0693767957566,612.019695787
4639,0.0416729127222,0.0741667373284,570.842528288
4640,0.0403371137003,0.0744213767481,578.604415598
4641,0.0391574995396,0.0710604523181,603.36606706
4642,0.0391507184759,0.0719378133017,599.078837018
4643,0.0392130759223,0.0729037738342,593.831229944
4644,0.0395164068355,0.0739042726324,586.766328432
4645,0.0390556978765,0.0703799166379,607.104744694
4646,0.0388194173578,0.0697313568623,611.107747295
4647,0.0393058367667,0.0681261495502,616.665731924
4648,0.0394555157968,0.0686755065786,613.64112917
4649,0.0392149412219,0.0690159421504,612.942603231
4650,0.0386088913535,0.0690997202994,614.797274798
4651,0.0410413136863,0.074971778127,569.603715031
4652,0.0397781678983,0.0752518857887,578.661992163
4653,0.0387456419586,0.0707468771375,606.556931792
4654,0.0386838962803,0.0715205206174,603.072226028
4655,0.0386553684491,0.0725505735137,598.370399517
4656,0.0387683398085,0.0735392267594,593.069129289
4657,0.0390324499096,0.0746894185676,586.148489799
4658,0.0385987051535,0.0700719909293,610.356554992
4659,0.0383869073577,0.0694271477161,614.139965155
4660,0.0390681647686,0.0684456307557,616.084753782
4661,0.0388339613531,0.0687706125185,615.462778537
4662,0.0406225159206,0.0758445848478,568.572190419
4663,0.0391982403271,0.0760993848327,579.797973432
4664,0.0383422982536,0.070396446569,609.851929197
4665,0.0383707376488,0.0710789932041,606.510955848
4666,0.0381267581103,0.071802040111,604.161465968
4667,0.0382283259935,0.0731938645148,597.478941532
4668,0.0380479881232,0.0723434908835,602.148637826
4669,0.038337048979,0.0742005403545,592.416762029
4670,0.0384788190001,0.0754688961572,586.767323443
4671,0.0381594647119,0.0697481076107,613.551842913
4672,0.0400018962256,0.0767669838743,571.522318413
4673,0.0384403602247,0.0769323345601,583.01518509
4674,0.0379222085916,0.0700593574836,613.073644258
4675,0.0380534551573,0.0706804966691,609.745322989
4676,0.0379889704828,0.0713121270144,607.125898356
4677,0.0376033733628,0.0717968961595,606.663475975
4678,0.0377384960434,0.0728938789548,601.249303471
4679,0.0377741828467,0.0737581913093,597.48034209
4680,0.0374634850967,0.0722339287884,605.428422054
4681,0.0378124633055,0.074826628784,593.082285528
4682,0.0378395347353,0.0762038916663,588.417078947
4683,0.040611960672,0.0775198583315,565.453944546
4684,0.0390898369132,0.0776872191203,577.782820916
4685,0.0375436352425,0.0776986908844,586.818904767
4686,0.0376739956619,0.0703589795737,612.726301514
4687,0.0377513798132,0.0709246034989,609.907617782
4688,0.0376415378441,0.071419394017,608.092374681
4689,0.0371493872628,0.0717051476081,609.062959677
4690,0.0372447886332,0.0726601228513,604.61901231
4691,0.0373386060289,0.0733735652805,601.245622869
4692,0.0372799167413,0.0742295852238,598.167193937
4693,0.0369707897657,0.0720737879453,608.332561981
4694,0.0372827199952,0.0754810843742,593.783040925
4695,0.0370522384565,0.076832632578,591.215570164
4696,0.041087534968,0.078333780735,562.737992866
4697,0.0397549759921,0.0784384853075,573.371891609
4698,0.0382174262441,0.0785447318733,582.044803563
4699,0.036676865843,0.0784977405807,589.29156257
4700,0.0374176556553,0.0706470996132,612.504760709
4701,0.0374659025789,0.0711506444428,610.169325789
4702,0.037283995013,0.0713905757381,609.926300933
4703,0.0367268009059,0.0715571856368,611.560573644
4704,0.0367562644808,0.0724303588177,607.866281855
4705,0.0368969252913,0.0730353730765,604.793557394
4706,0.0368840032018,0.0737473540292,602.130532405
4707,0.0367250911366,0.0744768404007,600.229816156
4708,0.0365158168008,0.0718764686107,611.176282542
4709,0.0367379798851,0.0750105079358,598.149523323
4710,0.0367246071579,0.076021823343,595.080400993
4711,0.0361735676644,0.0769557261379,595.117470426
4712,0.041749981622,0.0791057698523,562.259447511
4713,0.0404696116832,0.0791783454011,570.468489274
4714,0.0389668837274,0.0794074957013,578.216732073
4715,0.0373563094181,0.079395374856,584.866526459
4716,0.0359364898548,0.0777596464774,594.139988471
4717,0.0358039314313,0.0792460419399,591.175643005
4718,0.0371616397562,0.070937828789,612.297165452
4719,0.0369306823373,0.071243014878,611.986602637
4720,0.0362844425213,0.0721940179291,610.953073035
4721,0.0364622288561,0.0727481492969,607.971233501
4722,0.036507913427,0.073356231282,605.395992685
4723,0.0363759398635,0.0740154444294,603.669935586
4724,0.0362848646736,0.0746889441111,601.830690647
4725,0.036369645878,0.0754575214875,598.753555207
4726,0.0361153362047,0.0762303964867,597.549866368
4727,0.0354442074961,0.0766374614413,599.664897236
4728,0.0425879533844,0.0797228480404,564.909154739
4729,0.0412796892808,0.0799248761242,570.136983656
4730,0.0397831497651,0.0802118611871,575.991918906
4731,0.0381503520978,0.0803235114709,581.13527788
4732,0.0364376809487,0.0802143481493,586.794887997
4733,0.0352210611466,0.0772174204158,599.03309658
4734,0.0353169966693,0.078336053658,595.427106338
4735,0.0347844696805,0.0795320312497,594.12433264
4736,0.0360350510013,0.0725031596646,610.8868357
4737,0.036148293398,0.0730475450283,608.323673008
4738,0.0361112008325,0.0736295967316,606.259701584
4739,0.0359214972314,0.0743145185245,604.849498557
4740,0.0359599913354,0.0750509792405,602.15573706
4741,0.0359225490501,0.0757606278417,600.082300047
4742,0.0356082541434,0.07610784676,600.577832212
4743,0.0349303661347,0.0763062699242,603.108620124
4744,0.0436376066417,0.0800934443678,570.229691372
4745,0.0422205967341,0.0805877912481,572.836407477
4746,0.0406904356216,0.0809614312983,575.90732031
4747,0.0390449416435,0.0811981702234,578.843591358
4748,0.0373051116562,0.0811673867641,582.451483054
4749,0.0355457654081,0.0810749114015,587.435130631
4750,0.0347052261351,0.0768127121502,602.577045109
4751,0.0348379897918,0.0776836114214,599.386805885
4752,0.0346064825733,0.0786471064589,597.461342093
4753,0.0338809107655,0.0794194383544,598.060994019
4754,0.0345854246378,0.0804725325093,592.205281685
4755,0.0357725543115,0.0728055424687,610.95335848
4756,0.0358655554507,0.0733308810908,608.644817348
4757,0.0356891106481,0.07365237938,608.269082519
4758,0.0355066174411,0.0740182727736,607.797932924
4759,0.035583202541,0.0746888940945,605.194566625
4760,0.0355532822614,0.0754031064355,603.030946945
4761,0.0351865977485,0.0758120602678,603.485579801
4762,0.0344956097451,0.0760580691463,605.856860533
4763,0.044748098911,0.080038519492,575.980779586
4764,0.0433405674528,0.0810959861085,578.421897946
4765,0.0417056847187,0.0816394122862,578.49331507
4766,0.0400336013176,0.0819806292219,578.679440349
4767,0.0382653428202,0.0821607905424,579.470973278
4768,0.0364322524132,0.0819410481543,582.701514633
4769,0.0347065489849,0.0819599081843,587.068526515
4770,0.0342560326378,0.0764880327139,605.595152704
4771,0.034410566578,0.0772428439977,602.574549207
4772,0.0343246857144,0.0779973803909,600.674008478
4773,0.0339288544815,0.078763578132,599.89923942
4774,0.0332127791624,0.0791928209128,601.4120609
4775,0.0336511213027,0.0801014900803,596.758234581
4776,0.0339760876369,0.0813213601637,591.565352752
4777,0.0355163910272,0.0731124481923,611.01151761
4778,0.0352846630299,0.0734330979019,610.945453848
4779,0.0350596620149,0.0737526825509,610.882649214
4780,0.0352166577808,0.0743574231999,608.043973405
4781,0.0352259860438,0.0750260941541,605.721289958
4782,0.0347290878739,0.0756159085303,606.163894337
4783,0.0340516914892,0.0758352677517,608.593092815
4784,0.0451966134192,0.0807394034678,585.426854016
4785,0.0458044324617,0.079667114764,582.54880346
4786,0.0444594558549,0.0816714797647,587.701475088
4787,0.0427850895459,0.0822444136131,583.839791511
4788,0.0411100392276,0.0826793111166,581.155478431
4789,0.0393738238557,0.0830342489278,578.918276102
4790,0.0373069245149,0.0829010676416,578.729743064
4791,0.0354882179547,0.0826941510785,582.370029956
4792,0.0338127298662,0.0827740183883,586.789944053
4793,0.0338122591404,0.0761906062248,608.539203616
4794,0.0339797865664,0.0768632382618,605.654611079
4795,0.0339951357196,0.0775559335061,603.409961341
4796,0.0337682372416,0.0782311521561,602.273205173
4797,0.0334318334536,0.0788011367454,601.862560077
4798,0.0327182509695,0.0788919966935,604.459145397
4799,0.0329128942655,0.0797016374336,600.886153291
4800,0.0332602193767,0.0807610993634,595.959275962
4801,0.0332026556918,0.0820181001306,591.641038624
4802,0.0348163540625,0.074062077923,610.945916364
4803,0.0349195292784,0.0746536786867,608.477516822
4804,0.034809678763,0.0752109485767,607.011414429
4805,0.0342520594023,0.0754744254169,608.868019467
4806,0.033604151131,0.0755810152013,611.47290056
4807,0.0460571764408,0.0811656113898,595.498443104
4808,0.0461795784123,0.080292117337,590.545528504
4809,0.0466760557728,0.0790506132424,587.409141016
4810,0.0455228317371,0.0822143508878,597.850160017
4811,0.0438783387506,0.0828370556391,591.589973547
4812,0.0422260571966,0.0833354539603,586.361534441
4813,0.040538940142,0.0837320944719,581.52788041
4814,0.0389291360131,0.084244709217,576.943911656
4815,0.036228303482,0.0834800859757,578.025560954
4816,0.0378311120045,0.0840522314502,575.78295366
4817,0.0345547632128,0.0834774594749,581.612813383
4818,0.0329223385556,0.0836216632956,586.379216996
4819,0.033362448747,0.0758955720346,611.518856456
4820,0.033549681838,0.0765223780636,608.63811569
4821,0.0336423815599,0.0771770207652,606.118068402
4822,0.0335165669532,0.0778253861514,604.587188264
4823,0.0331919145476,0.0784997660745,603.820416486
4824,0.032285372543,0.0786638257432,606.848607619
4825,0.0323875731707,0.0793545595097,604.180375467
4826,0.032607361837,0.0802507870964,600.252680333
4827,0.0326953572724,0.0812935078597,596.196609444
4828,0.0323599357555,0.0823622679064,593.356056621
4829,0.0345560446458,0.0743597972646,611.15660133
4830,0.0346195156783,0.0748943665582,609.102768953
4831,0.0344043191992,0.0751491151881,609.296575449
4832,0.0338274595724,0.0752617565268,611.517695408
4833,0.0470932815001,0.0813927161711,604.973261543
4834,0.047322083207,0.0803522157124,601.634057869
4835,0.0472569999893,0.078179422126,589.594877713
4836,0.0475654074455,0.0794376773266,598.777167084
4837,0.0466003432835,0.0824986721674,607.059732008
4838,0.0433736065914,0.0839619272213,593.770743615
4839,0.0416668776123,0.084398761749,586.728118921
4840,0.0400193513097,0.0848345655051,579.838138998
4841,0.0385407060723,0.0855455392766,571.898786188
4842,0.0353044831523,0.08421530361,576.310437993
4843,0.0368043687684,0.0843049139085,574.171693518
4844,0.0376200118405,0.0852888833853,570.028501065
4845,0.0337011703841,0.0842738888348,580.615380368
4846,0.0319959154556,0.0844126789003,586.529068404
4847,0.0322134495395,0.083180614436,590.664367222
4848,0.0331108139204,0.0762042920549,611.619854637
4849,0.0332612260463,0.0768240644795,608.916680249
4850,0.0332585689483,0.0774453941067,606.890529002
4851,0.0330049075316,0.0780960558333,605.8277225
4852,0.0317913485443,0.0784933215188,609.457052246
4853,0.0319749192617,0.0790972085913,606.645997275
4854,0.0324799231475,0.0782266196822,607.508568146
4855,0.032103788993,0.0798373980916,603.559995899
4856,0.0321791118044,0.0807159301564,600.202035449
4857,0.0320238337568,0.0816353535037,597.455530051
4858,0.0316202603117,0.08243513569,596.031325542
4859,0.0342929075271,0.0746490698343,611.411522557
4860,0.0340480486555,0.0749472854146,611.55239248
4861,0.048035274969,0.0817139954813,614.436784248
4862,0.0483340717738,0.0806990969064,612.332198105
4863,0.0476237194571,0.0772250968618,590.47706519
4864,0.0480371230512,0.078508563576,599.583256795
4865,0.0485761643706,0.0797687257132,610.338741071
4866,0.0475696610409,0.0827324635548,615.487462927
4867,0.0428229268527,0.0850279397644,594.200595025
4868,0.0410849412779,0.0854583252248,585.172861721
4869,0.0395119410655,0.0859998354015,575.659862106
4870,0.0380996252716,0.0865360222856,564.310498442
4871,0.0345400308642,0.0850279808264,573.845043953
4872,0.0360367420337,0.0848590250179,571.704317148
4873,0.0367942610301,0.0851731044676,569.602182575
4874,0.0371582722383,0.0862389078491,562.155440319
4875,0.0329170372464,0.0850658533244,579.804022304
4876,0.0309803712439,0.0850534156136,588.119566877
4877,0.0314932879346,0.0837717703628,591.115757034
4878,0.0315979910514,0.0829620124258,593.919956147
4879,0.0328514464128,0.0765029605698,611.771094132
4880,0.03294948202,0.077090271467,609.387162157
4881,0.0328694033021,0.0776731263413,607.775799363
4882,0.0313417401521,0.0782718419807,612.068156409
4883,0.0315479299019,0.0788495913572,609.192119516
4884,0.0319851877421,0.078145844817,609.87549295
4885,0.0316815236973,0.0795072809163,606.385762719
4886,0.032493948447,0.0778344429119,608.770312823
4887,0.0317340615809,0.0802465698457,603.545001035
4888,0.0316059511745,0.0810333682203,601.206854295
4889,0.0313398064063,0.0818785372217,599.184571249
4890,0.0311443777416,0.0826654068955,597.091554435
4891,0.0491815782113,0.0810888647149,621.252743073
4892,0.0477706987836,0.0762790263049,590.12907401
4893,0.0484432813132,0.0775526742825,600.66374461
4894,0.0489262233998,0.0788653690815,610.078083983
4895,0.0494506412123,0.0801702825804,620.000387806
4896,0.0421619759007,0.0860698988137,592.52327144
4897,0.0440583018829,0.0856279485803,603.565308694
4898,0.0404567867427,0.0865468640969,581.439974014
4899,0.0389815899021,0.0870317550448,568.745580791
4900,0.0354238797139,0.0857525016424,566.373619284
4901,0.0338853365224,0.0857745655444,571.866675688
4902,0.0362865744384,0.086103249708,562.280339037
4903,0.0324099605933,0.085894443402,578.028182889
4904,0.0302548352486,0.0843574216399,593.908446675
4905,0.0314690276301,0.085833896548,583.076483394
4906,0.0299940731542,0.085672401205,590.432087691
4907,0.0306743621825,0.0837452055989,594.635173354
4908,0.0313402012075,0.0833290274157,593.618760157
4909,0.0325855980976,0.0767899550195,611.968285834
4910,0.0326363145277,0.0773262849483,609.951088622
4911,0.0315694750768,0.0779596359289,612.232277535
4912,0.0311035974085,0.0785856939087,611.913299297
4913,0.0312695955808,0.0791977754618,609.089569165
4914,0.0321364691809,0.0778200164451,610.400414641
4915,0.0313610808456,0.0798668375446,606.369818518
4916,0.0323425096237,0.0775515050564,610.458724878
4917,0.0312649939052,0.0805443904788,604.334889602
4918,0.0310387995771,0.0812954573922,602.407119241
4919,0.03076474344,0.0822271991345,600.168066708
4920,0.0308811845925,0.0831424408436,596.234602635
4921,0.0487758152258,0.076613147783,602.238105876
4922,0.0493099193461,0.0779641991906,610.766373745
4923,0.0414125866937,0.087123466495,588.823506764
4924,0.0397050529859,0.0876763100412,574.266499831
4925,0.0347205307004,0.0865308744653,562.75589329
4926,0.0332885037765,0.0865380113697,570.149073324
4927,0.0319538573227,0.0865996025067,577.01676639
4928,0.0296649787177,0.0837631909778,598.745048233
4929,0.0295235576159,0.0848493739935,595.207265218
4930,0.0306041402442,0.0864372044381,584.701916591
4931,0.0291467666726,0.0863578795421,591.771196974
4932,0.0300442713186,0.0832722084835,599.049283855
4933,0.032316795625,0.0770664319957,612.191401724
4934,0.0318027882584,0.0776503850725,612.339203177
4935,0.0308438152977,0.0788947057063,611.853256653
4936,0.0309752152207,0.0795226195673,609.103552819
4937,0.0309839361774,0.0801676841183,606.75790662
4938,0.0320507937293,0.0773487473197,612.341559816
4939,0.0308050031539,0.0808003247685,605.194099747
4940,0.0305416265798,0.0814230020066,603.961127187
4941,0.0302662148445,0.0818403092551,603.440722509
4942,0.0303754698302,0.0827386580993,599.732635447
4943,0.0496550262029,0.0770649558545,611.706365432
4944,0.0340028283625,0.0871803736293,561.982136007
4945,0.0326742811955,0.0873442862973,569.632218898
4946,0.0312719780515,0.0872711800749,578.238581261
4947,0.0292433543524,0.0832612255638,602.325041055
4948,0.0291877403134,0.084114718504,599.429791403
4949,0.0287536520874,0.0849175517788,598.131647671
4950,0.0298246453922,0.0871895393502,585.894817733
4951,0.0284112886588,0.0870871583799,592.62606621
4952,0.0284155550043,0.0856649098887,597.243362878
4953,0.0295706387861,0.0828075343718,602.683412466
4954,0.0305756934124,0.0791976714527,611.836122645
4955,0.0306587242696,0.0798199913182,609.276755565
4956,0.0305768495188,0.0804384011885,607.372159207
4957,0.0303360424811,0.0810576302985,606.041966952
4958,0.0297024718231,0.0816130096032,606.48318052
4959,0.0298889473499,0.0823172005931,603.194949723
4960,0.0333897406283,0.087987636673,561.464965689
4961,0.0320511981603,0.0881115736088,570.705876793
4962,0.0305399241811,0.0880714000166,579.577794782
4963,0.0288378498175,0.0828441590479,605.457479056
4964,0.02882840094,0.0835753160873,602.88607918
4965,0.0286502234102,0.0843129118365,600.989457278
4966,0.0282189325268,0.0846020311444,601.848223072
4967,0.0290501212166,0.0879401634742,587.227950868
4968,0.0277882849,0.0863932948332,597.513546353
4969,0.0276676635512,0.0877100335215,593.787500902
4970,0.0278117834691,0.0850885696781,601.63375542
4971,0.0291394951667,0.0824517648255,605.65404879
4972,0.0303016621728,0.0794922421104,611.859545146
4973,0.0303217898512,0.0800927586932,609.608071155
4974,0.0301825340637,0.0806794669484,608.03811192
4975,0.029844742083,0.0812020720489,607.377059364
4976,0.0292026187771,0.0814449943111,609.081476823
4977,0.0294220393487,0.0820226768676,606.119201122
4978,0.0329521222504,0.0888369900932,561.370987962
4979,0.0313501160566,0.0889153784158,572.675368948
4980,0.0297521404124,0.0888601182014,581.43890509
4981,0.0284227949804,0.0824740371574,608.434993059
4982,0.0284600122167,0.0831353128022,605.935318636
4983,0.0283612578909,0.0838378182945,603.836364587
4984,0.0278859760306,0.0841471991183,604.715579403
4985,0.028225434994,0.0886852615087,588.769106985
4986,0.0270709810716,0.0860198159664,601.62123744
4987,0.027166733824,0.0869523700914,598.333304273
4988,0.0270312686448,0.0880126773888,595.600206079
4989,0.0271830964973,0.085384868989,603.157036054
4990,0.0274431033479,0.0844946577085,605.291796042
4991,0.0287093382441,0.0821469087545,608.468555745
4992,0.0300217218644,0.0797781981479,611.92494917
4993,0.0299830597904,0.0803466372031,610.022735543
4994,0.0298251187841,0.0808380276145,608.792143444
4995,0.0293733100146,0.0811149937483,609.612777212
4996,0.0287657548961,0.0812190599152,611.604789428
4997,0.0289736479847,0.081795334771,608.689996766
4998,0.0322189895792,0.0897531705244,565.135668941
4999,0.0304938311677,0.0897681063911,575.764676176
5000,0.0288867045876,0.0896278418136,583.542450782
5001,0.0279971620963,0.0821306769419,611.330251744
5002,0.0280983624892,0.0827590027987,608.697654964
5003,0.0280572198252,0.0834007945265,606.586089808
5004,0.0276619812912,0.0836337578324,607.282588067
5005,0.0266397271905,0.0865834892658,601.605393786
5006,0.0265939914529,0.0874994131282,598.872269055
5007,0.0266809127858,0.0886588137023,594.867119248
5008,0.0270102728575,0.0847715055854,606.013266532
5009,0.0270715396211,0.0839762508983,608.461639466
5010,0.0282669264062,0.0818330173014,611.332484437
5011,0.0297378682504,0.0800566603182,612.026801396
5012,0.0296881216386,0.080566903477,610.425639043
5013,0.0295011420782,0.0808104161742,610.245281188
5014,0.0289896402747,0.0809158763079,611.846011334
5015,0.028526471811,0.0815283432544,611.414787191
5016,0.0277174604767,0.0824170210045,611.415146174
5017,0.0277569025104,0.0830173351576,609.150052994
5018,0.0274401554816,0.0832514567842,609.653237306
5019,0.0272586866275,0.0835836693546,609.112230157
5020,0.026161057662,0.087109125885,601.814451329
5021,0.0260955248365,0.0880877819742,599.070949875
5022,0.0259977425738,0.0892589826253,595.802218624
5023,0.026748546202,0.0842616540667,608.852279084
5024,0.0266591897851,0.0835870790423,611.53862143
5025,0.0294631779679,0.0803339780074,612.100733342
5026,0.0292161348347,0.0806213477462,612.027770804
5027,0.0274294226672,0.082691954536,611.582202995
5028,0.0271402887374,0.0829705162911,611.738183956
5029,0.0268910724476,0.0832804783999,611.658847205
5030,0.0257083704615,0.0876256780472,601.949109955
5031,0.0255903898616,0.088588659823,599.360267186
5032,0.0263904656831,0.0838622436049,611.640312738
5033,0.0252441835645,0.0880494685898,602.408338306
