cellnumber,neighbor_cellnumber
1,2
1,3
1,4223
1,4246
2,1
2,3
2,4
2,4252
3,1
3,2
3,5
3,6
4,2
4,5
4,7
4,4277
5,3
5,4
5,8
5,9
6,3
6,9
6,4246
6,4320
7,4
7,8
7,10
7,4301
8,5
8,7
8,11
8,12
9,5
9,6
9,12
9,13
10,7
10,11
10,4327
11,8
11,10
11,14
12,8
12,9
12,14
12,15
13,9
13,15
13,16
13,4320
14,11
14,12
14,17
15,12
15,13
15,17
15,18
16,13
16,18
16,19
16,4345
17,14
17,15
17,20
18,15
18,16
18,19
18,20
19,16
19,18
19,21
19,22
20,17
20,18
20,21
21,19
21,20
21,23
22,19
22,23
22,24
22,4345
23,21
23,22
23,25
24,22
24,25
24,26
24,4319
25,23
25,24
25,27
26,24
26,27
26,28
26,4344
27,25
27,26
27,29
28,26
28,29
28,30
28,4321
29,27
29,28
29,31
30,28
30,31
30,32
30,4326
31,29
31,30
31,33
32,30
32,33
32,34
32,4349
33,31
33,32
33,35
34,32
34,35
34,36
34,4364
35,33
35,34
35,37
36,34
36,37
36,38
36,4378
37,35
37,36
37,39
38,36
38,39
38,40
38,41
39,37
39,38
39,42
40,38
40,42
40,43
40,44
41,38
41,44
41,45
41,4378
42,39
42,40
42,46
43,40
43,46
43,47
43,48
44,40
44,41
44,45
44,48
45,41
45,44
45,49
45,4363
46,42
46,43
46,50
47,43
47,50
47,51
47,52
48,43
48,44
48,49
48,51
49,45
49,48
49,53
49,54
50,46
50,47
50,55
51,47
51,48
51,53
51,56
52,47
52,55
52,56
52,57
53,49
53,51
53,58
53,59
54,49
54,59
54,4346
54,4347
55,50
55,52
55,60
56,51
56,52
56,58
56,61
57,52
57,60
57,61
57,62
58,53
58,56
58,63
58,64
59,53
59,54
59,64
59,65
60,55
60,57
60,66
61,56
61,57
61,62
61,67
62,57
62,61
62,66
62,68
63,58
63,67
63,69
63,70
64,58
64,59
64,70
64,71
65,59
65,71
65,72
65,4346
66,60
66,62
66,73
67,61
67,63
67,68
67,74
68,62
68,67
68,73
68,75
69,63
69,74
69,76
69,77
70,63
70,64
70,78
71,64
71,65
71,78
71,79
72,65
72,79
72,4322
73,66
73,68
73,80
74,67
74,69
74,75
74,81
75,68
75,74
75,80
75,82
76,69
76,81
76,83
76,84
77,69
77,78
77,84
78,70
78,71
78,77
78,85
79,71
79,72
79,86
80,73
80,75
80,87
81,74
81,76
81,82
81,88
82,75
82,81
82,87
82,89
83,76
83,88
83,90
83,91
84,76
84,77
84,85
84,91
85,78
85,84
85,86
85,92
86,79
86,85
86,93
87,80
87,82
87,94
88,81
88,83
88,89
88,95
89,82
89,88
89,94
89,96
90,83
90,91
90,95
90,97
91,83
91,84
91,90
91,98
92,85
92,93
92,98
92,99
93,86
93,92
93,100
94,87
94,89
94,101
95,88
95,90
95,96
95,102
96,89
96,95
96,101
96,103
97,90
97,98
97,102
97,104
98,91
98,92
98,97
98,105
99,92
99,100
99,105
99,106
100,93
100,99
100,107
100,108
101,94
101,96
101,109
102,95
102,97
102,103
102,110
103,96
103,102
103,109
103,111
104,97
104,105
104,112
104,113
105,98
105,99
105,104
105,114
106,99
106,108
106,114
106,115
107,100
107,116
107,117
108,100
108,106
108,117
108,118
109,101
109,103
109,119
110,102
110,111
110,112
110,120
111,103
111,110
111,119
111,120
112,104
112,110
112,121
112,122
113,104
113,114
113,122
113,123
114,105
114,106
114,113
114,124
115,106
115,118
115,125
115,126
116,107
116,127
116,128
117,107
117,108
117,128
117,129
118,108
118,115
118,129
118,130
119,109
119,111
119,131
120,110
120,111
120,121
120,131
121,112
121,120
121,132
121,133
122,112
122,113
122,133
122,134
123,113
123,124
123,134
123,135
124,114
124,123
124,125
124,136
125,115
125,124
125,137
125,138
126,115
126,130
126,138
126,139
127,116
127,140
127,141
128,116
128,117
128,141
128,142
129,117
129,118
129,130
129,142
130,118
130,126
130,129
130,143
131,119
131,120
131,132
132,121
132,131
132,144
133,121
133,122
133,144
133,145
134,122
134,123
134,145
134,146
135,123
135,136
135,146
135,147
136,124
136,135
136,137
136,148
137,125
137,136
137,149
137,150
138,125
138,126
138,150
138,151
139,126
139,143
139,152
139,153
140,127
140,154
140,155
141,127
141,128
141,155
141,156
142,128
142,129
142,143
142,156
143,130
143,139
143,142
143,157
144,132
144,133
144,158
145,133
145,134
145,158
145,159
146,134
146,135
146,147
146,159
147,135
147,146
147,148
147,160
148,136
148,147
148,149
148,161
149,137
149,148
149,162
149,163
150,137
150,138
150,164
150,165
151,138
151,152
151,165
151,166
152,139
152,151
152,166
152,167
153,139
153,157
153,167
153,168
154,140
154,169
154,170
155,140
155,141
155,170
155,171
156,141
156,142
156,171
156,172
157,143
157,153
157,172
157,173
158,144
158,145
158,174
159,145
159,146
159,160
159,174
160,147
160,159
160,161
160,175
161,148
161,160
161,162
161,176
162,149
162,161
162,177
162,178
163,149
163,164
163,178
163,179
164,150
164,163
164,180
164,181
165,150
165,151
165,181
165,182
166,151
166,152
166,182
166,183
167,152
167,153
167,183
167,184
168,153
168,173
168,184
168,185
169,154
169,186
169,187
170,154
170,155
170,187
170,188
171,155
171,156
171,188
171,189
172,156
172,157
172,189
172,190
173,157
173,168
173,191
173,192
174,158
174,159
174,175
175,160
175,174
175,176
176,161
176,175
176,177
177,162
177,176
177,193
178,162
178,163
178,179
178,193
179,163
179,178
179,180
179,194
180,164
180,179
180,195
180,196
181,164
181,165
181,196
181,197
182,165
182,166
182,197
182,198
183,166
183,167
183,198
183,199
184,167
184,168
184,199
184,200
185,168
185,192
185,200
185,201
186,169
186,202
186,203
186,4433
187,169
187,170
187,202
187,204
188,170
188,171
188,204
188,205
189,171
189,172
189,205
189,206
190,172
190,191
190,206
190,207
191,173
191,190
191,208
191,209
192,173
192,185
192,201
192,209
193,177
193,178
193,194
194,179
194,193
194,195
195,180
195,194
195,210
196,180
196,181
196,210
196,211
197,181
197,182
197,211
197,212
198,182
198,183
198,212
198,213
199,183
199,184
199,213
199,214
200,184
200,185
200,214
200,215
201,185
201,192
201,216
201,217
202,186
202,187
202,218
202,219
203,186
203,218
203,4447
203,4468
204,187
204,188
204,219
204,220
205,188
205,189
205,220
205,221
206,189
206,190
206,222
206,223
207,190
207,208
207,222
207,224
208,191
208,207
208,225
208,226
209,191
209,192
209,217
209,226
210,195
210,196
210,227
211,196
211,197
211,227
211,228
212,197
212,198
212,228
212,229
213,198
213,199
213,229
213,230
214,199
214,200
214,230
214,231
215,200
215,216
215,231
215,232
216,201
216,215
216,233
216,234
217,201
217,209
217,234
217,235
218,202
218,203
218,236
218,4479
219,202
219,204
219,236
219,237
220,204
220,205
220,237
220,238
221,205
221,223
221,238
221,239
222,206
222,207
222,240
222,241
223,206
223,221
223,241
224,207
224,225
224,240
224,242
225,208
225,224
225,243
225,244
226,208
226,209
226,235
226,243
227,210
227,211
227,245
228,211
228,212
228,245
228,246
229,212
229,213
229,246
229,247
230,213
230,214
230,247
230,248
231,214
231,215
231,248
231,249
232,215
232,233
232,249
232,250
233,216
233,232
233,251
233,252
234,216
234,217
234,252
234,253
235,217
235,226
235,253
235,254
236,218
236,219
236,255
236,4491
237,219
237,220
237,255
237,256
238,220
238,221
238,256
238,257
239,221
239,241
239,257
239,258
240,222
240,224
240,259
240,260
241,222
241,223
241,239
241,260
242,224
242,244
242,259
243,225
243,226
243,261
243,262
244,225
244,242
244,261
244,4892
245,227
245,228
245,263
246,228
246,229
246,263
246,264
247,229
247,230
247,264
247,265
248,230
248,231
248,249
248,265
249,231
249,232
249,248
249,266
250,232
250,251
250,266
250,267
251,233
251,250
251,268
251,269
252,233
252,234
252,269
252,270
253,234
253,235
253,270
253,271
254,235
254,262
254,271
254,272
255,236
255,237
255,4509
255,4528
256,237
256,238
256,273
256,4539
257,238
257,239
257,273
257,4584
258,239
258,260
258,4584
258,4612
259,240
259,242
259,274
260,240
260,241
260,258
260,274
261,243
261,244
261,275
261,4921
262,243
262,254
262,275
262,276
263,245
263,246
263,277
264,246
264,247
264,277
264,278
265,247
265,248
265,278
265,279
266,249
266,250
266,279
266,280
267,250
267,268
267,280
267,281
268,251
268,267
268,282
268,283
269,251
269,252
269,283
269,284
270,252
270,253
270,284
270,285
271,253
271,254
271,272
271,285
272,254
272,271
272,276
272,286
273,256
273,257
273,4548
273,4568
274,259
274,260
274,4628
275,261
275,262
275,287
275,4943
276,262
276,272
276,287
276,288
277,263
277,264
277,289
278,264
278,265
278,289
278,290
279,265
279,266
279,290
279,291
280,266
280,267
280,291
280,292
281,267
281,282
281,292
281,293
282,268
282,281
282,294
282,295
283,268
283,269
283,295
283,296
284,269
284,270
284,296
284,297
285,270
285,271
285,286
285,297
286,272
286,285
286,288
286,298
287,275
287,276
287,299
287,300
288,276
288,286
288,299
288,301
289,277
289,278
289,302
290,278
290,279
290,302
290,303
291,279
291,280
291,303
291,304
292,280
292,281
292,304
292,305
293,281
293,294
293,305
294,282
294,293
294,306
295,282
295,283
295,306
295,307
296,283
296,284
296,307
296,308
297,284
297,285
297,298
297,308
298,286
298,297
298,309
298,310
299,287
299,288
299,311
299,312
300,287
300,312
300,313
300,4943
301,288
301,310
301,311
301,314
302,289
302,290
302,315
303,290
303,291
303,304
303,315
304,291
304,292
304,303
304,316
305,292
305,293
305,316
306,294
306,295
306,317
307,295
307,296
307,317
307,318
308,296
308,297
308,309
308,318
309,298
309,308
309,319
309,320
310,298
310,301
310,320
310,321
311,299
311,301
311,322
311,323
312,299
312,300
312,323
312,324
313,300
313,325
313,326
313,4922
314,301
314,321
314,322
314,327
315,302
315,303
315,316
316,304
316,305
316,315
317,306
317,307
317,328
318,307
318,308
318,319
318,328
319,309
319,318
319,329
319,330
320,309
320,310
320,330
320,331
321,310
321,314
321,331
321,332
322,311
322,314
322,333
322,334
323,311
323,312
323,334
323,335
324,312
324,326
324,335
324,336
325,313
325,337
325,4894
325,4895
326,313
326,324
326,337
326,338
327,314
327,332
327,333
327,339
328,317
328,318
328,329
329,319
329,328
329,340
330,319
330,320
330,340
330,341
331,320
331,321
331,341
332,321
332,327
332,341
332,342
333,322
333,327
333,343
333,344
334,322
334,323
334,344
334,345
335,323
335,324
335,345
335,346
336,324
336,338
336,346
336,347
337,325
337,326
337,348
337,349
338,326
338,336
338,348
338,350
339,327
339,342
339,343
340,329
340,330
340,351
341,330
341,331
341,332
341,351
342,332
342,339
342,351
343,333
343,339
343,352
344,333
344,334
344,352
344,353
345,334
345,335
345,353
345,354
346,335
346,336
346,354
346,355
347,336
347,350
347,355
347,356
348,337
348,338
348,357
348,358
349,337
349,358
349,359
349,4895
350,338
350,347
350,357
350,360
351,340
351,341
351,342
352,343
352,344
352,361
353,344
353,345
353,361
353,362
354,345
354,346
354,355
354,362
355,346
355,347
355,354
355,363
356,347
356,360
356,363
356,364
357,348
357,350
357,365
357,366
358,348
358,349
358,366
358,367
359,349
359,367
359,368
359,369
360,350
360,356
360,365
360,370
361,352
361,353
361,371
362,353
362,354
362,363
362,371
363,355
363,356
363,362
363,372
364,356
364,370
364,372
365,357
365,360
365,373
365,374
366,357
366,358
366,374
366,375
367,358
367,359
367,375
367,376
368,359
368,376
368,377
368,378
369,359
369,378
369,379
369,4891
370,360
370,364
370,373
371,361
371,362
371,372
372,363
372,364
372,371
373,365
373,370
373,380
374,365
374,366
374,380
374,381
375,366
375,367
375,381
375,382
376,367
376,368
376,382
376,383
377,368
377,383
377,384
377,385
378,368
378,369
378,385
378,386
379,369
379,386
379,387
379,388
380,373
380,374
380,389
381,374
381,375
381,389
381,390
382,375
382,376
382,390
382,391
383,376
383,377
383,391
383,392
384,377
384,392
384,393
384,394
385,377
385,378
385,394
385,395
386,378
386,379
386,395
386,396
387,379
387,396
387,397
387,398
388,379
388,398
388,4861
388,4891
389,380
389,381
389,399
390,381
390,382
390,399
390,400
391,382
391,383
391,400
391,401
392,383
392,384
392,401
392,402
393,384
393,402
393,403
394,384
394,385
394,403
394,404
395,385
395,386
395,404
395,405
396,386
396,387
396,405
396,406
397,387
397,406
397,407
397,408
398,387
398,388
398,408
399,389
399,390
399,409
400,390
400,391
400,401
400,409
401,391
401,392
401,400
401,410
402,392
402,393
402,410
403,393
403,394
403,411
404,394
404,395
404,411
404,412
405,395
405,396
405,412
405,413
406,396
406,397
406,413
406,414
407,397
407,414
407,415
407,416
408,397
408,398
408,416
408,4866
409,399
409,400
409,410
410,401
410,402
410,409
411,403
411,404
411,417
412,404
412,405
412,417
412,418
413,405
413,406
413,418
413,419
414,406
414,407
414,419
414,420
415,407
415,420
415,421
415,422
416,407
416,408
416,422
416,423
417,411
417,412
417,424
418,412
418,413
418,424
418,425
419,413
419,414
419,425
419,426
420,414
420,415
420,427
420,428
421,415
421,428
421,429
421,430
422,415
422,416
422,430
422,431
423,416
423,431
423,432
423,4866
424,417
424,418
424,433
425,418
425,419
425,433
425,434
426,419
426,427
426,434
426,435
427,420
427,426
427,436
427,437
428,420
428,421
428,437
428,438
429,421
429,438
429,439
429,440
430,421
430,422
430,440
430,441
431,422
431,423
431,441
431,442
432,423
432,442
432,443
432,4837
433,424
433,425
433,444
434,425
434,426
434,435
434,444
435,426
435,434
435,436
435,445
436,427
436,435
436,446
436,447
437,427
437,428
437,447
437,448
438,428
438,429
438,448
438,449
439,429
439,449
439,450
439,451
440,429
440,430
440,441
440,451
441,430
441,431
441,440
441,452
442,431
442,432
442,452
442,453
443,432
443,453
443,4810
443,4811
444,433
444,434
444,445
445,435
445,444
445,446
446,436
446,445
446,454
447,436
447,437
447,454
447,455
448,437
448,438
448,455
448,456
449,438
449,439
449,456
449,457
450,439
450,457
450,458
450,459
451,439
451,440
451,452
451,459
452,441
452,442
452,451
452,460
453,442
453,443
453,4838
453,4897
454,446
454,447
454,461
455,447
455,448
455,461
455,462
456,448
456,449
456,462
456,463
457,449
457,450
457,463
457,464
458,450
458,464
458,465
458,466
459,450
459,451
459,467
459,468
460,452
460,468
460,469
460,4897
461,454
461,455
461,470
462,455
462,456
462,470
462,471
463,456
463,457
463,471
463,472
464,457
464,458
464,472
464,473
465,458
465,473
465,474
465,475
466,458
466,467
466,475
466,476
467,459
467,466
467,477
467,478
468,459
468,460
468,478
468,479
469,460
469,479
469,480
469,481
470,461
470,462
470,482
471,462
471,463
471,482
471,483
472,463
472,464
472,483
472,484
473,464
473,465
473,484
473,485
474,465
474,485
474,486
474,487
475,465
475,466
475,487
475,488
476,466
476,477
476,488
476,489
477,467
477,476
477,478
477,490
478,467
478,468
478,477
478,491
479,468
479,469
479,491
479,492
480,469
480,492
480,493
480,494
481,469
481,493
481,4896
481,4897
482,470
482,471
482,495
483,471
483,472
483,495
483,496
484,472
484,473
484,485
484,496
485,473
485,474
485,484
485,497
486,474
486,497
486,498
486,499
487,474
487,475
487,499
487,500
488,475
488,476
488,500
488,501
489,476
489,490
489,501
489,502
490,477
490,489
490,491
490,503
491,478
491,479
491,490
491,504
492,479
492,480
492,504
492,505
493,480
493,481
493,506
493,4923
494,480
494,505
494,506
494,507
495,482
495,483
495,508
496,483
496,484
496,497
496,508
497,485
497,486
497,496
497,509
498,486
498,509
498,510
499,486
499,487
499,510
499,511
500,487
500,488
500,511
500,512
501,488
501,489
501,512
501,513
502,489
502,503
502,513
502,514
503,490
503,502
503,504
503,515
504,491
504,492
504,503
504,516
505,492
505,494
505,517
505,518
506,493
506,494
506,519
506,520
507,494
507,517
507,519
507,521
508,495
508,496
508,509
509,497
509,498
509,508
510,498
510,499
510,522
511,499
511,500
511,522
511,523
512,500
512,501
512,523
512,524
513,501
513,502
513,524
513,525
514,502
514,515
514,525
514,526
515,503
515,514
515,516
515,527
516,504
516,515
516,518
517,505
517,507
517,528
517,529
518,505
518,516
518,529
518,530
519,506
519,507
519,531
519,532
520,506
520,531
520,4923
520,4924
521,507
521,528
521,532
521,533
522,510
522,511
522,534
523,511
523,512
523,534
523,535
524,512
524,513
524,535
524,536
525,513
525,514
525,536
525,537
526,514
526,527
526,537
526,538
527,515
527,526
527,530
527,539
528,517
528,521
528,540
528,541
529,517
529,518
529,541
529,542
530,518
530,527
530,542
530,543
531,519
531,520
531,544
532,519
532,521
532,533
532,544
533,521
533,532
533,545
533,546
534,522
534,523
534,547
535,523
535,524
535,547
535,548
536,524
536,525
536,548
536,549
537,525
537,526
537,549
537,550
538,526
538,539
538,550
538,551
539,527
539,538
539,543
539,552
540,528
540,546
540,553
540,554
541,528
541,529
541,554
541,555
542,529
542,530
542,555
542,556
543,530
543,539
543,552
543,556
544,531
544,532
544,545
545,533
545,544
545,557
546,533
546,540
546,557
546,558
547,534
547,535
547,559
548,535
548,536
548,559
548,560
549,536
549,537
549,560
549,561
550,537
550,538
550,561
550,562
551,538
551,562
551,563
551,564
552,539
552,543
552,564
552,565
553,540
553,558
553,566
553,567
554,540
554,541
554,567
554,568
555,541
555,542
555,568
555,569
556,542
556,543
556,565
556,569
557,545
557,546
557,570
558,546
558,553
558,570
558,571
559,547
559,548
559,572
560,548
560,549
560,572
560,573
561,549
561,550
561,573
561,574
562,550
562,551
562,574
562,575
563,551
563,575
563,576
563,577
564,551
564,552
564,577
564,578
565,552
565,556
565,578
565,579
566,553
566,571
566,580
566,581
567,553
567,554
567,580
567,582
568,554
568,555
568,582
568,583
569,555
569,556
569,583
569,584
570,557
570,558
570,585
570,586
571,558
571,566
571,586
571,587
572,559
572,560
572,588
573,560
573,561
573,588
573,589
574,561
574,562
574,575
574,589
575,562
575,563
575,574
575,590
576,563
576,590
576,591
576,592
577,563
577,564
577,592
577,593
578,564
578,565
578,593
578,594
579,565
579,584
579,594
579,595
580,566
580,567
580,596
580,597
581,566
581,587
581,597
581,598
582,567
582,568
582,596
582,599
583,568
583,569
583,599
583,600
584,569
584,579
584,600
584,601
585,570
585,602
585,603
586,570
586,571
586,603
586,604
587,571
587,581
587,604
587,605
588,572
588,573
588,606
589,573
589,574
589,590
589,606
590,575
590,576
590,589
590,607
591,576
591,607
591,608
592,576
592,577
592,608
592,609
593,577
593,578
593,609
593,610
594,578
594,579
594,610
594,611
595,579
595,601
595,611
595,612
596,580
596,582
596,613
596,614
597,580
597,581
597,614
597,615
598,581
598,605
598,615
598,616
599,582
599,583
599,613
599,617
600,583
600,584
600,617
600,618
601,584
601,595
601,618
601,619
602,585
602,620
602,621
603,585
603,586
603,621
603,622
604,586
604,587
604,622
604,623
605,587
605,598
605,623
605,624
606,588
606,589
606,607
607,590
607,591
607,606
608,591
608,592
608,625
609,592
609,593
609,625
609,626
610,593
610,594
610,626
610,627
611,594
611,595
611,627
611,628
612,595
612,619
612,628
612,629
613,596
613,599
613,630
613,631
614,596
614,597
614,631
614,632
615,597
615,598
615,632
615,633
616,598
616,633
616,634
616,635
617,599
617,600
617,636
617,637
618,600
618,601
618,636
618,638
619,601
619,612
619,638
619,639
620,602
620,640
620,641
621,602
621,603
621,641
621,642
622,603
622,604
622,642
622,643
623,604
623,605
623,643
623,644
624,605
624,634
624,644
624,645
625,608
625,609
625,646
626,609
626,610
626,646
626,647
627,610
627,611
627,628
627,647
628,611
628,612
628,627
628,648
629,612
629,639
629,648
629,649
630,613
630,637
630,650
630,651
631,613
631,614
631,651
631,652
632,614
632,615
632,652
632,653
633,615
633,616
633,653
633,654
634,616
634,624
634,655
634,656
635,616
635,654
635,655
635,657
636,617
636,618
636,637
636,658
637,617
637,630
637,636
637,659
638,618
638,619
638,658
638,660
639,619
639,629
639,660
639,661
640,620
640,662
640,663
641,620
641,621
641,663
641,664
642,621
642,622
642,664
642,665
643,622
643,623
643,665
643,666
644,623
644,624
644,666
644,667
645,624
645,656
645,667
645,668
646,625
646,626
646,669
647,626
647,627
647,648
647,669
648,628
648,629
648,647
648,670
649,629
649,661
649,670
650,630
650,659
650,671
650,672
651,630
651,631
651,672
651,673
652,631
652,632
652,673
652,674
653,632
653,633
653,674
653,675
654,633
654,635
654,657
654,675
655,634
655,635
655,676
655,677
656,634
656,645
656,677
656,678
657,635
657,654
657,676
657,679
658,636
658,638
658,659
658,680
659,637
659,650
659,658
659,681
660,638
660,639
660,682
660,683
661,639
661,649
661,682
662,640
662,684
662,685
663,640
663,641
663,686
663,687
664,641
664,642
664,665
664,687
665,642
665,643
665,664
665,688
666,643
666,644
666,688
666,689
667,644
667,645
667,689
667,690
668,645
668,678
668,690
668,691
669,646
669,647
669,670
670,648
670,649
670,669
671,650
671,681
671,692
671,693
672,650
672,651
672,693
672,694
673,651
673,652
673,694
673,695
674,652
674,653
674,695
674,696
675,653
675,654
675,679
675,697
676,655
676,657
676,698
676,699
677,655
677,656
677,699
677,700
678,656
678,668
678,700
678,701
679,657
679,675
679,698
679,702
680,658
680,681
680,683
680,703
681,659
681,671
681,680
681,704
682,660
682,661
682,705
683,660
683,680
683,703
683,705
684,662
684,685
684,706
685,662
685,684
685,686
685,706
686,663
686,685
686,707
686,708
687,663
687,664
687,708
687,709
688,665
688,666
688,709
688,710
689,666
689,667
689,710
689,711
690,667
690,668
690,711
690,712
691,668
691,701
691,712
691,713
692,671
692,704
692,714
692,715
693,671
693,672
693,715
693,716
694,672
694,673
694,716
694,717
695,673
695,674
695,717
695,718
696,674
696,697
696,718
696,719
697,675
697,696
697,702
697,720
698,676
698,679
698,721
698,722
699,676
699,677
699,722
699,723
700,677
700,678
700,723
700,724
701,678
701,691
701,724
701,725
702,679
702,697
702,721
702,726
703,680
703,683
703,704
703,727
704,681
704,692
704,703
704,728
705,682
705,683
705,727
706,684
706,685
706,707
706,729
707,686
707,706
707,730
707,731
708,686
708,687
708,731
708,732
709,687
709,688
709,732
709,733
710,688
710,689
710,733
710,734
711,689
711,690
711,734
711,735
712,690
712,691
712,735
712,736
713,691
713,725
713,736
713,737
714,692
714,728
714,738
715,692
715,693
715,738
715,739
716,693
716,694
716,739
716,740
717,694
717,695
717,740
717,741
718,695
718,696
718,741
718,742
719,696
719,720
719,742
719,743
720,697
720,719
720,726
720,744
721,698
721,702
721,745
721,746
722,698
722,699
722,746
722,747
723,699
723,700
723,747
723,748
724,700
724,701
724,748
724,749
725,701
725,713
725,750
725,751
726,702
726,720
726,745
726,752
727,703
727,705
727,728
728,704
728,714
728,727
729,706
729,730
729,4998
730,707
730,729
730,753
730,754
731,707
731,708
731,754
731,755
732,708
732,709
732,755
732,756
733,709
733,710
733,756
733,757
734,710
734,711
734,757
734,758
735,711
735,712
735,758
735,759
736,712
736,713
736,759
736,760
737,713
737,750
737,760
737,761
738,714
738,715
738,762
739,715
739,716
739,762
739,763
740,716
740,717
740,763
740,764
741,717
741,718
741,764
741,765
742,718
742,719
742,765
742,766
743,719
743,744
743,766
743,767
744,720
744,743
744,752
744,768
745,721
745,726
745,769
745,770
746,721
746,722
746,770
746,771
747,722
747,723
747,771
747,772
748,723
748,724
748,773
748,774
749,724
749,751
749,773
749,775
750,725
750,737
750,776
750,777
751,725
751,749
751,777
751,778
752,726
752,744
752,769
752,779
753,730
753,780
753,4998
753,4999
754,730
754,731
754,780
754,781
755,731
755,732
755,781
755,782
756,732
756,733
756,782
756,783
757,733
757,734
757,784
757,785
758,734
758,735
758,784
758,786
759,735
759,736
759,786
759,787
760,736
760,737
760,787
760,788
761,737
761,788
761,789
761,790
762,738
762,739
762,791
763,739
763,740
763,791
763,792
764,740
764,741
764,792
764,793
765,741
765,742
765,793
766,742
766,743
766,794
766,795
767,743
767,768
767,794
767,796
768,744
768,767
768,779
768,797
769,745
769,752
769,798
769,799
770,745
770,746
770,799
770,800
771,746
771,747
771,800
771,801
772,747
772,774
772,801
772,802
773,748
773,749
773,775
773,803
774,748
774,772
774,803
774,804
775,749
775,773
775,778
775,805
776,750
776,790
776,806
776,807
777,750
777,751
777,807
777,808
778,751
778,775
778,808
778,809
779,752
779,768
779,798
779,810
780,753
780,754
780,811
780,812
781,754
781,755
781,812
781,813
782,755
782,756
782,813
782,814
783,756
783,785
783,814
783,815
784,757
784,758
784,816
784,817
785,757
785,783
785,817
785,818
786,758
786,759
786,816
786,819
787,759
787,760
787,819
787,820
788,760
788,761
788,789
788,820
789,761
789,788
789,821
789,822
790,761
790,776
790,822
790,823
791,762
791,763
791,824
792,763
792,764
792,824
792,825
793,764
793,765
793,795
793,825
794,766
794,767
794,826
794,827
795,766
795,793
795,827
795,828
796,767
796,797
796,826
797,768
797,796
797,810
798,769
798,779
798,829
798,830
799,769
799,770
799,830
799,831
800,770
800,771
800,832
800,833
801,771
801,772
801,802
801,832
802,772
802,801
802,804
802,834
803,773
803,774
803,805
803,835
804,774
804,802
804,835
804,836
805,775
805,803
805,809
805,837
806,776
806,823
806,838
806,839
807,776
807,777
807,838
807,840
808,777
808,778
808,841
808,842
809,778
809,805
809,841
809,843
810,779
810,797
810,829
811,780
811,844
811,4999
811,5000
812,780
812,781
812,844
812,845
813,781
813,782
813,845
813,846
814,782
814,783
814,846
814,847
815,783
815,818
815,847
815,848
816,784
816,786
816,849
817,784
817,785
817,818
817,849
818,785
818,815
818,817
818,850
819,786
819,787
819,851
820,787
820,788
820,821
820,851
821,789
821,820
821,852
821,853
822,789
822,790
822,852
822,854
823,790
823,806
823,854
823,855
824,791
824,792
824,856
825,792
825,793
825,828
825,856
826,794
826,796
826,857
827,794
827,795
827,828
827,857
828,795
828,825
828,827
828,858
829,798
829,810
829,859
830,798
830,799
830,859
830,860
831,799
831,833
831,860
831,861
832,800
832,801
832,834
832,862
833,800
833,831
833,862
833,863
834,802
834,832
834,836
834,864
835,803
835,804
835,837
835,865
836,804
836,834
836,865
836,866
837,805
837,835
837,843
837,867
838,806
838,807
838,868
838,869
839,806
839,855
839,869
839,870
840,807
840,842
840,868
840,871
841,808
841,809
841,872
841,873
842,808
842,840
842,873
842,874
843,809
843,837
843,872
843,875
844,811
844,812
844,876
844,877
845,812
845,813
845,877
845,878
846,813
846,814
846,878
846,879
847,814
847,815
847,879
847,880
848,815
848,850
848,880
849,816
849,817
849,850
850,818
850,848
850,849
851,819
851,820
851,881
852,821
852,822
852,853
852,882
853,821
853,852
853,881
853,883
854,822
854,823
854,882
854,884
855,823
855,839
855,884
855,885
856,824
856,825
856,858
857,826
857,827
857,858
858,828
858,856
858,857
859,829
859,830
859,886
860,830
860,831
860,886
860,887
861,831
861,863
861,887
861,888
862,832
862,833
862,864
862,889
863,833
863,861
863,889
863,890
864,834
864,862
864,866
864,891
865,835
865,836
865,867
865,892
866,836
866,864
866,892
866,893
867,837
867,865
867,894
867,895
868,838
868,840
868,896
868,897
869,838
869,839
869,898
869,899
870,839
870,885
870,898
870,900
871,840
871,874
871,896
871,901
872,841
872,843
872,902
872,903
873,841
873,842
873,874
873,903
874,842
874,871
874,873
874,904
875,843
875,894
875,902
875,905
876,844
876,906
876,907
876,5000
877,844
877,845
877,907
877,908
878,845
878,846
878,908
878,909
879,846
879,847
879,909
879,910
880,847
880,848
880,910
880,911
881,851
881,853
881,912
882,852
882,854
882,883
882,913
883,853
883,882
883,912
883,914
884,854
884,855
884,913
884,915
885,855
885,870
885,915
885,916
886,859
886,860
886,917
887,860
887,861
887,888
887,917
888,861
888,887
888,890
888,918
889,862
889,863
889,891
889,919
890,863
890,888
890,919
890,920
891,864
891,889
891,893
891,921
892,865
892,866
892,895
892,922
893,866
893,891
893,922
893,923
894,867
894,875
894,924
894,925
895,867
895,892
895,925
895,926
896,868
896,871
896,927
896,928
897,868
897,899
897,928
897,929
898,869
898,870
898,930
898,931
899,869
899,897
899,932
899,933
900,870
900,934
900,935
900,936
901,871
901,904
901,927
901,937
902,872
902,875
902,938
902,939
903,872
903,873
903,904
903,939
904,874
904,901
904,903
904,940
905,875
905,924
905,938
905,941
906,876
906,942
906,4985
906,5007
907,876
907,877
907,942
907,943
908,877
908,878
908,944
908,945
909,878
909,879
909,944
909,946
910,879
910,880
910,946
910,947
911,880
911,947
911,948
912,881
912,883
912,949
913,882
913,884
913,914
913,950
914,883
914,913
914,949
914,951
915,884
915,885
915,950
915,952
916,885
916,935
916,952
916,953
917,886
917,887
917,918
918,888
918,917
918,920
919,889
919,890
919,921
919,954
920,890
920,918
920,954
921,891
921,919
921,923
921,955
922,892
922,893
922,926
922,956
923,893
923,921
923,956
923,957
924,894
924,905
924,958
924,959
925,894
925,895
925,959
925,960
926,895
926,922
926,960
926,961
927,896
927,901
927,962
927,963
928,896
928,897
928,962
928,964
929,897
929,932
929,964
929,965
930,898
930,933
930,966
930,967
931,898
931,934
931,967
932,899
932,929
932,968
932,969
933,899
933,930
933,969
934,900
934,931
934,970
934,971
935,900
935,916
935,972
935,973
936,900
936,971
936,973
937,901
937,940
937,963
937,974
938,902
938,905
938,975
938,976
939,902
939,903
939,940
939,976
940,904
940,937
940,939
940,977
941,905
941,958
941,975
941,978
942,906
942,907
942,979
942,5022
943,907
943,945
943,979
943,980
944,908
944,909
944,981
944,982
945,908
945,943
945,980
945,982
946,909
946,910
946,981
946,983
947,910
947,911
947,983
947,984
948,911
948,984
948,985
949,912
949,914
949,986
950,913
950,915
950,987
950,988
951,914
951,986
951,987
951,989
952,915
952,916
952,988
952,990
953,916
953,972
953,990
953,991
954,919
954,920
954,955
955,921
955,954
955,957
956,922
956,923
956,961
956,992
957,923
957,955
957,992
958,924
958,941
958,993
958,994
959,924
959,925
959,960
959,994
960,925
960,926
960,959
960,995
961,926
961,956
961,995
961,996
962,927
962,928
962,997
962,998
963,927
963,937
963,997
963,999
964,928
964,929
964,998
964,1000
965,929
965,968
965,1000
965,1001
966,930
966,969
966,1002
966,1003
967,930
967,931
967,970
967,1003
968,932
968,965
968,1004
968,1005
969,932
969,933
969,966
969,1005
970,934
970,967
970,1006
970,1007
971,934
971,936
971,1007
971,1008
972,935
972,953
972,1009
972,1010
973,935
973,936
973,1008
973,1010
974,937
974,977
974,999
974,1011
975,938
975,941
975,1012
975,1013
976,938
976,939
976,977
976,1013
977,940
977,974
977,976
977,1014
978,941
978,993
978,1012
979,942
979,943
979,1015
979,1016
980,943
980,945
980,1015
980,1017
981,944
981,946
981,1018
981,1019
982,944
982,945
982,1017
982,1019
983,946
983,947
983,1018
983,1020
984,947
984,948
984,1020
984,1021
985,948
985,1021
985,1022
986,949
986,951
986,1023
987,950
987,951
987,989
987,1024
988,950
988,952
988,1024
988,1025
989,951
989,987
989,1023
989,1026
990,952
990,953
990,1025
990,1027
991,953
991,1009
991,1027
991,1028
992,956
992,957
992,996
993,958
993,978
993,1029
994,958
994,959
994,995
994,1029
995,960
995,961
995,994
995,1030
996,961
996,992
996,1030
997,962
997,963
997,1031
997,1032
998,962
998,964
998,1000
998,1032
999,963
999,974
999,1033
999,1034
1000,964
1000,965
1000,998
1000,1035
1001,965
1001,1004
1001,1035
1001,1036
1002,966
1002,1005
1002,1037
1002,1038
1003,966
1003,967
1003,1006
1003,1039
1004,968
1004,1001
1004,1040
1004,1041
1005,968
1005,969
1005,1002
1005,1040
1006,970
1006,1003
1006,1042
1006,1043
1007,970
1007,971
1007,1043
1007,1044
1008,971
1008,973
1008,1045
1008,1046
1009,972
1009,991
1009,1028
1009,1047
1010,972
1010,973
1010,1048
1010,1049
1011,974
1011,1014
1011,1034
1011,1050
1012,975
1012,978
1012,1051
1013,975
1013,976
1013,1051
1013,1052
1014,977
1014,1011
1014,1052
1014,1053
1015,979
1015,980
1015,1054
1015,1055
1016,979
1016,1056
1016,1057
1016,5022
1017,980
1017,982
1017,1055
1017,1058
1018,981
1018,983
1018,1059
1018,1060
1019,981
1019,982
1019,1058
1019,1060
1020,983
1020,984
1020,1059
1020,1061
1021,984
1021,985
1021,1061
1021,1062
1022,985
1022,1062
1022,1063
1023,986
1023,989
1023,1064
1024,987
1024,988
1024,1026
1024,1065
1025,988
1025,990
1025,1065
1025,1066
1026,989
1026,1024
1026,1064
1026,1067
1027,990
1027,991
1027,1066
1027,1068
1028,991
1028,1009
1028,1068
1028,1069
1029,993
1029,994
1029,1030
1030,995
1030,996
1030,1029
1031,997
1031,1033
1031,1070
1031,1071
1032,997
1032,998
1032,1035
1032,1071
1033,999
1033,1031
1033,1072
1033,1073
1034,999
1034,1011
1034,1073
1034,1074
1035,1000
1035,1001
1035,1032
1035,1075
1036,1001
1036,1075
1036,1076
1036,1077
1037,1002
1037,1038
1037,1040
1037,1078
1038,1002
1038,1037
1038,1039
1038,1079
1039,1003
1039,1038
1039,1042
1039,1080
1040,1004
1040,1005
1040,1037
1040,1081
1041,1004
1041,1077
1041,1081
1041,1082
1042,1006
1042,1039
1042,1083
1042,1084
1043,1006
1043,1007
1043,1084
1043,1085
1044,1007
1044,1045
1044,1085
1044,1086
1045,1008
1045,1044
1045,1087
1045,1088
1046,1008
1046,1049
1046,1088
1047,1009
1047,1048
1047,1069
1047,1089
1048,1010
1048,1047
1048,1090
1048,1091
1049,1010
1049,1046
1049,1091
1049,1092
1050,1011
1050,1053
1050,1074
1050,1093
1051,1012
1051,1013
1051,1094
1052,1013
1052,1014
1052,1053
1052,1094
1053,1014
1053,1050
1053,1052
1053,1095
1054,1015
1054,1057
1054,1096
1054,1097
1055,1015
1055,1017
1055,1097
1055,1098
1056,1016
1056,1099
1056,1100
1056,5031
1057,1016
1057,1054
1057,1100
1057,1101
1058,1017
1058,1019
1058,1102
1058,1103
1059,1018
1059,1020
1059,1104
1059,1105
1060,1018
1060,1019
1060,1103
1060,1105
1061,1020
1061,1021
1061,1104
1061,1106
1062,1021
1062,1022
1062,1106
1062,1107
1063,1022
1063,1107
1063,1108
1064,1023
1064,1026
1064,1109
1064,1110
1065,1024
1065,1025
1065,1067
1065,1111
1066,1025
1066,1027
1066,1111
1066,1112
1067,1026
1067,1065
1067,1110
1067,1113
1068,1027
1068,1028
1068,1112
1068,1114
1069,1028
1069,1047
1069,1114
1069,1115
1070,1031
1070,1072
1070,1116
1070,1117
1071,1031
1071,1032
1071,1075
1071,1117
1072,1033
1072,1070
1072,1118
1072,1119
1073,1033
1073,1034
1073,1119
1073,1120
1074,1034
1074,1050
1074,1120
1074,1121
1075,1035
1075,1036
1075,1071
1075,1122
1076,1036
1076,1122
1076,1123
1076,1124
1077,1036
1077,1041
1077,1124
1077,1125
1078,1037
1078,1079
1078,1081
1078,1126
1079,1038
1079,1078
1079,1080
1079,1127
1080,1039
1080,1079
1080,1083
1080,1128
1081,1040
1081,1041
1081,1078
1081,1129
1082,1041
1082,1125
1082,1129
1082,1130
1083,1042
1083,1080
1083,1131
1083,1132
1084,1042
1084,1043
1084,1132
1084,1133
1085,1043
1085,1044
1085,1133
1085,1134
1086,1044
1086,1087
1086,1134
1086,1135
1087,1045
1087,1086
1087,1136
1087,1137
1088,1045
1088,1046
1088,1092
1088,1137
1089,1047
1089,1090
1089,1115
1089,1138
1090,1048
1090,1089
1090,1139
1090,1140
1091,1048
1091,1049
1091,1141
1091,1142
1092,1049
1092,1088
1092,1141
1092,1143
1093,1050
1093,1095
1093,1121
1094,1051
1094,1052
1094,1095
1095,1053
1095,1093
1095,1094
1096,1054
1096,1101
1096,1144
1096,1145
1097,1054
1097,1055
1097,1145
1097,1146
1098,1055
1098,1102
1098,1146
1099,1056
1099,1147
1099,1148
1099,5033
1100,1056
1100,1057
1100,1148
1100,1149
1101,1057
1101,1096
1101,1149
1101,1150
1102,1058
1102,1098
1102,1151
1102,1152
1103,1058
1103,1060
1103,1152
1103,1153
1104,1059
1104,1061
1104,1154
1104,1155
1105,1059
1105,1060
1105,1153
1105,1154
1106,1061
1106,1062
1106,1155
1106,1156
1107,1062
1107,1063
1107,1156
1107,1157
1108,1063
1108,1157
1108,1158
1108,1159
1109,1064
1109,1160
1109,1161
1110,1064
1110,1067
1110,1161
1110,1162
1111,1065
1111,1066
1111,1113
1111,1163
1112,1066
1112,1068
1112,1163
1112,1164
1113,1067
1113,1111
1113,1162
1113,1165
1114,1068
1114,1069
1114,1166
1114,1167
1115,1069
1115,1089
1115,1166
1115,1168
1116,1070
1116,1118
1116,1169
1117,1070
1117,1071
1117,1122
1117,1169
1118,1072
1118,1116
1118,1170
1119,1072
1119,1073
1119,1120
1119,1170
1120,1073
1120,1074
1120,1119
1120,1171
1121,1074
1121,1093
1121,1171
1122,1075
1122,1076
1122,1117
1122,1172
1123,1076
1123,1172
1123,1173
1124,1076
1124,1077
1124,1173
1124,1174
1125,1077
1125,1082
1125,1174
1125,1175
1126,1078
1126,1127
1126,1176
1126,1177
1127,1079
1127,1126
1127,1128
1127,1178
1128,1080
1128,1127
1128,1131
1128,1179
1129,1081
1129,1082
1129,1130
1129,1177
1130,1082
1130,1129
1130,1175
1130,1180
1131,1083
1131,1128
1131,1181
1131,1182
1132,1083
1132,1084
1132,1182
1132,1183
1133,1084
1133,1085
1133,1134
1133,1184
1134,1085
1134,1086
1134,1133
1134,1185
1135,1086
1135,1136
1135,1185
1135,1186
1136,1087
1136,1135
1136,1187
1136,1188
1137,1087
1137,1088
1137,1143
1137,1188
1138,1089
1138,1139
1138,1168
1138,1189
1139,1090
1139,1138
1139,1190
1139,1191
1140,1090
1140,1142
1140,1191
1140,1192
1141,1091
1141,1092
1141,1193
1141,1194
1142,1091
1142,1140
1142,1194
1142,1195
1143,1092
1143,1137
1143,1193
1143,1196
1144,1096
1144,1150
1144,1197
1144,1198
1145,1096
1145,1097
1145,1198
1145,1199
1146,1097
1146,1098
1146,1151
1146,1199
1147,1099
1147,1200
1147,1201
1147,1202
1148,1099
1148,1100
1148,1149
1148,1202
1149,1100
1149,1101
1149,1148
1149,1203
1150,1101
1150,1144
1150,1203
1150,1204
1151,1102
1151,1146
1151,1205
1151,1206
1152,1102
1152,1103
1152,1206
1152,1207
1153,1103
1153,1105
1153,1207
1153,1208
1154,1104
1154,1105
1154,1209
1154,1210
1155,1104
1155,1106
1155,1156
1155,1211
1156,1106
1156,1107
1156,1155
1156,1212
1157,1107
1157,1108
1157,1212
1157,1213
1158,1108
1158,1214
1158,1215
1159,1108
1159,1213
1159,1215
1159,1216
1160,1109
1160,1214
1160,1217
1161,1109
1161,1110
1161,1217
1161,1218
1162,1110
1162,1113
1162,1218
1162,1219
1163,1111
1163,1112
1163,1165
1163,1220
1164,1112
1164,1167
1164,1220
1164,1221
1165,1113
1165,1163
1165,1219
1165,1222
1166,1114
1166,1115
1166,1223
1166,1224
1167,1114
1167,1164
1167,1224
1167,1225
1168,1115
1168,1138
1168,1223
1168,1226
1169,1116
1169,1117
1169,1172
1170,1118
1170,1119
1170,1171
1171,1120
1171,1121
1171,1170
1172,1122
1172,1123
1172,1169
1173,1123
1173,1124
1173,1227
1174,1124
1174,1125
1174,1227
1174,1228
1175,1125
1175,1130
1175,1180
1175,1228
1176,1126
1176,1178
1176,1229
1176,1230
1177,1126
1177,1129
1177,1180
1177,1230
1178,1127
1178,1176
1178,1179
1178,1231
1179,1128
1179,1178
1179,1181
1179,1232
1180,1130
1180,1175
1180,1177
1180,1233
1181,1131
1181,1179
1181,1234
1181,1235
1182,1131
1182,1132
1182,1235
1182,1236
1183,1132
1183,1184
1183,1236
1183,1237
1184,1133
1184,1183
1184,1185
1184,1238
1185,1134
1185,1135
1185,1184
1185,1239
1186,1135
1186,1187
1186,1239
1186,1240
1187,1136
1187,1186
1187,1241
1187,1242
1188,1136
1188,1137
1188,1196
1188,1242
1189,1138
1189,1190
1189,1226
1189,1243
1190,1139
1190,1189
1190,1244
1190,1245
1191,1139
1191,1140
1191,1245
1191,1246
1192,1140
1192,1195
1192,1247
1192,1248
1193,1141
1193,1143
1193,1249
1193,1250
1194,1141
1194,1142
1194,1250
1194,1251
1195,1142
1195,1192
1195,1251
1195,1252
1196,1143
1196,1188
1196,1249
1196,1253
1197,1144
1197,1204
1197,1254
1197,1255
1198,1144
1198,1145
1198,1256
1198,1257
1199,1145
1199,1146
1199,1205
1199,1257
1200,1147
1200,1258
1200,1259
1200,1260
1201,1147
1201,1259
1201,1261
1201,5033
1202,1147
1202,1148
1202,1203
1202,1262
1203,1149
1203,1150
1203,1202
1203,1263
1204,1150
1204,1197
1204,1263
1204,1264
1205,1151
1205,1199
1205,1265
1205,1266
1206,1151
1206,1152
1206,1267
1206,1268
1207,1152
1207,1153
1207,1268
1207,1269
1208,1153
1208,1210
1208,1269
1208,1270
1209,1154
1209,1211
1209,1271
1209,1272
1210,1154
1210,1208
1210,1272
1210,1273
1211,1155
1211,1209
1211,1212
1211,1274
1212,1156
1212,1157
1212,1211
1212,1275
1213,1157
1213,1159
1213,1275
1213,1276
1214,1158
1214,1160
1214,1277
1215,1158
1215,1159
1215,1277
1215,1278
1216,1159
1216,1276
1216,1278
1216,1279
1217,1160
1217,1161
1217,1277
1217,1280
1218,1161
1218,1162
1218,1280
1218,1281
1219,1162
1219,1165
1219,1281
1219,1282
1220,1163
1220,1164
1220,1222
1220,1283
1221,1164
1221,1225
1221,1283
1221,1284
1222,1165
1222,1220
1222,1285
1222,1286
1223,1166
1223,1168
1223,1287
1223,1288
1224,1166
1224,1167
1224,1288
1225,1167
1225,1221
1225,1288
1225,1289
1226,1168
1226,1189
1226,1287
1226,1290
1227,1173
1227,1174
1227,1291
1228,1174
1228,1175
1228,1233
1228,1291
1229,1176
1229,1231
1229,1292
1230,1176
1230,1177
1230,1233
1230,1292
1231,1178
1231,1229
1231,1232
1232,1179
1232,1231
1232,1234
1233,1180
1233,1228
1233,1230
1233,1293
1234,1181
1234,1232
1234,1294
1235,1181
1235,1182
1235,1294
1235,1295
1236,1182
1236,1183
1236,1295
1236,1296
1237,1183
1237,1238
1237,1296
1237,1297
1238,1184
1238,1237
1238,1239
1238,1298
1239,1185
1239,1186
1239,1238
1239,1299
1240,1186
1240,1241
1240,1299
1240,1300
1241,1187
1241,1240
1241,1301
1241,1302
1242,1187
1242,1188
1242,1253
1242,1302
1243,1189
1243,1244
1243,1290
1243,1303
1244,1190
1244,1243
1244,1304
1244,1305
1245,1190
1245,1191
1245,1305
1245,1306
1246,1191
1246,1248
1246,1306
1246,1307
1247,1192
1247,1252
1247,1308
1247,1309
1248,1192
1248,1246
1248,1307
1248,1309
1249,1193
1249,1196
1249,1310
1249,1311
1250,1193
1250,1194
1250,1311
1250,1312
1251,1194
1251,1195
1251,1312
1251,1313
1252,1195
1252,1247
1252,1313
1252,1314
1253,1196
1253,1242
1253,1310
1253,1315
1254,1197
1254,1264
1254,1316
1254,1317
1255,1197
1255,1256
1255,1317
1255,1318
1256,1198
1256,1255
1256,1319
1256,1320
1257,1198
1257,1199
1257,1265
1257,1320
1258,1200
1258,1321
1258,1322
1258,1323
1259,1200
1259,1201
1259,1323
1259,1324
1260,1200
1260,1262
1260,1322
1260,1325
1261,1201
1261,1324
1261,1326
1261,5030
1262,1202
1262,1260
1262,1263
1262,1327
1263,1203
1263,1204
1263,1262
1263,1328
1264,1204
1264,1254
1264,1328
1264,1329
1265,1205
1265,1257
1265,1330
1265,1331
1266,1205
1266,1267
1266,1331
1266,1332
1267,1206
1267,1266
1267,1332
1267,1333
1268,1206
1268,1207
1268,1333
1268,1334
1269,1207
1269,1208
1269,1334
1269,1335
1270,1208
1270,1273
1270,1335
1270,1336
1271,1209
1271,1274
1271,1337
1271,1338
1272,1209
1272,1210
1272,1337
1272,1339
1273,1210
1273,1270
1273,1339
1273,1340
1274,1211
1274,1271
1274,1275
1274,1341
1275,1212
1275,1213
1275,1274
1275,1342
1276,1213
1276,1216
1276,1342
1276,1343
1277,1214
1277,1215
1277,1217
1277,1344
1278,1215
1278,1216
1278,1344
1278,1345
1279,1216
1279,1343
1279,1345
1279,1346
1280,1217
1280,1218
1280,1344
1281,1218
1281,1219
1281,1347
1281,1348
1282,1219
1282,1286
1282,1348
1282,1349
1283,1220
1283,1221
1283,1285
1283,1350
1284,1221
1284,1289
1284,1350
1284,1351
1285,1222
1285,1283
1285,1352
1285,1353
1286,1222
1286,1282
1286,1353
1286,1354
1287,1223
1287,1226
1287,1355
1287,1356
1288,1223
1288,1224
1288,1225
1288,1356
1289,1225
1289,1284
1289,1356
1289,1357
1290,1226
1290,1243
1290,1355
1290,1358
1291,1227
1291,1228
1291,1293
1292,1229
1292,1230
1292,1293
1293,1233
1293,1291
1293,1292
1294,1234
1294,1235
1294,1359
1295,1235
1295,1236
1295,1359
1295,1360
1296,1236
1296,1237
1296,1297
1296,1360
1297,1237
1297,1296
1297,1298
1297,1361
1298,1238
1298,1297
1298,1299
1298,1362
1299,1239
1299,1240
1299,1298
1299,1363
1300,1240
1300,1301
1300,1363
1300,1364
1301,1241
1301,1300
1301,1365
1301,1366
1302,1241
1302,1242
1302,1366
1302,1367
1303,1243
1303,1304
1303,1358
1303,1368
1304,1244
1304,1303
1304,1369
1304,1370
1305,1244
1305,1245
1305,1369
1305,1371
1306,1245
1306,1246
1306,1371
1306,1372
1307,1246
1307,1248
1307,1372
1307,1373
1308,1247
1308,1314
1308,1374
1308,1375
1309,1247
1309,1248
1309,1373
1309,1375
1310,1249
1310,1253
1310,1376
1310,1377
1311,1249
1311,1250
1311,1377
1311,1378
1312,1250
1312,1251
1312,1378
1312,1379
1313,1251
1313,1252
1313,1379
1313,1380
1314,1252
1314,1308
1314,1380
1314,1381
1315,1253
1315,1367
1315,1376
1315,1382
1316,1254
1316,1329
1316,1383
1317,1254
1317,1255
1317,1318
1317,1383
1318,1255
1318,1317
1318,1319
1318,1384
1319,1256
1319,1318
1319,1385
1319,1386
1320,1256
1320,1257
1320,1330
1320,1386
1321,1258
1321,1387
1321,1388
1322,1258
1322,1260
1322,1325
1322,1388
1323,1258
1323,1259
1323,1387
1323,1389
1324,1259
1324,1261
1324,1389
1324,1390
1325,1260
1325,1322
1325,1327
1325,1391
1326,1261
1326,1390
1326,1392
1326,5020
1327,1262
1327,1325
1327,1328
1327,1393
1328,1263
1328,1264
1328,1327
1328,1394
1329,1264
1329,1316
1329,1394
1330,1265
1330,1320
1330,1395
1330,1396
1331,1265
1331,1266
1331,1396
1331,1397
1332,1266
1332,1267
1332,1397
1332,1398
1333,1267
1333,1268
1333,1398
1333,1399
1334,1268
1334,1269
1334,1335
1334,1399
1335,1269
1335,1270
1335,1334
1335,1400
1336,1270
1336,1340
1336,1400
1336,1401
1337,1271
1337,1272
1337,1402
1337,1403
1338,1271
1338,1341
1338,1403
1338,1404
1339,1272
1339,1273
1339,1402
1339,1405
1340,1273
1340,1336
1340,1405
1340,1406
1341,1274
1341,1338
1341,1342
1341,1407
1342,1275
1342,1276
1342,1341
1342,1408
1343,1276
1343,1279
1343,1408
1343,1409
1344,1277
1344,1278
1344,1280
1344,1347
1345,1278
1345,1279
1345,1347
1345,1410
1346,1279
1346,1409
1346,1410
1346,1411
1347,1281
1347,1344
1347,1345
1347,1412
1348,1281
1348,1282
1348,1413
1348,1414
1349,1282
1349,1354
1349,1413
1349,1415
1350,1283
1350,1284
1350,1352
1350,1416
1351,1284
1351,1357
1351,1416
1352,1285
1352,1350
1352,1417
1352,1418
1353,1285
1353,1286
1353,1354
1353,1418
1354,1286
1354,1349
1354,1353
1354,1419
1355,1287
1355,1290
1355,1420
1356,1287
1356,1288
1356,1289
1356,1420
1357,1289
1357,1351
1357,1420
1358,1290
1358,1303
1358,1421
1359,1294
1359,1295
1359,1422
1360,1295
1360,1296
1360,1361
1360,1422
1361,1297
1361,1360
1361,1362
1361,1423
1362,1298
1362,1361
1362,1363
1362,1424
1363,1299
1363,1300
1363,1362
1363,1425
1364,1300
1364,1365
1364,1425
1365,1301
1365,1364
1365,1426
1366,1301
1366,1302
1366,1426
1366,1427
1367,1302
1367,1315
1367,1427
1367,1428
1368,1303
1368,1370
1368,1421
1368,1429
1369,1304
1369,1305
1369,1430
1369,1431
1370,1304
1370,1368
1370,1430
1370,1432
1371,1305
1371,1306
1371,1431
1371,1433
1372,1306
1372,1307
1372,1433
1372,1434
1373,1307
1373,1309
1373,1434
1373,1435
1374,1308
1374,1381
1374,1436
1374,1437
1375,1308
1375,1309
1375,1437
1375,1438
1376,1310
1376,1315
1376,1439
1376,1440
1377,1310
1377,1311
1377,1440
1377,1441
1378,1311
1378,1312
1378,1379
1378,1441
1379,1312
1379,1313
1379,1378
1379,1442
1380,1313
1380,1314
1380,1442
1380,1443
1381,1314
1381,1374
1381,1443
1381,1444
1382,1315
1382,1428
1382,1439
1382,1445
1383,1316
1383,1317
1383,1384
1384,1318
1384,1383
1384,1385
1385,1319
1385,1384
1385,1446
1386,1319
1386,1320
1386,1395
1386,1446
1387,1321
1387,1323
1387,1447
1388,1321
1388,1322
1388,1391
1389,1323
1389,1324
1389,1447
1389,1448
1390,1324
1390,1326
1390,1448
1390,1449
1391,1325
1391,1388
1391,1393
1392,1326
1392,1449
1392,1450
1392,5005
1393,1327
1393,1391
1393,1394
1394,1328
1394,1329
1394,1393
1395,1330
1395,1386
1395,1451
1395,1452
1396,1330
1396,1331
1396,1452
1396,1453
1397,1331
1397,1332
1397,1453
1397,1454
1398,1332
1398,1333
1398,1454
1398,1455
1399,1333
1399,1334
1399,1400
1399,1455
1400,1335
1400,1336
1400,1399
1400,1456
1401,1336
1401,1406
1401,1456
1401,1457
1402,1337
1402,1339
1402,1458
1402,1459
1403,1337
1403,1338
1403,1459
1403,1460
1404,1338
1404,1407
1404,1461
1404,1462
1405,1339
1405,1340
1405,1458
1405,1463
1406,1340
1406,1401
1406,1463
1406,1464
1407,1341
1407,1404
1407,1408
1407,1465
1408,1342
1408,1343
1408,1407
1408,1466
1409,1343
1409,1346
1409,1467
1409,1468
1410,1345
1410,1346
1410,1411
1410,1412
1411,1346
1411,1410
1411,1414
1411,1468
1412,1347
1412,1410
1412,1414
1413,1348
1413,1349
1413,1469
1413,1470
1414,1348
1414,1411
1414,1412
1414,1470
1415,1349
1415,1419
1415,1469
1415,1471
1416,1350
1416,1351
1416,1417
1416,1472
1417,1352
1417,1416
1417,1473
1417,1474
1418,1352
1418,1353
1418,1419
1418,1474
1419,1354
1419,1415
1419,1418
1419,1475
1420,1355
1420,1356
1420,1357
1421,1358
1421,1368
1421,1476
1422,1359
1422,1360
1422,1423
1423,1361
1423,1422
1423,1424
1424,1362
1424,1423
1424,1425
1425,1363
1425,1364
1425,1424
1426,1365
1426,1366
1426,1477
1427,1366
1427,1367
1427,1428
1427,1477
1428,1367
1428,1382
1428,1427
1428,1478
1429,1368
1429,1432
1429,1476
1429,1479
1430,1369
1430,1370
1430,1480
1430,1481
1431,1369
1431,1371
1431,1480
1431,1482
1432,1370
1432,1429
1432,1481
1432,1483
1433,1371
1433,1372
1433,1484
1434,1372
1434,1373
1434,1484
1434,1485
1435,1373
1435,1438
1435,1485
1435,1486
1436,1374
1436,1444
1436,1487
1436,1488
1437,1374
1437,1375
1437,1488
1437,1489
1438,1375
1438,1435
1438,1489
1438,1490
1439,1376
1439,1382
1439,1491
1439,1492
1440,1376
1440,1377
1440,1492
1440,1493
1441,1377
1441,1378
1441,1442
1441,1493
1442,1379
1442,1380
1442,1441
1442,1494
1443,1380
1443,1381
1443,1494
1443,1495
1444,1381
1444,1436
1444,1495
1444,1496
1445,1382
1445,1478
1445,1491
1446,1385
1446,1386
1446,1451
1447,1387
1447,1389
1447,1497
1448,1389
1448,1390
1448,1497
1448,1498
1449,1390
1449,1392
1449,1498
1449,1499
1450,1392
1450,1499
1450,1500
1450,4986
1451,1395
1451,1446
1451,1501
1452,1395
1452,1396
1452,1501
1452,1502
1453,1396
1453,1397
1453,1502
1453,1503
1454,1397
1454,1398
1454,1503
1454,1504
1455,1398
1455,1399
1455,1456
1455,1505
1456,1400
1456,1401
1456,1455
1456,1506
1457,1401
1457,1506
1457,1507
1457,1508
1458,1402
1458,1405
1458,1509
1458,1510
1459,1402
1459,1403
1459,1510
1459,1511
1460,1403
1460,1462
1460,1511
1460,1512
1461,1404
1461,1465
1461,1513
1461,1514
1462,1404
1462,1460
1462,1512
1463,1405
1463,1406
1463,1509
1463,1515
1464,1406
1464,1508
1464,1515
1464,1516
1465,1407
1465,1461
1465,1466
1465,1517
1466,1408
1466,1465
1466,1467
1466,1518
1467,1409
1467,1466
1467,1519
1467,1520
1468,1409
1468,1411
1468,1520
1468,1521
1469,1413
1469,1415
1469,1522
1469,1523
1470,1413
1470,1414
1470,1521
1470,1523
1471,1415
1471,1475
1471,1522
1471,1524
1472,1416
1472,1473
1472,1525
1473,1417
1473,1472
1473,1526
1473,1527
1474,1417
1474,1418
1474,1475
1474,1526
1475,1419
1475,1471
1475,1474
1475,1528
1476,1421
1476,1429
1476,1529
1477,1426
1477,1427
1477,1478
1478,1428
1478,1445
1478,1477
1479,1429
1479,1483
1479,1529
1479,1530
1480,1430
1480,1431
1480,1531
1480,1532
1481,1430
1481,1432
1481,1532
1481,1533
1482,1431
1482,1484
1482,1534
1482,1535
1483,1432
1483,1479
1483,1533
1483,1536
1484,1433
1484,1434
1484,1482
1484,1537
1485,1434
1485,1435
1485,1538
1485,1539
1486,1435
1486,1490
1486,1538
1486,1540
1487,1436
1487,1496
1487,1541
1487,1542
1488,1436
1488,1437
1488,1542
1488,1543
1489,1437
1489,1438
1489,1543
1489,1544
1490,1438
1490,1486
1490,1544
1490,1545
1491,1439
1491,1445
1491,1546
1492,1439
1492,1440
1492,1546
1492,1547
1493,1440
1493,1441
1493,1494
1493,1547
1494,1442
1494,1443
1494,1493
1494,1548
1495,1443
1495,1444
1495,1549
1495,1550
1496,1444
1496,1487
1496,1550
1496,1551
1497,1447
1497,1448
1497,1552
1498,1448
1498,1449
1498,1552
1498,1553
1499,1449
1499,1450
1499,1553
1499,1554
1500,1450
1500,1554
1500,1555
1500,4989
1501,1451
1501,1452
1501,1556
1502,1452
1502,1453
1502,1556
1502,1557
1503,1453
1503,1454
1503,1557
1503,1558
1504,1454
1504,1505
1504,1558
1504,1559
1505,1455
1505,1504
1505,1506
1505,1560
1506,1456
1506,1457
1506,1505
1506,1561
1507,1457
1507,1561
1507,1562
1507,1563
1508,1457
1508,1464
1508,1564
1509,1458
1509,1463
1509,1565
1509,1566
1510,1458
1510,1459
1510,1566
1510,1567
1511,1459
1511,1460
1511,1567
1511,1568
1512,1460
1512,1462
1512,1513
1512,1568
1513,1461
1513,1512
1513,1569
1513,1570
1514,1461
1514,1570
1514,1571
1514,1572
1515,1463
1515,1464
1515,1565
1515,1573
1516,1464
1516,1564
1516,1573
1516,1574
1517,1465
1517,1518
1517,1572
1517,1575
1518,1466
1518,1517
1518,1519
1518,1576
1519,1467
1519,1518
1519,1577
1519,1578
1520,1467
1520,1468
1520,1578
1520,1579
1521,1468
1521,1470
1521,1579
1521,1580
1522,1469
1522,1471
1522,1581
1522,1582
1523,1469
1523,1470
1523,1580
1523,1581
1524,1471
1524,1528
1524,1582
1524,1583
1525,1472
1525,1527
1525,1584
1526,1473
1526,1474
1526,1528
1526,1585
1527,1473
1527,1525
1527,1586
1528,1475
1528,1524
1528,1526
1528,1587
1529,1476
1529,1479
1529,1588
1530,1479
1530,1536
1530,1588
1530,1589
1531,1480
1531,1535
1531,1590
1531,1591
1532,1480
1532,1481
1532,1591
1532,1592
1533,1481
1533,1483
1533,1592
1533,1593
1534,1482
1534,1537
1534,1594
1534,1595
1535,1482
1535,1531
1535,1595
1536,1483
1536,1530
1536,1596
1536,1597
1537,1484
1537,1534
1537,1539
1537,1598
1538,1485
1538,1486
1538,1599
1538,1600
1539,1485
1539,1537
1539,1600
1539,1601
1540,1486
1540,1599
1540,1602
1540,1603
1541,1487
1541,1551
1541,1604
1542,1487
1542,1488
1542,1604
1542,1605
1543,1488
1543,1489
1543,1605
1543,1606
1544,1489
1544,1490
1544,1606
1544,1607
1545,1490
1545,1603
1545,1607
1545,1608
1546,1491
1546,1492
1546,1609
1547,1492
1547,1493
1547,1548
1547,1609
1548,1494
1548,1547
1548,1549
1548,1610
1549,1495
1549,1548
1549,1550
1549,1611
1550,1495
1550,1496
1550,1549
1550,1612
1551,1496
1551,1541
1551,1612
1552,1497
1552,1498
1552,1613
1553,1498
1553,1499
1553,1613
1553,1614
1554,1499
1554,1500
1554,1614
1554,1615
1555,1500
1555,1615
1555,1616
1555,5008
1556,1501
1556,1502
1556,1617
1557,1502
1557,1503
1557,1617
1557,1618
1558,1503
1558,1504
1558,1618
1558,1619
1559,1504
1559,1560
1559,1619
1559,1620
1560,1505
1560,1559
1560,1561
1560,1621
1561,1506
1561,1507
1561,1560
1561,1622
1562,1507
1562,1622
1562,1623
1562,1624
1563,1507
1563,1564
1563,1624
1563,1625
1564,1508
1564,1516
1564,1563
1564,1626
1565,1509
1565,1515
1565,1627
1565,1628
1566,1509
1566,1510
1566,1628
1566,1629
1567,1510
1567,1511
1567,1630
1567,1631
1568,1511
1568,1512
1568,1569
1568,1630
1569,1513
1569,1568
1569,1632
1569,1633
1570,1513
1570,1514
1570,1633
1570,1634
1571,1514
1571,1634
1571,1635
1571,1636
1572,1514
1572,1517
1572,1636
1572,1637
1573,1515
1573,1516
1573,1627
1573,1638
1574,1516
1574,1626
1574,1638
1574,1639
1575,1517
1575,1576
1575,1637
1575,1640
1576,1518
1576,1575
1576,1577
1576,1641
1577,1519
1577,1576
1577,1642
1577,1643
1578,1519
1578,1520
1578,1579
1578,1643
1579,1520
1579,1521
1579,1578
1579,1644
1580,1521
1580,1523
1580,1644
1580,1645
1581,1522
1581,1523
1581,1645
1581,1646
1582,1522
1582,1524
1582,1646
1582,1647
1583,1524
1583,1587
1583,1647
1583,1648
1584,1525
1584,1586
1584,1649
1585,1526
1585,1586
1585,1587
1585,1650
1586,1527
1586,1584
1586,1585
1586,1651
1587,1528
1587,1583
1587,1585
1587,1652
1588,1529
1588,1530
1588,1653
1589,1530
1589,1596
1589,1653
1589,1654
1590,1531
1590,1595
1590,1655
1590,1656
1591,1531
1591,1532
1591,1656
1591,1657
1592,1532
1592,1533
1592,1658
1592,1659
1593,1533
1593,1597
1593,1660
1594,1534
1594,1598
1594,1661
1594,1662
1595,1534
1595,1535
1595,1590
1595,1662
1596,1536
1596,1589
1596,1663
1596,1664
1597,1536
1597,1593
1597,1665
1597,1666
1598,1537
1598,1594
1598,1601
1598,1667
1599,1538
1599,1540
1599,1668
1599,1669
1600,1538
1600,1539
1600,1669
1600,1670
1601,1539
1601,1598
1601,1670
1601,1671
1602,1540
1602,1668
1602,1672
1602,1673
1603,1540
1603,1545
1603,1673
1603,1674
1604,1541
1604,1542
1604,1675
1605,1542
1605,1543
1605,1675
1605,1676
1606,1543
1606,1544
1606,1607
1606,1676
1607,1544
1607,1545
1607,1606
1607,1677
1608,1545
1608,1674
1608,1677
1608,1678
1609,1546
1609,1547
1609,1610
1610,1548
1610,1609
1610,1611
1611,1549
1611,1610
1611,1612
1612,1550
1612,1551
1612,1611
1613,1552
1613,1553
1613,1679
1614,1553
1614,1554
1614,1679
1614,1680
1615,1554
1615,1555
1615,1680
1615,1681
1616,1555
1616,1681
1616,1682
1616,5023
1617,1556
1617,1557
1617,1683
1618,1557
1618,1558
1618,1683
1618,1684
1619,1558
1619,1559
1619,1684
1619,1685
1620,1559
1620,1621
1620,1685
1620,1686
1621,1560
1621,1620
1621,1622
1621,1687
1622,1561
1622,1562
1622,1621
1622,1688
1623,1562
1623,1688
1623,1689
1624,1562
1624,1563
1624,1625
1624,1689
1625,1563
1625,1624
1625,1626
1625,1690
1626,1564
1626,1574
1626,1625
1626,1691
1627,1565
1627,1573
1627,1692
1627,1693
1628,1565
1628,1566
1628,1693
1628,1694
1629,1566
1629,1631
1629,1694
1629,1695
1630,1567
1630,1568
1630,1632
1630,1696
1631,1567
1631,1629
1631,1696
1631,1697
1632,1569
1632,1630
1632,1698
1632,1699
1633,1569
1633,1570
1633,1634
1633,1699
1634,1570
1634,1571
1634,1633
1634,1700
1635,1571
1635,1700
1635,1701
1635,1702
1636,1571
1636,1572
1636,1702
1636,1703
1637,1572
1637,1575
1637,1704
1637,1705
1638,1573
1638,1574
1638,1692
1638,1706
1639,1574
1639,1691
1639,1706
1640,1575
1640,1641
1640,1704
1640,1707
1641,1576
1641,1640
1641,1642
1641,1708
1642,1577
1642,1641
1642,1709
1642,1710
1643,1577
1643,1578
1643,1644
1643,1710
1644,1579
1644,1580
1644,1643
1644,1711
1645,1580
1645,1581
1645,1711
1645,1712
1646,1581
1646,1582
1646,1712
1646,1713
1647,1582
1647,1583
1647,1713
1647,1714
1648,1583
1648,1652
1648,1714
1648,1715
1649,1584
1649,1651
1649,1716
1650,1585
1650,1651
1650,1652
1650,1717
1651,1586
1651,1649
1651,1650
1651,1718
1652,1587
1652,1648
1652,1650
1653,1588
1653,1589
1653,1719
1654,1589
1654,1663
1654,1720
1654,1721
1655,1590
1655,1662
1655,1722
1655,1723
1656,1590
1656,1591
1656,1723
1656,1724
1657,1591
1657,1658
1657,1724
1657,1725
1658,1592
1658,1657
1658,1726
1658,1727
1659,1592
1659,1660
1659,1727
1660,1593
1660,1659
1660,1665
1660,1728
1661,1594
1661,1667
1661,1729
1661,1730
1662,1594
1662,1595
1662,1655
1662,1730
1663,1596
1663,1654
1663,1731
1663,1732
1664,1596
1664,1666
1664,1733
1664,1734
1665,1597
1665,1660
1665,1735
1665,1736
1666,1597
1666,1664
1666,1736
1666,1737
1667,1598
1667,1661
1667,1671
1667,1738
1668,1599
1668,1602
1668,1739
1668,1740
1669,1599
1669,1600
1669,1740
1669,1741
1670,1600
1670,1601
1670,1741
1670,1742
1671,1601
1671,1667
1671,1742
1671,1743
1672,1602
1672,1739
1672,1744
1673,1602
1673,1603
1673,1674
1673,1744
1674,1603
1674,1608
1674,1673
1674,1745
1675,1604
1675,1605
1675,1746
1676,1605
1676,1606
1676,1677
1676,1746
1677,1607
1677,1608
1677,1676
1677,1747
1678,1608
1678,1745
1678,1747
1679,1613
1679,1614
1679,1748
1680,1614
1680,1615
1680,1681
1680,1748
1681,1615
1681,1616
1681,1680
1681,1749
1682,1616
1682,1749
1682,5032
1683,1617
1683,1618
1683,1750
1684,1618
1684,1619
1684,1685
1684,1750
1685,1619
1685,1620
1685,1684
1685,1751
1686,1620
1686,1687
1686,1751
1687,1621
1687,1686
1687,1688
1688,1622
1688,1623
1688,1687
1689,1623
1689,1624
1689,1690
1690,1625
1690,1689
1690,1691
1691,1626
1691,1639
1691,1690
1692,1627
1692,1638
1692,1752
1692,1753
1693,1627
1693,1628
1693,1753
1693,1754
1694,1628
1694,1629
1694,1754
1694,1755
1695,1629
1695,1697
1695,1755
1695,1756
1696,1630
1696,1631
1696,1698
1696,1757
1697,1631
1697,1695
1697,1757
1697,1758
1698,1632
1698,1696
1698,1759
1698,1760
1699,1632
1699,1633
1699,1700
1699,1761
1700,1634
1700,1635
1700,1699
1700,1762
1701,1635
1701,1762
1701,1763
1701,1764
1702,1635
1702,1636
1702,1764
1702,1765
1703,1636
1703,1705
1703,1765
1704,1637
1704,1640
1704,1766
1704,1767
1705,1637
1705,1703
1705,1767
1705,1768
1706,1638
1706,1639
1706,1752
1707,1640
1707,1708
1707,1766
1707,1769
1708,1641
1708,1707
1708,1709
1708,1770
1709,1642
1709,1708
1709,1770
1709,1771
1710,1642
1710,1643
1710,1711
1710,1772
1711,1644
1711,1645
1711,1710
1711,1773
1712,1645
1712,1646
1712,1773
1713,1646
1713,1647
1713,1774
1714,1647
1714,1648
1714,1774
1714,1775
1715,1648
1715,1717
1715,1776
1715,1777
1716,1649
1716,1718
1716,1778
1716,1779
1717,1650
1717,1715
1717,1718
1717,1780
1718,1651
1718,1716
1718,1717
1718,1781
1719,1653
1719,1721
1719,1782
1720,1654
1720,1721
1720,1731
1720,1783
1721,1654
1721,1719
1721,1720
1721,1784
1722,1655
1722,1730
1722,1785
1722,1786
1723,1655
1723,1656
1723,1786
1723,1787
1724,1656
1724,1657
1724,1787
1724,1788
1725,1657
1725,1726
1725,1788
1725,1789
1726,1658
1726,1725
1726,1790
1726,1791
1727,1658
1727,1659
1727,1728
1727,1791
1728,1660
1728,1727
1728,1735
1728,1792
1729,1661
1729,1738
1729,1793
1729,1794
1730,1661
1730,1662
1730,1722
1730,1794
1731,1663
1731,1720
1731,1795
1731,1796
1732,1663
1732,1733
1732,1796
1732,1797
1733,1664
1733,1732
1733,1798
1733,1799
1734,1664
1734,1737
1734,1799
1734,1800
1735,1665
1735,1728
1735,1801
1735,1802
1736,1665
1736,1666
1736,1802
1737,1666
1737,1734
1737,1802
1737,1803
1738,1667
1738,1729
1738,1743
1738,1804
1739,1668
1739,1672
1739,1805
1740,1668
1740,1669
1740,1805
1740,1806
1741,1669
1741,1670
1741,1806
1741,1807
1742,1670
1742,1671
1742,1807
1742,1808
1743,1671
1743,1738
1743,1808
1743,1809
1744,1672
1744,1673
1744,1745
1745,1674
1745,1678
1745,1744
1746,1675
1746,1676
1746,1747
1747,1677
1747,1678
1747,1746
1748,1679
1748,1680
1748,1749
1749,1681
1749,1682
1749,1748
1750,1683
1750,1684
1750,1751
1751,1685
1751,1686
1751,1750
1752,1692
1752,1706
1752,1810
1753,1692
1753,1693
1753,1810
1753,1811
1754,1693
1754,1694
1754,1811
1754,1812
1755,1694
1755,1695
1755,1812
1755,1813
1756,1695
1756,1758
1756,1813
1756,1814
1757,1696
1757,1697
1757,1760
1757,1815
1758,1697
1758,1756
1758,1815
1758,1816
1759,1698
1759,1761
1759,1817
1759,1818
1760,1698
1760,1757
1760,1818
1760,1819
1761,1699
1761,1759
1761,1762
1761,1820
1762,1700
1762,1701
1762,1761
1762,1821
1763,1701
1763,1821
1763,1822
1763,1823
1764,1701
1764,1702
1764,1823
1764,1824
1765,1702
1765,1703
1765,1768
1765,1824
1766,1704
1766,1707
1766,1825
1766,1826
1767,1704
1767,1705
1767,1826
1767,1827
1768,1705
1768,1765
1768,1828
1768,1829
1769,1707
1769,1770
1769,1825
1769,1830
1770,1708
1770,1709
1770,1769
1770,1831
1771,1709
1771,1772
1771,1831
1772,1710
1772,1771
1772,1773
1773,1711
1773,1712
1773,1772
1774,1713
1774,1714
1774,1832
1775,1714
1775,1777
1775,1832
1775,1833
1776,1715
1776,1780
1776,1834
1776,1835
1777,1715
1777,1775
1777,1833
1777,1834
1778,1716
1778,1781
1778,1836
1778,1837
1779,1716
1779,1836
1779,1838
1780,1717
1780,1776
1780,1781
1780,1839
1781,1718
1781,1778
1781,1780
1781,1840
1782,1719
1782,1784
1782,1841
1783,1720
1783,1784
1783,1795
1783,1842
1784,1721
1784,1782
1784,1783
1784,1843
1785,1722
1785,1794
1785,1844
1785,1845
1786,1722
1786,1723
1786,1846
1786,1847
1787,1723
1787,1724
1787,1847
1787,1848
1788,1724
1788,1725
1788,1848
1788,1849
1789,1725
1789,1790
1789,1849
1789,1850
1790,1726
1790,1789
1790,1851
1790,1852
1791,1726
1791,1727
1791,1792
1791,1852
1792,1728
1792,1791
1792,1801
1792,1853
1793,1729
1793,1804
1793,1854
1793,1855
1794,1729
1794,1730
1794,1785
1794,1855
1795,1731
1795,1783
1795,1856
1795,1857
1796,1731
1796,1732
1796,1857
1796,1858
1797,1732
1797,1798
1797,1858
1797,1859
1798,1733
1798,1797
1798,1860
1798,1861
1799,1733
1799,1734
1799,1861
1799,1862
1800,1734
1800,1803
1800,1862
1800,1863
1801,1735
1801,1792
1801,1864
1801,1865
1802,1735
1802,1736
1802,1737
1802,1866
1803,1737
1803,1800
1803,1866
1803,1867
1804,1738
1804,1793
1804,1809
1804,1868
1805,1739
1805,1740
1805,1869
1806,1740
1806,1741
1806,1869
1806,1870
1807,1741
1807,1742
1807,1808
1807,1870
1808,1742
1808,1743
1808,1807
1808,1871
1809,1743
1809,1804
1809,1871
1809,1872
1810,1752
1810,1753
1810,1873
1811,1753
1811,1754
1811,1873
1811,1874
1812,1754
1812,1755
1812,1813
1812,1874
1813,1755
1813,1756
1813,1812
1813,1875
1814,1756
1814,1816
1814,1875
1814,1876
1815,1757
1815,1758
1815,1819
1815,1877
1816,1758
1816,1814
1816,1877
1816,1878
1817,1759
1817,1820
1817,1879
1817,1880
1818,1759
1818,1760
1818,1880
1818,1881
1819,1760
1819,1815
1819,1881
1819,1882
1820,1761
1820,1817
1820,1821
1820,1883
1821,1762
1821,1763
1821,1820
1821,1884
1822,1763
1822,1884
1822,1885
1822,1886
1823,1763
1823,1764
1823,1886
1823,1887
1824,1764
1824,1765
1824,1828
1824,1887
1825,1766
1825,1769
1825,1888
1825,1889
1826,1766
1826,1767
1826,1889
1826,1890
1827,1767
1827,1829
1827,1890
1827,1891
1828,1768
1828,1824
1828,1892
1828,1893
1829,1768
1829,1827
1829,1892
1829,1894
1830,1769
1830,1888
1830,1895
1830,1896
1831,1770
1831,1771
1831,1895
1832,1774
1832,1775
1832,1897
1833,1775
1833,1777
1833,1897
1833,1898
1834,1776
1834,1777
1834,1898
1834,1899
1835,1776
1835,1839
1835,1899
1835,1900
1836,1778
1836,1779
1836,1901
1836,1902
1837,1778
1837,1840
1837,1902
1837,1903
1838,1779
1838,1901
1838,1904
1839,1780
1839,1835
1839,1905
1840,1781
1840,1837
1840,1905
1841,1782
1841,1843
1841,1904
1842,1783
1842,1843
1842,1906
1842,1907
1843,1784
1843,1841
1843,1842
1843,1908
1844,1785
1844,1855
1844,1909
1844,1910
1845,1785
1845,1846
1845,1910
1845,1911
1846,1786
1846,1845
1846,1912
1846,1913
1847,1786
1847,1787
1847,1913
1847,1914
1848,1787
1848,1788
1848,1914
1848,1915
1849,1788
1849,1789
1849,1915
1849,1916
1850,1789
1850,1851
1850,1916
1850,1917
1851,1790
1851,1850
1851,1918
1851,1919
1852,1790
1852,1791
1852,1853
1852,1919
1853,1792
1853,1852
1853,1920
1853,1921
1854,1793
1854,1868
1854,1922
1855,1793
1855,1794
1855,1844
1855,1922
1856,1795
1856,1906
1856,1923
1856,1924
1857,1795
1857,1796
1857,1924
1857,1925
1858,1796
1858,1797
1858,1925
1858,1926
1859,1797
1859,1860
1859,1927
1859,1928
1860,1798
1860,1859
1860,1929
1860,1930
1861,1798
1861,1799
1861,1930
1861,1931
1862,1799
1862,1800
1862,1931
1862,1932
1863,1800
1863,1867
1863,1932
1863,1933
1864,1801
1864,1921
1864,1934
1864,1935
1865,1801
1865,1866
1865,1935
1865,1936
1866,1802
1866,1803
1866,1865
1866,1937
1867,1803
1867,1863
1867,1937
1867,1938
1868,1804
1868,1854
1868,1872
1869,1805
1869,1806
1869,1939
1870,1806
1870,1807
1870,1871
1870,1939
1871,1808
1871,1809
1871,1870
1871,1940
1872,1809
1872,1868
1872,1940
1873,1810
1873,1811
1873,1941
1874,1811
1874,1812
1874,1875
1874,1941
1875,1813
1875,1814
1875,1874
1875,1942
1876,1814
1876,1878
1876,1942
1877,1815
1877,1816
1877,1882
1877,1943
1878,1816
1878,1876
1878,1943
1879,1817
1879,1883
1879,1944
1879,1945
1880,1817
1880,1818
1880,1945
1880,1946
1881,1818
1881,1819
1881,1946
1881,1947
1882,1819
1882,1877
1882,1947
1882,1948
1883,1820
1883,1879
1883,1884
1883,1949
1884,1821
1884,1822
1884,1883
1884,1950
1885,1822
1885,1950
1885,1951
1885,1952
1886,1822
1886,1823
1886,1952
1886,1953
1887,1823
1887,1824
1887,1953
1887,1954
1888,1825
1888,1830
1888,1955
1888,1956
1889,1825
1889,1826
1889,1956
1889,1957
1890,1826
1890,1827
1890,1957
1890,1958
1891,1827
1891,1894
1891,1958
1891,1959
1892,1828
1892,1829
1892,1960
1892,1961
1893,1828
1893,1954
1893,1960
1893,1962
1894,1829
1894,1891
1894,1961
1894,1963
1895,1830
1895,1831
1895,1964
1896,1830
1896,1955
1896,1964
1896,1965
1897,1832
1897,1833
1897,1966
1898,1833
1898,1834
1898,1966
1898,1967
1899,1834
1899,1835
1899,1967
1899,1968
1900,1835
1900,1905
1900,1968
1900,1969
1901,1836
1901,1838
1901,1908
1901,1970
1902,1836
1902,1837
1902,1970
1902,1971
1903,1837
1903,1905
1903,1971
1903,1972
1904,1838
1904,1841
1904,1908
1905,1839
1905,1840
1905,1900
1905,1903
1906,1842
1906,1856
1906,1923
1906,1973
1907,1842
1907,1908
1907,1970
1907,1973
1908,1843
1908,1901
1908,1904
1908,1907
1909,1844
1909,1922
1909,1974
1910,1844
1910,1845
1910,1911
1910,1974
1911,1845
1911,1910
1911,1912
1911,1975
1912,1846
1912,1911
1912,1976
1912,1977
1913,1846
1913,1847
1913,1977
1913,1978
1914,1847
1914,1848
1914,1915
1914,1978
1915,1848
1915,1849
1915,1914
1915,1979
1916,1849
1916,1850
1916,1979
1916,1980
1917,1850
1917,1918
1917,1980
1917,1981
1918,1851
1918,1917
1918,1982
1918,1983
1919,1851
1919,1852
1919,1920
1919,1983
1920,1853
1920,1919
1920,1984
1920,1985
1921,1853
1921,1864
1921,1985
1921,1986
1922,1854
1922,1855
1922,1909
1923,1856
1923,1906
1923,1987
1923,1988
1924,1856
1924,1857
1924,1987
1924,1989
1925,1857
1925,1858
1925,1989
1925,1990
1926,1858
1926,1928
1926,1990
1926,1991
1927,1859
1927,1929
1927,1992
1927,1993
1928,1859
1928,1926
1928,1993
1928,1994
1929,1860
1929,1927
1929,1995
1929,1996
1930,1860
1930,1861
1930,1996
1930,1997
1931,1861
1931,1862
1931,1997
1931,1998
1932,1862
1932,1863
1932,1998
1932,1999
1933,1863
1933,1938
1933,1999
1933,2000
1934,1864
1934,1986
1934,2001
1934,2002
1935,1864
1935,1865
1935,1936
1935,2002
1936,1865
1936,1935
1936,1937
1936,2003
1937,1866
1937,1867
1937,1936
1937,2004
1938,1867
1938,1933
1938,2005
1938,2006
1939,1869
1939,1870
1939,1940
1940,1871
1940,1872
1940,1939
1941,1873
1941,1874
1941,1942
1942,1875
1942,1876
1942,1941
1943,1877
1943,1878
1943,1948
1944,1879
1944,1949
1944,2007
1944,2008
1945,1879
1945,1880
1945,1946
1945,2008
1946,1880
1946,1881
1946,1945
1946,2009
1947,1881
1947,1882
1947,2009
1947,2010
1948,1882
1948,1943
1948,2010
1949,1883
1949,1944
1949,1950
1949,2011
1950,1884
1950,1885
1950,1949
1950,2012
1951,1885
1951,2012
1951,2013
1952,1885
1952,1886
1952,2013
1952,2014
1953,1886
1953,1887
1953,2014
1953,2015
1954,1887
1954,1893
1954,1962
1954,2015
1955,1888
1955,1896
1955,2016
1955,2017
1956,1888
1956,1889
1956,2017
1956,2018
1957,1889
1957,1890
1957,2018
1957,2019
1958,1890
1958,1891
1958,2020
1958,2021
1959,1891
1959,1963
1959,2020
1959,2022
1960,1892
1960,1893
1960,2023
1960,2024
1961,1892
1961,1894
1961,2024
1961,2025
1962,1893
1962,1954
1962,2023
1962,2026
1963,1894
1963,1959
1963,2025
1963,2027
1964,1895
1964,1896
1964,2028
1965,1896
1965,2016
1965,2028
1965,2029
1966,1897
1966,1898
1966,2030
1967,1898
1967,1899
1967,2030
1967,2031
1968,1899
1968,1900
1968,2031
1968,2032
1969,1900
1969,1972
1969,2032
1969,2033
1970,1901
1970,1902
1970,1907
1970,2034
1971,1902
1971,1903
1971,2034
1971,2035
1972,1903
1972,1969
1972,2035
1972,2036
1973,1906
1973,1907
1973,1988
1973,2034
1974,1909
1974,1910
1974,1975
1975,1911
1975,1974
1975,1976
1976,1912
1976,1975
1976,2037
1977,1912
1977,1913
1977,2037
1977,2038
1978,1913
1978,1914
1978,1979
1978,2038
1979,1915
1979,1916
1979,1978
1979,2039
1980,1916
1980,1917
1980,2039
1980,2040
1981,1917
1981,1982
1981,2040
1982,1918
1982,1981
1982,2041
1983,1918
1983,1919
1983,1984
1983,2041
1984,1920
1984,1983
1984,2042
1984,2043
1985,1920
1985,1921
1985,2043
1985,2044
1986,1921
1986,1934
1986,2044
1986,2045
1987,1923
1987,1924
1987,2046
1987,2047
1988,1923
1988,1973
1988,2047
1988,2048
1989,1924
1989,1925
1989,2046
1989,2049
1990,1925
1990,1926
1990,2050
1990,2051
1991,1926
1991,1994
1991,2050
1991,2052
1992,1927
1992,1995
1992,2053
1992,2054
1993,1927
1993,1928
1993,1994
1993,2054
1994,1928
1994,1991
1994,1993
1994,2055
1995,1929
1995,1992
1995,2056
1995,2057
1996,1929
1996,1930
1996,2057
1996,2058
1997,1930
1997,1931
1997,2058
1997,2059
1998,1931
1998,1932
1998,2059
1998,2060
1999,1932
1999,1933
1999,2060
1999,2061
2000,1933
2000,2005
2000,2061
2000,2062
2001,1934
2001,2045
2001,2063
2001,2064
2002,1934
2002,1935
2002,2003
2002,2064
2003,1936
2003,2002
2003,2004
2003,2065
2004,1937
2004,2003
2004,2006
2004,2066
2005,1938
2005,2000
2005,2067
2005,2068
2006,1938
2006,2004
2006,2068
2006,2069
2007,1944
2007,2011
2007,2070
2008,1944
2008,1945
2008,2009
2008,2070
2009,1946
2009,1947
2009,2008
2009,2071
2010,1947
2010,1948
2010,2071
2011,1949
2011,2007
2011,2012
2012,1950
2012,1951
2012,2011
2013,1951
2013,1952
2013,2072
2014,1952
2014,1953
2014,2072
2014,2073
2015,1953
2015,1954
2015,2026
2015,2073
2016,1955
2016,1965
2016,2074
2016,2075
2017,1955
2017,1956
2017,2075
2017,2076
2018,1956
2018,1957
2018,2077
2019,1957
2019,2021
2019,2078
2019,2079
2020,1958
2020,1959
2020,2080
2020,2081
2021,1958
2021,2019
2021,2081
2021,2082
2022,1959
2022,2080
2022,2083
2022,2084
2023,1960
2023,1962
2023,2085
2023,2086
2024,1960
2024,1961
2024,2025
2024,2086
2025,1961
2025,1963
2025,2024
2025,2087
2026,1962
2026,2015
2026,2085
2026,2088
2027,1963
2027,2084
2027,2087
2027,2089
2028,1964
2028,1965
2028,2090
2029,1965
2029,2074
2029,2090
2029,2091
2030,1966
2030,1967
2030,2092
2030,2093
2031,1967
2031,1968
2031,2093
2031,2094
2032,1968
2032,1969
2032,2094
2032,2095
2033,1969
2033,2036
2033,2095
2033,2096
2034,1970
2034,1971
2034,1973
2034,2048
2035,1971
2035,1972
2035,2048
2035,2097
2036,1972
2036,2033
2036,2097
2036,2098
2037,1976
2037,1977
2037,2099
2038,1977
2038,1978
2038,2039
2038,2099
2039,1979
2039,1980
2039,2038
2039,2100
2040,1980
2040,1981
2040,2100
2041,1982
2041,1983
2041,2042
2042,1984
2042,2041
2042,2101
2043,1984
2043,1985
2043,2101
2043,2102
2044,1985
2044,1986
2044,2102
2044,2103
2045,1986
2045,2001
2045,2103
2045,2104
2046,1987
2046,1989
2046,2105
2046,2106
2047,1987
2047,1988
2047,2107
2047,2108
2048,1988
2048,2034
2048,2035
2048,2107
2049,1989
2049,2051
2049,2109
2049,2110
2050,1990
2050,1991
2050,2111
2050,2112
2051,1990
2051,2049
2051,2112
2051,2113
2052,1991
2052,2055
2052,2114
2052,2115
2053,1992
2053,2056
2053,2116
2053,2117
2054,1992
2054,1993
2054,2055
2054,2117
2055,1994
2055,2052
2055,2054
2055,2118
2056,1995
2056,2053
2056,2119
2056,2120
2057,1995
2057,1996
2057,2120
2057,2121
2058,1996
2058,1997
2058,2121
2058,2122
2059,1997
2059,1998
2059,2122
2059,2123
2060,1998
2060,1999
2060,2123
2060,2124
2061,1999
2061,2000
2061,2124
2061,2125
2062,2000
2062,2067
2062,2125
2063,2001
2063,2104
2063,2126
2064,2001
2064,2002
2064,2065
2064,2126
2065,2003
2065,2064
2065,2066
2065,2127
2066,2004
2066,2065
2066,2069
2066,2128
2067,2005
2067,2062
2067,2129
2068,2005
2068,2006
2068,2069
2068,2129
2069,2006
2069,2066
2069,2068
2069,2130
2070,2007
2070,2008
2070,2071
2071,2009
2071,2010
2071,2070
2072,2013
2072,2014
2072,2131
2073,2014
2073,2015
2073,2088
2073,2131
2074,2016
2074,2029
2074,2132
2074,2133
2075,2016
2075,2017
2075,2133
2075,2134
2076,2017
2076,2077
2076,2134
2076,2135
2077,2018
2077,2076
2077,2079
2077,2136
2078,2019
2078,2082
2078,2137
2078,2138
2079,2019
2079,2077
2079,2136
2079,2138
2080,2020
2080,2022
2080,2139
2080,2140
2081,2020
2081,2021
2081,2082
2081,2140
2082,2021
2082,2078
2082,2081
2082,2141
2083,2022
2083,2139
2083,2142
2083,2143
2084,2022
2084,2027
2084,2143
2084,2144
2085,2023
2085,2026
2085,2145
2085,2146
2086,2023
2086,2024
2086,2087
2086,2146
2087,2025
2087,2027
2087,2086
2087,2147
2088,2026
2088,2073
2088,2145
2088,2148
2089,2027
2089,2144
2089,2147
2089,2149
2090,2028
2090,2029
2090,2150
2090,2151
2091,2029
2091,2151
2091,2152
2091,2153
2092,2030
2092,2154
2092,2155
2093,2030
2093,2031
2093,2155
2093,2156
2094,2031
2094,2032
2094,2156
2094,2157
2095,2032
2095,2033
2095,2157
2095,2158
2096,2033
2096,2098
2096,2159
2096,2160
2097,2035
2097,2036
2097,2107
2097,2161
2098,2036
2098,2096
2098,2161
2098,2162
2099,2037
2099,2038
2099,2100
2100,2039
2100,2040
2100,2099
2101,2042
2101,2043
2101,2163
2102,2043
2102,2044
2102,2103
2102,2163
2103,2044
2103,2045
2103,2102
2103,2164
2104,2045
2104,2063
2104,2164
2105,2046
2105,2108
2105,2165
2105,2166
2106,2046
2106,2110
2106,2165
2107,2047
2107,2048
2107,2097
2107,2167
2108,2047
2108,2105
2108,2167
2108,2168
2109,2049
2109,2113
2109,2169
2109,2170
2110,2049
2110,2106
2110,2170
2110,2171
2111,2050
2111,2115
2111,2172
2111,2173
2112,2050
2112,2051
2112,2173
2112,2174
2113,2051
2113,2109
2113,2174
2113,2175
2114,2052
2114,2118
2114,2176
2114,2177
2115,2052
2115,2111
2115,2177
2115,2178
2116,2053
2116,2119
2116,2179
2117,2053
2117,2054
2117,2118
2117,2179
2118,2055
2118,2114
2118,2117
2118,2180
2119,2056
2119,2116
2119,2181
2120,2056
2120,2057
2120,2181
2120,2182
2121,2057
2121,2058
2121,2182
2121,2183
2122,2058
2122,2059
2122,2183
2122,2184
2123,2059
2123,2060
2123,2184
2123,2185
2124,2060
2124,2061
2124,2185
2124,2186
2125,2061
2125,2062
2125,2186
2126,2063
2126,2064
2126,2127
2127,2065
2127,2126
2127,2128
2128,2066
2128,2127
2128,2130
2129,2067
2129,2068
2129,2130
2130,2069
2130,2128
2130,2129
2131,2072
2131,2073
2131,2148
2132,2074
2132,2152
2132,2187
2132,2188
2133,2074
2133,2075
2133,2188
2133,2189
2134,2075
2134,2076
2134,2189
2134,2190
2135,2076
2135,2136
2135,2190
2135,2191
2136,2077
2136,2079
2136,2135
2136,2192
2137,2078
2137,2141
2137,2193
2137,2194
2138,2078
2138,2079
2138,2192
2138,2194
2139,2080
2139,2083
2139,2195
2139,2196
2140,2080
2140,2081
2140,2141
2140,2196
2141,2082
2141,2137
2141,2140
2141,2197
2142,2083
2142,2195
2142,2198
2143,2083
2143,2084
2143,2198
2143,2199
2144,2084
2144,2089
2144,2199
2144,2200
2145,2085
2145,2088
2145,2201
2145,2202
2146,2085
2146,2086
2146,2147
2146,2202
2147,2087
2147,2089
2147,2146
2147,2203
2148,2088
2148,2131
2148,2201
2149,2089
2149,2200
2149,2203
2149,2204
2150,2090
2150,2205
2150,2206
2151,2090
2151,2091
2151,2206
2151,2207
2152,2091
2152,2132
2152,2208
2152,2209
2153,2091
2153,2207
2153,2208
2153,2210
2154,2092
2154,2211
2154,2212
2155,2092
2155,2093
2155,2156
2155,2212
2156,2093
2156,2094
2156,2155
2156,2213
2157,2094
2157,2095
2157,2213
2157,2214
2158,2095
2158,2159
2158,2214
2158,2215
2159,2096
2159,2158
2159,2216
2159,2217
2160,2096
2160,2217
2160,2218
2160,2219
2161,2097
2161,2098
2161,2220
2161,2221
2162,2098
2162,2218
2162,2221
2162,2222
2163,2101
2163,2102
2163,2164
2164,2103
2164,2104
2164,2163
2165,2105
2165,2106
2165,2171
2165,2223
2166,2105
2166,2168
2166,2223
2166,2224
2167,2107
2167,2108
2167,2220
2167,2225
2168,2108
2168,2166
2168,2225
2168,2226
2169,2109
2169,2175
2169,2227
2169,2228
2170,2109
2170,2110
2170,2228
2170,2229
2171,2110
2171,2165
2171,2229
2171,2230
2172,2111
2172,2178
2172,2231
2172,2232
2173,2111
2173,2112
2173,2232
2173,2233
2174,2112
2174,2113
2174,2233
2174,2234
2175,2113
2175,2169
2175,2234
2175,2235
2176,2114
2176,2180
2176,2236
2177,2114
2177,2115
2177,2178
2177,2236
2178,2115
2178,2172
2178,2177
2178,2237
2179,2116
2179,2117
2179,2180
2180,2118
2180,2176
2180,2179
2181,2119
2181,2120
2181,2238
2182,2120
2182,2121
2182,2238
2182,2239
2183,2121
2183,2122
2183,2184
2183,2239
2184,2122
2184,2123
2184,2183
2184,2240
2185,2123
2185,2124
2185,2240
2185,2241
2186,2124
2186,2125
2186,2241
2187,2132
2187,2209
2187,2242
2187,2243
2188,2132
2188,2133
2188,2243
2188,2244
2189,2133
2189,2134
2189,2244
2189,2245
2190,2134
2190,2135
2190,2245
2190,2246
2191,2135
2191,2192
2191,2246
2191,2247
2192,2136
2192,2138
2192,2191
2192,2248
2193,2137
2193,2197
2193,2249
2193,2250
2194,2137
2194,2138
2194,2248
2194,2250
2195,2139
2195,2142
2195,2251
2196,2139
2196,2140
2196,2197
2196,2251
2197,2141
2197,2193
2197,2196
2197,2252
2198,2142
2198,2143
2198,2253
2199,2143
2199,2144
2199,2200
2199,2253
2200,2144
2200,2149
2200,2199
2200,2254
2201,2145
2201,2148
2201,2255
2202,2145
2202,2146
2202,2203
2202,2255
2203,2147
2203,2149
2203,2202
2203,2256
2204,2149
2204,2254
2204,2256
2205,2150
2205,2257
2205,2258
2206,2150
2206,2151
2206,2207
2206,2258
2207,2151
2207,2153
2207,2206
2207,2259
2208,2152
2208,2153
2208,2260
2208,2261
2209,2152
2209,2187
2209,2260
2209,2262
2210,2153
2210,2261
2210,2263
2210,2264
2211,2154
2211,2265
2211,2266
2212,2154
2212,2155
2212,2265
2212,2267
2213,2156
2213,2157
2213,2267
2213,2268
2214,2157
2214,2158
2214,2268
2214,2269
2215,2158
2215,2216
2215,2269
2215,2270
2216,2159
2216,2215
2216,2271
2216,2272
2217,2159
2217,2160
2217,2219
2217,2272
2218,2160
2218,2162
2218,2273
2218,2274
2219,2160
2219,2217
2219,2274
2219,2275
2220,2161
2220,2167
2220,2276
2220,2277
2221,2161
2221,2162
2221,2277
2221,2278
2222,2162
2222,2278
2222,2279
2222,2280
2223,2165
2223,2166
2223,2230
2223,2281
2224,2166
2224,2226
2224,2281
2224,2282
2225,2167
2225,2168
2225,2283
2225,2284
2226,2168
2226,2224
2226,2283
2226,2285
2227,2169
2227,2235
2227,2286
2227,2287
2228,2169
2228,2170
2228,2287
2228,2288
2229,2170
2229,2171
2229,2288
2229,2289
2230,2171
2230,2223
2230,2289
2230,2290
2231,2172
2231,2237
2231,2291
2232,2172
2232,2173
2232,2291
2232,2292
2233,2173
2233,2174
2233,2234
2233,2292
2234,2174
2234,2175
2234,2233
2234,2293
2235,2175
2235,2227
2235,2293
2235,2294
2236,2176
2236,2177
2236,2237
2237,2178
2237,2231
2237,2236
2238,2181
2238,2182
2238,2295
2239,2182
2239,2183
2239,2240
2239,2295
2240,2184
2240,2185
2240,2239
2240,2296
2241,2185
2241,2186
2241,2296
2242,2187
2242,2297
2242,2298
2242,2299
2243,2187
2243,2188
2243,2298
2243,2300
2244,2188
2244,2189
2244,2300
2244,2301
2245,2189
2245,2190
2245,2302
2245,2303
2246,2190
2246,2191
2246,2302
2246,2304
2247,2191
2247,2248
2247,2304
2247,2305
2248,2192
2248,2194
2248,2247
2248,2306
2249,2193
2249,2252
2249,2307
2250,2193
2250,2194
2250,2306
2250,2307
2251,2195
2251,2196
2251,2252
2252,2197
2252,2249
2252,2251
2253,2198
2253,2199
2253,2254
2254,2200
2254,2204
2254,2253
2255,2201
2255,2202
2255,2256
2256,2203
2256,2204
2256,2255
2257,2205
2257,2266
2257,2308
2258,2205
2258,2206
2258,2259
2258,2308
2259,2207
2259,2258
2259,2264
2259,2309
2260,2208
2260,2209
2260,2310
2260,2311
2261,2208
2261,2210
2261,2310
2261,2312
2262,2209
2262,2299
2262,2311
2262,2313
2263,2210
2263,2312
2263,2314
2263,2315
2264,2210
2264,2259
2264,2314
2264,2316
2265,2211
2265,2212
2265,2317
2265,2318
2266,2211
2266,2257
2266,2318
2267,2212
2267,2213
2267,2317
2267,2319
2268,2213
2268,2214
2268,2319
2268,2320
2269,2214
2269,2215
2269,2320
2269,2321
2270,2215
2270,2271
2270,2321
2270,2322
2271,2216
2271,2270
2271,2323
2271,2324
2272,2216
2272,2217
2272,2275
2272,2324
2273,2218
2273,2279
2273,2325
2273,2326
2274,2218
2274,2219
2274,2325
2275,2219
2275,2272
2275,2325
2275,2327
2276,2220
2276,2284
2276,2328
2276,2329
2277,2220
2277,2221
2277,2329
2278,2221
2278,2222
2278,2329
2278,2330
2279,2222
2279,2273
2279,2331
2279,2332
2280,2222
2280,2330
2280,2331
2280,2333
2281,2223
2281,2224
2281,2290
2281,2334
2282,2224
2282,2285
2282,2334
2282,2335
2283,2225
2283,2226
2283,2336
2283,2337
2284,2225
2284,2276
2284,2337
2284,2338
2285,2226
2285,2282
2285,2336
2285,2339
2286,2227
2286,2294
2286,2340
2287,2227
2287,2228
2287,2340
2287,2341
2288,2228
2288,2229
2288,2341
2288,2342
2289,2229
2289,2230
2289,2342
2289,2343
2290,2230
2290,2281
2290,2344
2290,2345
2291,2231
2291,2232
2291,2346
2292,2232
2292,2233
2292,2293
2292,2346
2293,2234
2293,2235
2293,2292
2293,2347
2294,2235
2294,2286
2294,2347
2295,2238
2295,2239
2295,2296
2296,2240
2296,2241
2296,2295
2297,2242
2297,2348
2297,2349
2297,2350
2298,2242
2298,2243
2298,2350
2298,2351
2299,2242
2299,2262
2299,2349
2299,2352
2300,2243
2300,2244
2300,2351
2301,2244
2301,2303
2301,2351
2301,2353
2302,2245
2302,2246
2302,2354
2302,2355
2303,2245
2303,2301
2303,2356
2304,2246
2304,2247
2304,2354
2304,2357
2305,2247
2305,2306
2305,2357
2305,2358
2306,2248
2306,2250
2306,2305
2306,2359
2307,2249
2307,2250
2307,2359
2308,2257
2308,2258
2308,2309
2308,2360
2309,2259
2309,2308
2309,2316
2309,2361
2310,2260
2310,2261
2310,2362
2310,2363
2311,2260
2311,2262
2311,2362
2311,2364
2312,2261
2312,2263
2312,2363
2312,2365
2313,2262
2313,2352
2313,2364
2313,2366
2314,2263
2314,2264
2314,2367
2314,2368
2315,2263
2315,2365
2315,2368
2315,2369
2316,2264
2316,2309
2316,2367
2316,2370
2317,2265
2317,2267
2317,2371
2317,2372
2318,2265
2318,2266
2318,2360
2318,2371
2319,2267
2319,2268
2319,2373
2319,2374
2320,2268
2320,2269
2320,2373
2320,2375
2321,2269
2321,2270
2321,2375
2321,2376
2322,2270
2322,2323
2322,2376
2322,2377
2323,2271
2323,2322
2323,2378
2323,2379
2324,2271
2324,2272
2324,2327
2324,2379
2325,2273
2325,2274
2325,2275
2325,2380
2326,2273
2326,2332
2326,2380
2326,2381
2327,2275
2327,2324
2327,2380
2327,2382
2328,2276
2328,2338
2328,2383
2328,2384
2329,2276
2329,2277
2329,2278
2329,2384
2330,2278
2330,2280
2330,2384
2330,2385
2331,2279
2331,2280
2331,2386
2331,2387
2332,2279
2332,2326
2332,2387
2332,2388
2333,2280
2333,2385
2333,2389
2333,2390
2334,2281
2334,2282
2334,2345
2334,2391
2335,2282
2335,2339
2335,2391
2335,2392
2336,2283
2336,2285
2336,2393
2336,2394
2337,2283
2337,2284
2337,2394
2337,2395
2338,2284
2338,2328
2338,2395
2338,2396
2339,2285
2339,2335
2339,2393
2339,2397
2340,2286
2340,2287
2340,2398
2341,2287
2341,2288
2341,2398
2341,2399
2342,2288
2342,2289
2342,2399
2342,2400
2343,2289
2343,2344
2343,2400
2343,2401
2344,2290
2344,2343
2344,2402
2344,2403
2345,2290
2345,2334
2345,2403
2345,2404
2346,2291
2346,2292
2346,2347
2347,2293
2347,2294
2347,2346
2348,2297
2348,2405
2348,2406
2348,2407
2349,2297
2349,2299
2349,2406
2349,2408
2350,2297
2350,2298
2350,2407
2350,2409
2351,2298
2351,2300
2351,2301
2351,2409
2352,2299
2352,2313
2352,2408
2352,2410
2353,2301
2353,2356
2353,2409
2353,2411
2354,2302
2354,2304
2354,2412
2354,2413
2355,2302
2355,2356
2355,2413
2355,2414
2356,2303
2356,2353
2356,2355
2356,2415
2357,2304
2357,2305
2357,2412
2357,2416
2358,2305
2358,2359
2358,2416
2359,2306
2359,2307
2359,2358
2360,2308
2360,2318
2360,2361
2360,2371
2361,2309
2361,2360
2361,2370
2361,2417
2362,2310
2362,2311
2362,2418
2362,2419
2363,2310
2363,2312
2363,2419
2363,2420
2364,2311
2364,2313
2364,2418
2364,2421
2365,2312
2365,2315
2365,2420
2365,2422
2366,2313
2366,2410
2366,2421
2366,2423
2367,2314
2367,2316
2367,2424
2367,2425
2368,2314
2368,2315
2368,2424
2368,2426
2369,2315
2369,2422
2369,2426
2369,2427
2370,2316
2370,2361
2370,2425
2370,2428
2371,2317
2371,2318
2371,2360
2371,2417
2372,2317
2372,2374
2372,2417
2372,2429
2373,2319
2373,2320
2373,2430
2373,2431
2374,2319
2374,2372
2374,2431
2374,2432
2375,2320
2375,2321
2375,2430
2375,2433
2376,2321
2376,2322
2376,2433
2376,2434
2377,2322
2377,2378
2377,2434
2377,2435
2378,2323
2378,2377
2378,2436
2378,2437
2379,2323
2379,2324
2379,2382
2379,2437
2380,2325
2380,2326
2380,2327
2380,2438
2381,2326
2381,2388
2381,2438
2381,2439
2382,2327
2382,2379
2382,2438
2382,2440
2383,2328
2383,2396
2383,2441
2383,2442
2384,2328
2384,2329
2384,2330
2384,2442
2385,2330
2385,2333
2385,2442
2385,2443
2386,2331
2386,2390
2386,2444
2386,2445
2387,2331
2387,2332
2387,2388
2387,2445
2388,2332
2388,2381
2388,2387
2388,2446
2389,2333
2389,2443
2389,2447
2389,2448
2390,2333
2390,2386
2390,2449
2390,2450
2391,2334
2391,2335
2391,2404
2391,2451
2392,2335
2392,2397
2392,2451
2392,2452
2393,2336
2393,2339
2393,2453
2393,2454
2394,2336
2394,2337
2394,2454
2394,2455
2395,2337
2395,2338
2395,2455
2395,2456
2396,2338
2396,2383
2396,2456
2396,2457
2397,2339
2397,2392
2397,2453
2397,2458
2398,2340
2398,2341
2398,2459
2399,2341
2399,2342
2399,2459
2399,2460
2400,2342
2400,2343
2400,2460
2400,2461
2401,2343
2401,2402
2401,2461
2401,2462
2402,2344
2402,2401
2402,2463
2402,2464
2403,2344
2403,2345
2403,2404
2403,2464
2404,2345
2404,2391
2404,2403
2404,2465
2405,2348
2405,2466
2405,2467
2406,2348
2406,2349
2406,2467
2406,2468
2407,2348
2407,2350
2407,2466
2407,2469
2408,2349
2408,2352
2408,2468
2408,2470
2409,2350
2409,2351
2409,2353
2409,2469
2410,2352
2410,2366
2410,2470
2410,2471
2411,2353
2411,2415
2411,2469
2411,2472
2412,2354
2412,2357
2412,2473
2412,2474
2413,2354
2413,2355
2413,2474
2413,2475
2414,2355
2414,2415
2414,2475
2414,2476
2415,2356
2415,2411
2415,2414
2415,2477
2416,2357
2416,2358
2416,2473
2417,2361
2417,2371
2417,2372
2417,2478
2418,2362
2418,2364
2418,2479
2418,2480
2419,2362
2419,2363
2419,2480
2419,2481
2420,2363
2420,2365
2420,2481
2420,2482
2421,2364
2421,2366
2421,2479
2421,2483
2422,2365
2422,2369
2422,2482
2422,2484
2423,2366
2423,2471
2423,2483
2424,2367
2424,2368
2424,2485
2424,2486
2425,2367
2425,2370
2425,2486
2425,2487
2426,2368
2426,2369
2426,2485
2426,2488
2427,2369
2427,2484
2427,2489
2427,2490
2428,2370
2428,2478
2428,2487
2428,2491
2429,2372
2429,2432
2429,2478
2429,2492
2430,2373
2430,2375
2430,2493
2430,2494
2431,2373
2431,2374
2431,2495
2431,2496
2432,2374
2432,2429
2432,2495
2432,2497
2433,2375
2433,2376
2433,2493
2433,2498
2434,2376
2434,2377
2434,2498
2434,2499
2435,2377
2435,2436
2435,2499
2435,2500
2436,2378
2436,2435
2436,2501
2436,2502
2437,2378
2437,2379
2437,2503
2437,2504
2438,2380
2438,2381
2438,2382
2438,2505
2439,2381
2439,2446
2439,2505
2439,2506
2440,2382
2440,2504
2440,2505
2440,2507
2441,2383
2441,2457
2441,2508
2441,2509
2442,2383
2442,2384
2442,2385
2442,2509
2443,2385
2443,2389
2443,2509
2443,2510
2444,2386
2444,2450
2444,2511
2444,2512
2445,2386
2445,2387
2445,2446
2445,2512
2446,2388
2446,2439
2446,2445
2446,2513
2447,2389
2447,2448
2447,2510
2447,2514
2448,2389
2448,2447
2448,2449
2448,2515
2449,2390
2449,2448
2449,2516
2449,2517
2450,2390
2450,2444
2450,2517
2450,2518
2451,2391
2451,2392
2451,2465
2451,2519
2452,2392
2452,2458
2452,2519
2453,2393
2453,2397
2453,2520
2453,2521
2454,2393
2454,2394
2454,2521
2454,2522
2455,2394
2455,2395
2455,2456
2455,2523
2456,2395
2456,2396
2456,2455
2456,2524
2457,2396
2457,2441
2457,2524
2457,2525
2458,2397
2458,2452
2458,2520
2459,2398
2459,2399
2459,2526
2460,2399
2460,2400
2460,2461
2460,2526
2461,2400
2461,2401
2461,2460
2461,2527
2462,2401
2462,2463
2462,2527
2463,2402
2463,2462
2463,2528
2464,2402
2464,2403
2464,2465
2464,2528
2465,2404
2465,2451
2465,2464
2465,2529
2466,2405
2466,2407
2466,2530
2467,2405
2467,2406
2467,2531
2468,2406
2468,2408
2468,2470
2468,2531
2469,2407
2469,2409
2469,2411
2469,2530
2470,2408
2470,2410
2470,2468
2470,2532
2471,2410
2471,2423
2471,2532
2472,2411
2472,2477
2472,2530
2473,2412
2473,2416
2473,2533
2474,2412
2474,2413
2474,2475
2474,2533
2475,2413
2475,2414
2475,2474
2475,2534
2476,2414
2476,2477
2476,2534
2477,2415
2477,2472
2477,2476
2478,2417
2478,2428
2478,2429
2478,2535
2479,2418
2479,2421
2479,2536
2479,2537
2480,2418
2480,2419
2480,2537
2480,2538
2481,2419
2481,2420
2481,2538
2481,2539
2482,2420
2482,2422
2482,2539
2482,2540
2483,2421
2483,2423
2483,2536
2484,2422
2484,2427
2484,2540
2484,2541
2485,2424
2485,2426
2485,2542
2485,2543
2486,2424
2486,2425
2486,2543
2486,2544
2487,2425
2487,2428
2487,2544
2487,2545
2488,2426
2488,2490
2488,2542
2488,2546
2489,2427
2489,2541
2489,2547
2489,2548
2490,2427
2490,2488
2490,2548
2490,2549
2491,2428
2491,2535
2491,2550
2491,2551
2492,2429
2492,2497
2492,2535
2492,2550
2493,2430
2493,2433
2493,2552
2493,2553
2494,2430
2494,2496
2494,2553
2494,2554
2495,2431
2495,2432
2495,2554
2495,2555
2496,2431
2496,2494
2496,2554
2497,2432
2497,2492
2497,2556
2497,2557
2498,2433
2498,2434
2498,2558
2498,2559
2499,2434
2499,2435
2499,2559
2499,2560
2500,2435
2500,2501
2500,2560
2500,2561
2501,2436
2501,2500
2501,2562
2501,2563
2502,2436
2502,2503
2502,2563
2502,2564
2503,2437
2503,2502
2503,2565
2503,2566
2504,2437
2504,2440
2504,2566
2504,2567
2505,2438
2505,2439
2505,2440
2505,2568
2506,2439
2506,2513
2506,2568
2506,2569
2507,2440
2507,2567
2507,2568
2507,2570
2508,2441
2508,2525
2508,2571
2508,2572
2509,2441
2509,2442
2509,2443
2509,2572
2510,2443
2510,2447
2510,2572
2510,2573
2511,2444
2511,2518
2511,2574
2511,2575
2512,2444
2512,2445
2512,2513
2512,2575
2513,2446
2513,2506
2513,2512
2513,2576
2514,2447
2514,2515
2514,2573
2515,2448
2515,2514
2515,2516
2516,2449
2516,2515
2516,2577
2517,2449
2517,2450
2517,2518
2517,2577
2518,2450
2518,2511
2518,2517
2518,2578
2519,2451
2519,2452
2519,2529
2520,2453
2520,2458
2520,2579
2521,2453
2521,2454
2521,2579
2521,2580
2522,2454
2522,2523
2522,2580
2522,2581
2523,2455
2523,2522
2523,2524
2523,2582
2524,2456
2524,2457
2524,2523
2524,2583
2525,2457
2525,2508
2525,2583
2525,2584
2526,2459
2526,2460
2526,2527
2527,2461
2527,2462
2527,2526
2528,2463
2528,2464
2528,2529
2529,2465
2529,2519
2529,2528
2530,2466
2530,2469
2530,2472
2531,2467
2531,2468
2531,2532
2532,2470
2532,2471
2532,2531
2533,2473
2533,2474
2533,2534
2534,2475
2534,2476
2534,2533
2535,2478
2535,2491
2535,2492
2536,2479
2536,2483
2536,2585
2537,2479
2537,2480
2537,2585
2537,2586
2538,2480
2538,2481
2538,2586
2538,2587
2539,2481
2539,2482
2539,2587
2539,2588
2540,2482
2540,2484
2540,2588
2540,2589
2541,2484
2541,2489
2541,2589
2541,2590
2542,2485
2542,2488
2542,2591
2542,2592
2543,2485
2543,2486
2543,2544
2543,2592
2544,2486
2544,2487
2544,2543
2544,2593
2545,2487
2545,2551
2545,2593
2545,2594
2546,2488
2546,2549
2546,2591
2546,2595
2547,2489
2547,2590
2547,2596
2548,2489
2548,2490
2548,2596
2548,2597
2549,2490
2549,2546
2549,2597
2549,2598
2550,2491
2550,2492
2550,2556
2550,2599
2551,2491
2551,2545
2551,2599
2551,2600
2552,2493
2552,2558
2552,2601
2552,2602
2553,2493
2553,2494
2553,2602
2553,2603
2554,2494
2554,2495
2554,2496
2554,2603
2555,2495
2555,2557
2555,2603
2555,2604
2556,2497
2556,2550
2556,2605
2556,2606
2557,2497
2557,2555
2557,2606
2557,2607
2558,2498
2558,2552
2558,2608
2558,2609
2559,2498
2559,2499
2559,2609
2559,2610
2560,2499
2560,2500
2560,2610
2560,2611
2561,2500
2561,2562
2561,2611
2562,2501
2562,2561
2562,2612
2563,2501
2563,2502
2563,2564
2563,2612
2564,2502
2564,2563
2564,2565
2564,2613
2565,2503
2565,2564
2565,2614
2565,2615
2566,2503
2566,2504
2566,2567
2566,2615
2567,2504
2567,2507
2567,2566
2567,2616
2568,2505
2568,2506
2568,2507
2568,2617
2569,2506
2569,2576
2569,2617
2569,2618
2570,2507
2570,2616
2570,2617
2570,2619
2571,2508
2571,2584
2571,2620
2572,2508
2572,2509
2572,2510
2572,2620
2573,2510
2573,2514
2573,2620
2574,2511
2574,2578
2574,2621
2575,2511
2575,2512
2575,2576
2575,2621
2576,2513
2576,2569
2576,2575
2576,2622
2577,2516
2577,2517
2577,2578
2578,2518
2578,2574
2578,2577
2579,2520
2579,2521
2579,2623
2580,2521
2580,2522
2580,2581
2580,2623
2581,2522
2581,2580
2581,2582
2581,2624
2582,2523
2582,2581
2582,2583
2582,2625
2583,2524
2583,2525
2583,2582
2583,2626
2584,2525
2584,2571
2584,2626
2585,2536
2585,2537
2585,2627
2586,2537
2586,2538
2586,2627
2586,2628
2587,2538
2587,2539
2587,2628
2587,2629
2588,2539
2588,2540
2588,2629
2588,2630
2589,2540
2589,2541
2589,2630
2589,2631
2590,2541
2590,2547
2590,2631
2591,2542
2591,2546
2591,2632
2591,2633
2592,2542
2592,2543
2592,2593
2592,2633
2593,2544
2593,2545
2593,2592
2593,2634
2594,2545
2594,2600
2594,2635
2594,2636
2595,2546
2595,2598
2595,2632
2595,2637
2596,2547
2596,2548
2596,2638
2597,2548
2597,2549
2597,2598
2597,2638
2598,2549
2598,2595
2598,2597
2598,2639
2599,2550
2599,2551
2599,2605
2599,2640
2600,2551
2600,2594
2600,2640
2600,2641
2601,2552
2601,2608
2601,2642
2601,2643
2602,2552
2602,2553
2602,2643
2602,2644
2603,2553
2603,2554
2603,2555
2603,2644
2604,2555
2604,2607
2604,2644
2604,2645
2605,2556
2605,2599
2605,2646
2605,2647
2606,2556
2606,2557
2606,2647
2606,2648
2607,2557
2607,2604
2607,2648
2607,2649
2608,2558
2608,2601
2608,2609
2608,2650
2609,2558
2609,2559
2609,2608
2609,2651
2610,2559
2610,2560
2610,2651
2610,2652
2611,2560
2611,2561
2611,2652
2612,2562
2612,2563
2612,2613
2613,2564
2613,2612
2613,2614
2614,2565
2614,2613
2614,2653
2615,2565
2615,2566
2615,2616
2615,2653
2616,2567
2616,2570
2616,2615
2616,2654
2617,2568
2617,2569
2617,2570
2617,2655
2618,2569
2618,2622
2618,2655
2619,2570
2619,2654
2619,2655
2620,2571
2620,2572
2620,2573
2621,2574
2621,2575
2621,2622
2622,2576
2622,2618
2622,2621
2623,2579
2623,2580
2623,2624
2624,2581
2624,2623
2624,2625
2625,2582
2625,2624
2625,2626
2626,2583
2626,2584
2626,2625
2627,2585
2627,2586
2627,2656
2628,2586
2628,2587
2628,2656
2628,2657
2629,2587
2629,2588
2629,2657
2629,2658
2630,2588
2630,2589
2630,2658
2630,2659
2631,2589
2631,2590
2631,2659
2632,2591
2632,2595
2632,2660
2632,2661
2633,2591
2633,2592
2633,2634
2633,2661
2634,2593
2634,2633
2634,2636
2634,2662
2635,2594
2635,2641
2635,2663
2635,2664
2636,2594
2636,2634
2636,2664
2636,2665
2637,2595
2637,2639
2637,2660
2638,2596
2638,2597
2638,2639
2639,2598
2639,2637
2639,2638
2640,2599
2640,2600
2640,2646
2640,2666
2641,2600
2641,2635
2641,2666
2641,2667
2642,2601
2642,2650
2642,2668
2642,2669
2643,2601
2643,2602
2643,2669
2643,2670
2644,2602
2644,2603
2644,2604
2644,2670
2645,2604
2645,2649
2645,2670
2645,2671
2646,2605
2646,2640
2646,2672
2646,2673
2647,2605
2647,2606
2647,2673
2647,2674
2648,2606
2648,2607
2648,2674
2648,2675
2649,2607
2649,2645
2649,2675
2649,2676
2650,2608
2650,2642
2650,2651
2650,2677
2651,2609
2651,2610
2651,2650
2651,2678
2652,2610
2652,2611
2652,2678
2653,2614
2653,2615
2653,2654
2654,2616
2654,2619
2654,2653
2655,2617
2655,2618
2655,2619
2656,2627
2656,2628
2656,2679
2657,2628
2657,2629
2657,2658
2657,2679
2658,2629
2658,2630
2658,2657
2658,2680
2659,2630
2659,2631
2659,2680
2660,2632
2660,2637
2660,2681
2661,2632
2661,2633
2661,2662
2661,2681
2662,2634
2662,2661
2662,2665
2662,2682
2663,2635
2663,2667
2663,2683
2664,2635
2664,2636
2664,2665
2664,2683
2665,2636
2665,2662
2665,2664
2665,2684
2666,2640
2666,2641
2666,2672
2666,2685
2667,2641
2667,2663
2667,2685
2668,2642
2668,2677
2668,2686
2669,2642
2669,2643
2669,2686
2669,2687
2670,2643
2670,2644
2670,2645
2670,2687
2671,2645
2671,2676
2671,2687
2671,2688
2672,2646
2672,2666
2672,2689
2672,2690
2673,2646
2673,2647
2673,2690
2673,2691
2674,2647
2674,2648
2674,2691
2674,2692
2675,2648
2675,2649
2675,2692
2675,2693
2676,2649
2676,2671
2676,2694
2676,2695
2677,2650
2677,2668
2677,2678
2678,2651
2678,2652
2678,2677
2679,2656
2679,2657
2679,2680
2680,2658
2680,2659
2680,2679
2681,2660
2681,2661
2681,2682
2682,2662
2682,2681
2682,2684
2683,2663
2683,2664
2683,2684
2684,2665
2684,2682
2684,2683
2685,2666
2685,2667
2685,2689
2686,2668
2686,2669
2686,2696
2687,2669
2687,2670
2687,2671
2687,2696
2688,2671
2688,2694
2688,2696
2689,2672
2689,2685
2689,2697
2690,2672
2690,2673
2690,2697
2690,2698
2691,2673
2691,2674
2691,2698
2691,2699
2692,2674
2692,2675
2692,2699
2692,2700
2693,2675
2693,2695
2693,2700
2693,2701
2694,2676
2694,2688
2694,2702
2695,2676
2695,2693
2695,2701
2695,2702
2696,2686
2696,2687
2696,2688
2697,2689
2697,2690
2697,2703
2698,2690
2698,2691
2698,2703
2698,2704
2699,2691
2699,2692
2699,2700
2699,2704
2700,2692
2700,2693
2700,2699
2700,2705
2701,2693
2701,2695
2701,2705
2701,2706
2702,2694
2702,2695
2702,2706
2703,2697
2703,2698
2703,2707
2704,2698
2704,2699
2704,2705
2704,2707
2705,2700
2705,2701
2705,2704
2705,2708
2706,2701
2706,2702
2706,2708
2707,2703
2707,2704
2707,2708
2708,2705
2708,2706
2708,2707
2709,2710
2709,2711
2710,2709
2710,2712
2710,2713
2711,2709
2711,2713
2711,2714
2712,2710
2712,2715
2712,2716
2713,2710
2713,2711
2713,2716
2713,2717
2714,2711
2714,2717
2714,2718
2715,2712
2715,2719
2715,2720
2716,2712
2716,2713
2716,2720
2716,2721
2717,2713
2717,2714
2717,2722
2717,2723
2718,2714
2718,2723
2718,2724
2719,2715
2719,2725
2719,2726
2720,2715
2720,2716
2720,2726
2720,2727
2721,2716
2721,2722
2721,2727
2721,2728
2722,2717
2722,2721
2722,2729
2722,2730
2723,2717
2723,2718
2723,2729
2723,2731
2724,2718
2724,2731
2724,2732
2725,2719
2725,2733
2725,2734
2726,2719
2726,2720
2726,2727
2726,2734
2727,2720
2727,2721
2727,2726
2727,2735
2728,2721
2728,2730
2728,2735
2728,2736
2729,2722
2729,2723
2729,2737
2729,2738
2730,2722
2730,2728
2730,2737
2731,2723
2731,2724
2731,2738
2731,2739
2732,2724
2732,2739
2732,2740
2733,2725
2733,2741
2733,2742
2734,2725
2734,2726
2734,2735
2734,2742
2735,2727
2735,2728
2735,2734
2735,2743
2736,2728
2736,2743
2736,2744
2736,2745
2737,2729
2737,2730
2737,2745
2737,2746
2738,2729
2738,2731
2738,2739
2738,2746
2739,2731
2739,2732
2739,2738
2739,2747
2740,2732
2740,2747
2740,2748
2741,2733
2741,2749
2741,2750
2742,2733
2742,2734
2742,2743
2742,2750
2743,2735
2743,2736
2743,2742
2743,2751
2744,2736
2744,2751
2744,2752
2744,2753
2745,2736
2745,2737
2745,2753
2746,2737
2746,2738
2746,2747
2746,2754
2747,2739
2747,2740
2747,2746
2747,2755
2748,2740
2748,2755
2748,2756
2749,2741
2749,2757
2749,2758
2750,2741
2750,2742
2750,2751
2750,2758
2751,2743
2751,2744
2751,2750
2751,2759
2752,2744
2752,2759
2752,2760
2752,2761
2753,2744
2753,2745
2753,2754
2753,2761
2754,2746
2754,2753
2754,2755
2754,2762
2755,2747
2755,2748
2755,2754
2755,2763
2756,2748
2756,2763
2756,2764
2757,2749
2757,2765
2757,2766
2758,2749
2758,2750
2758,2759
2758,2766
2759,2751
2759,2752
2759,2758
2759,2767
2760,2752
2760,2767
2760,2768
2760,2769
2761,2752
2761,2753
2761,2762
2761,2769
2762,2754
2762,2761
2762,2763
2762,2770
2763,2755
2763,2756
2763,2762
2763,2771
2764,2756
2764,2771
2764,2772
2765,2757
2765,2773
2765,2774
2766,2757
2766,2758
2766,2767
2766,2774
2767,2759
2767,2760
2767,2766
2767,2775
2768,2760
2768,2775
2768,2776
2768,2777
2769,2760
2769,2761
2769,2770
2769,2777
2770,2762
2770,2769
2770,2778
2770,2779
2771,2763
2771,2764
2771,2778
2771,2780
2772,2764
2772,2780
2772,2781
2773,2765
2773,2782
2773,2783
2774,2765
2774,2766
2774,2775
2774,2783
2775,2767
2775,2768
2775,2774
2775,2784
2776,2768
2776,2784
2776,2785
2776,2786
2777,2768
2777,2769
2777,2779
2777,2786
2778,2770
2778,2771
2778,2780
2778,2787
2779,2770
2779,2777
2779,2787
2779,2788
2780,2771
2780,2772
2780,2778
2780,2789
2781,2772
2781,2789
2781,2790
2782,2773
2782,2791
2782,2792
2783,2773
2783,2774
2783,2784
2783,2792
2784,2775
2784,2776
2784,2783
2784,2793
2785,2776
2785,2793
2785,2794
2785,2795
2786,2776
2786,2777
2786,2788
2786,2795
2787,2778
2787,2779
2787,2789
2787,2796
2788,2779
2788,2786
2788,2796
2788,2797
2789,2780
2789,2781
2789,2787
2789,2798
2790,2781
2790,2798
2790,2799
2791,2782
2791,2800
2791,2801
2792,2782
2792,2783
2792,2793
2792,2801
2793,2784
2793,2785
2793,2792
2793,2802
2794,2785
2794,2802
2794,2803
2794,2804
2795,2785
2795,2786
2795,2797
2795,2804
2796,2787
2796,2788
2796,2798
2796,2805
2797,2788
2797,2795
2797,2805
2797,2806
2798,2789
2798,2790
2798,2796
2798,2807
2799,2790
2799,2807
2799,2808
2800,2791
2800,2809
2800,2810
2801,2791
2801,2792
2801,2802
2801,2810
2802,2793
2802,2794
2802,2801
2802,2811
2803,2794
2803,2811
2803,2812
2803,2813
2804,2794
2804,2795
2804,2806
2804,2813
2805,2796
2805,2797
2805,2807
2805,2814
2806,2797
2806,2804
2806,2814
2806,2815
2807,2798
2807,2799
2807,2805
2807,2816
2808,2799
2808,2816
2808,2817
2809,2800
2809,2818
2809,2819
2810,2800
2810,2801
2810,2811
2810,2819
2811,2802
2811,2803
2811,2810
2811,2820
2812,2803
2812,2820
2812,2821
2812,2822
2813,2803
2813,2804
2813,2815
2813,2822
2814,2805
2814,2806
2814,2816
2814,2823
2815,2806
2815,2813
2815,2823
2815,2824
2816,2807
2816,2808
2816,2814
2816,2825
2817,2808
2817,2825
2817,2826
2818,2809
2818,2827
2818,2828
2819,2809
2819,2810
2819,2820
2819,2828
2820,2811
2820,2812
2820,2819
2820,2829
2821,2812
2821,2830
2821,2831
2821,2832
2822,2812
2822,2813
2822,2824
2822,2831
2823,2814
2823,2815
2823,2825
2823,2833
2824,2815
2824,2822
2824,2833
2824,2834
2825,2816
2825,2817
2825,2823
2825,2835
2826,2817
2826,2835
2826,2836
2827,2818
2827,2837
2827,2838
2828,2818
2828,2819
2828,2829
2828,2838
2829,2820
2829,2828
2829,2832
2829,2839
2830,2821
2830,2840
2830,2841
2830,2842
2831,2821
2831,2822
2831,2841
2831,2843
2832,2821
2832,2829
2832,2842
2832,2844
2833,2823
2833,2824
2833,2835
2833,2845
2834,2824
2834,2843
2834,2845
2834,2846
2835,2825
2835,2826
2835,2833
2835,2847
2836,2826
2836,2847
2836,2848
2837,2827
2837,2849
2837,2850
2838,2827
2838,2828
2838,2839
2838,2850
2839,2829
2839,2838
2839,2844
2839,2851
2840,2830
2840,2852
2840,2853
2841,2830
2841,2831
2841,2852
2841,2854
2842,2830
2842,2832
2842,2844
2842,2853
2843,2831
2843,2834
2843,2854
2844,2832
2844,2839
2844,2842
2844,2855
2845,2833
2845,2834
2845,2847
2845,2856
2846,2834
2846,2854
2846,2856
2846,2857
2847,2835
2847,2836
2847,2845
2847,2858
2848,2836
2848,2858
2848,2859
2849,2837
2849,2860
2849,2861
2850,2837
2850,2838
2850,2851
2850,2861
2851,2839
2851,2850
2851,2855
2851,2862
2852,2840
2852,2841
2852,2863
2853,2840
2853,2842
2853,2855
2854,2841
2854,2843
2854,2846
2854,2863
2855,2844
2855,2851
2855,2853
2855,2864
2856,2845
2856,2846
2856,2858
2856,2865
2857,2846
2857,2863
2857,2866
2858,2847
2858,2848
2858,2856
2858,2867
2859,2848
2859,2867
2859,2868
2860,2849
2860,2869
2860,2870
2861,2849
2861,2850
2861,2862
2861,2870
2862,2851
2862,2861
2862,2864
2862,2871
2863,2852
2863,2854
2863,2857
2864,2855
2864,2862
2864,2872
2865,2856
2865,2866
2865,2867
2865,2873
2866,2857
2866,2865
2866,2874
2867,2858
2867,2859
2867,2865
2867,2875
2868,2859
2868,2875
2868,2876
2869,2860
2869,2877
2869,2878
2870,2860
2870,2861
2870,2871
2870,2878
2871,2862
2871,2870
2871,2872
2871,2879
2872,2864
2872,2871
2872,2880
2873,2865
2873,2874
2873,2875
2873,2881
2874,2866
2874,2873
2874,2882
2875,2867
2875,2868
2875,2873
2875,2883
2876,2868
2876,2883
2876,2884
2877,2869
2877,2885
2877,2886
2878,2869
2878,2870
2878,2879
2878,2886
2879,2871
2879,2878
2879,2880
2879,2887
2880,2872
2880,2879
2880,2888
2881,2873
2881,2883
2881,2889
2882,2874
2882,2889
2882,2890
2883,2875
2883,2876
2883,2881
2883,2891
2884,2876
2884,2891
2884,2892
2885,2877
2885,2893
2885,2894
2886,2877
2886,2878
2886,2887
2886,2894
2887,2879
2887,2886
2887,2888
2887,2895
2888,2880
2888,2887
2888,2896
2889,2881
2889,2882
2889,2891
2889,2897
2890,2882
2890,2897
2890,2898
2891,2883
2891,2884
2891,2889
2891,2899
2892,2884
2892,2899
2892,2900
2893,2885
2893,2901
2893,2902
2894,2885
2894,2886
2894,2895
2894,2902
2895,2887
2895,2894
2895,2903
2896,2888
2896,2903
2896,2904
2897,2889
2897,2890
2897,2899
2897,2905
2898,2890
2898,2905
2898,2906
2899,2891
2899,2892
2899,2897
2899,2907
2900,2892
2900,2907
2900,2908
2901,2893
2901,2909
2901,2910
2902,2893
2902,2894
2902,2903
2902,2910
2903,2895
2903,2896
2903,2902
2903,2911
2904,2896
2904,2911
2904,2912
2904,2913
2905,2897
2905,2898
2905,2907
2905,2914
2906,2898
2906,2915
2906,2916
2907,2899
2907,2900
2907,2905
2907,2917
2908,2900
2908,2917
2908,2918
2909,2901
2909,2919
2909,2920
2910,2901
2910,2902
2910,2911
2910,2920
2911,2903
2911,2904
2911,2910
2911,2921
2912,2904
2912,2913
2912,2922
2913,2904
2913,2912
2913,2923
2913,2924
2914,2905
2914,2916
2914,2917
2914,2925
2915,2906
2915,2926
2915,2927
2916,2906
2916,2914
2916,2927
2916,2928
2917,2907
2917,2908
2917,2914
2917,2929
2918,2908
2918,2929
2918,2930
2919,2909
2919,2931
2919,2932
2920,2909
2920,2910
2920,2921
2920,2932
2921,2911
2921,2920
2921,2924
2921,2933
2922,2912
2922,2923
2922,2926
2923,2913
2923,2922
2923,2934
2923,2935
2924,2913
2924,2921
2924,2935
2924,2936
2925,2914
2925,2928
2925,2929
2925,2937
2926,2915
2926,2922
2926,2934
2927,2915
2927,2916
2927,2928
2927,2938
2928,2916
2928,2925
2928,2927
2928,2939
2929,2917
2929,2918
2929,2925
2929,2940
2930,2918
2930,2940
2930,2941
2931,2919
2931,2942
2931,2943
2932,2919
2932,2920
2932,2933
2932,2943
2933,2921
2933,2932
2933,2936
2933,2944
2934,2923
2934,2926
2934,2938
2934,2945
2935,2923
2935,2924
2935,2945
2935,2946
2936,2924
2936,2933
2936,2947
2936,2948
2937,2925
2937,2939
2937,2940
2937,2949
2938,2927
2938,2934
2938,2939
2938,2950
2939,2928
2939,2937
2939,2938
2939,2951
2940,2929
2940,2930
2940,2937
2940,2952
2941,2930
2941,2952
2941,2953
2942,2931
2942,2954
2942,2955
2943,2931
2943,2932
2943,2944
2943,2955
2944,2933
2944,2943
2944,2947
2944,2956
2945,2934
2945,2935
2945,2950
2945,2957
2946,2935
2946,2948
2946,2957
2946,2958
2947,2936
2947,2944
2947,2959
2947,2960
2948,2936
2948,2946
2948,2959
2948,2961
2949,2937
2949,2951
2949,2952
2949,2962
2950,2938
2950,2945
2950,2951
2950,2963
2951,2939
2951,2949
2951,2950
2951,2964
2952,2940
2952,2941
2952,2949
2952,2965
2953,2941
2953,2965
2953,2966
2954,2942
2954,2967
2954,2968
2955,2942
2955,2943
2955,2956
2955,2968
2956,2944
2956,2955
2956,2960
2956,2969
2957,2945
2957,2946
2957,2963
2958,2946
2958,2961
2958,2963
2958,2970
2959,2947
2959,2948
2959,2971
2959,2972
2960,2947
2960,2956
2960,2969
2960,2971
2961,2948
2961,2958
2961,2973
2961,2974
2962,2949
2962,2964
2962,2965
2962,2975
2963,2950
2963,2957
2963,2958
2963,2964
2964,2951
2964,2962
2964,2963
2964,2970
2965,2952
2965,2953
2965,2962
2965,2976
2966,2953
2966,2976
2966,2977
2967,2954
2967,2978
2967,2979
2968,2954
2968,2955
2968,2969
2968,2979
2969,2956
2969,2960
2969,2968
2969,2980
2970,2958
2970,2964
2970,2973
2970,2975
2971,2959
2971,2960
2971,2980
2971,2981
2972,2959
2972,2974
2972,2981
2972,2982
2973,2961
2973,2970
2973,2983
2973,2984
2974,2961
2974,2972
2974,2984
2974,2985
2975,2962
2975,2970
2975,2976
2975,2983
2976,2965
2976,2966
2976,2975
2976,2986
2977,2966
2977,2986
2977,2987
2978,2967
2978,2988
2978,2989
2979,2967
2979,2968
2979,2980
2979,2989
2980,2969
2980,2971
2980,2979
2980,2990
2981,2971
2981,2972
2981,2990
2981,2991
2982,2972
2982,2985
2982,2991
2982,2992
2983,2973
2983,2975
2983,2986
2983,2993
2984,2973
2984,2974
2984,2993
2984,2994
2985,2974
2985,2982
2985,2994
2985,2995
2986,2976
2986,2977
2986,2983
2986,2996
2987,2977
2987,2996
2987,2997
2988,2978
2988,2998
2988,2999
2989,2978
2989,2979
2989,2990
2989,2999
2990,2980
2990,2981
2990,2989
2990,3000
2991,2981
2991,2982
2991,3000
2991,3001
2992,2982
2992,2995
2992,3001
2992,3002
2993,2983
2993,2984
2993,2996
2993,3003
2994,2984
2994,2985
2994,3003
2994,3004
2995,2985
2995,2992
2995,3005
2995,3006
2996,2986
2996,2987
2996,2993
2996,3007
2997,2987
2997,3007
2997,3008
2998,2988
2998,3009
2998,3010
2999,2988
2999,2989
2999,3000
2999,3010
3000,2990
3000,2991
3000,2999
3000,3011
3001,2991
3001,2992
3001,3011
3001,3012
3002,2992
3002,3006
3002,3012
3002,3013
3003,2993
3003,2994
3003,3007
3003,3014
3004,2994
3004,3005
3004,3014
3004,3015
3005,2995
3005,3004
3005,3016
3005,3017
3006,2995
3006,3002
3006,3017
3006,3018
3007,2996
3007,2997
3007,3003
3007,3019
3008,2997
3008,3019
3008,3020
3009,2998
3009,3021
3009,3022
3010,2998
3010,2999
3010,3011
3010,3022
3011,3000
3011,3001
3011,3010
3011,3023
3012,3001
3012,3002
3012,3023
3012,3024
3013,3002
3013,3018
3013,3024
3013,3025
3014,3003
3014,3004
3014,3015
3014,3019
3015,3004
3015,3014
3015,3016
3015,3026
3016,3005
3016,3015
3016,3027
3016,3028
3017,3005
3017,3006
3017,3028
3017,3029
3018,3006
3018,3013
3018,3029
3018,3030
3019,3007
3019,3008
3019,3014
3019,3026
3020,3008
3020,3026
3020,3031
3021,3009
3021,3032
3021,3033
3022,3009
3022,3010
3022,3023
3022,3033
3023,3011
3023,3012
3023,3022
3023,3034
3024,3012
3024,3013
3024,3034
3024,3035
3025,3013
3025,3030
3025,3035
3025,3036
3026,3015
3026,3019
3026,3020
3026,3027
3027,3016
3027,3026
3027,3031
3027,3037
3028,3016
3028,3017
3028,3037
3028,3038
3029,3017
3029,3018
3029,3038
3029,3039
3030,3018
3030,3025
3030,3039
3030,3040
3031,3020
3031,3027
3031,3041
3032,3021
3032,3042
3032,3043
3033,3021
3033,3022
3033,3034
3033,3043
3034,3023
3034,3024
3034,3033
3034,3044
3035,3024
3035,3025
3035,3044
3035,3045
3036,3025
3036,3045
3036,3046
3036,3047
3037,3027
3037,3028
3037,3041
3037,3048
3038,3028
3038,3029
3038,3048
3038,3049
3039,3029
3039,3030
3039,3049
3039,3050
3040,3030
3040,3047
3040,3050
3040,3051
3041,3031
3041,3037
3041,3052
3042,3032
3042,3053
3042,3054
3043,3032
3043,3033
3043,3044
3043,3054
3044,3034
3044,3035
3044,3043
3044,3055
3045,3035
3045,3036
3045,3055
3045,3056
3046,3036
3046,3056
3046,3057
3046,3058
3047,3036
3047,3040
3047,3058
3047,3059
3048,3037
3048,3038
3048,3052
3048,3060
3049,3038
3049,3039
3049,3060
3049,3061
3050,3039
3050,3040
3050,3061
3050,3062
3051,3040
3051,3059
3051,3062
3051,3063
3052,3041
3052,3048
3052,3064
3053,3042
3053,3065
3053,3066
3054,3042
3054,3043
3054,3055
3054,3066
3055,3044
3055,3045
3055,3054
3055,3067
3056,3045
3056,3046
3056,3067
3056,3068
3057,3046
3057,3068
3057,3069
3057,3070
3058,3046
3058,3047
3058,3070
3058,3071
3059,3047
3059,3051
3059,3071
3059,3072
3060,3048
3060,3049
3060,3064
3060,3073
3061,3049
3061,3050
3061,3073
3061,3074
3062,3050
3062,3051
3062,3074
3062,3075
3063,3051
3063,3072
3063,3075
3063,3076
3064,3052
3064,3060
3064,3077
3065,3053
3065,3078
3065,3079
3066,3053
3066,3054
3066,3067
3066,3079
3067,3055
3067,3056
3067,3066
3067,3068
3068,3056
3068,3057
3068,3067
3068,3079
3069,3057
3069,3078
3069,3079
3069,3080
3070,3057
3070,3058
3070,3080
3070,3081
3071,3058
3071,3059
3071,3081
3071,3082
3072,3059
3072,3063
3072,3082
3072,3083
3073,3060
3073,3061
3073,3077
3073,3084
3074,3061
3074,3062
3074,3084
3074,3085
3075,3062
3075,3063
3075,3085
3075,3086
3076,3063
3076,3083
3076,3087
3076,3088
3077,3064
3077,3073
3077,3089
3078,3065
3078,3069
3078,3090
3079,3065
3079,3066
3079,3068
3079,3069
3080,3069
3080,3070
3080,3090
3080,3091
3081,3070
3081,3071
3081,3091
3081,3092
3082,3071
3082,3072
3082,3092
3082,3093
3083,3072
3083,3076
3083,3093
3083,3094
3084,3073
3084,3074
3084,3089
3084,3095
3085,3074
3085,3075
3085,3095
3085,3096
3086,3075
3086,3087
3086,3096
3086,3097
3087,3076
3087,3086
3087,3098
3087,3099
3088,3076
3088,3094
3088,3099
3088,3100
3089,3077
3089,3084
3089,3101
3090,3078
3090,3080
3090,3102
3091,3080
3091,3081
3091,3102
3091,3103
3092,3081
3092,3082
3092,3103
3092,3104
3093,3082
3093,3083
3093,3104
3093,3105
3094,3083
3094,3088
3094,3106
3094,3107
3095,3084
3095,3085
3095,3101
3095,3108
3096,3085
3096,3086
3096,3108
3096,3109
3097,3086
3097,3098
3097,3109
3097,3110
3098,3087
3098,3097
3098,3111
3098,3112
3099,3087
3099,3088
3099,3112
3099,3113
3100,3088
3100,3107
3100,3113
3100,3114
3101,3089
3101,3095
3101,3115
3102,3090
3102,3091
3102,3116
3103,3091
3103,3092
3103,3116
3103,3117
3104,3092
3104,3093
3104,3117
3104,3118
3105,3093
3105,3106
3105,3118
3105,3119
3106,3094
3106,3105
3106,3120
3106,3121
3107,3094
3107,3100
3107,3121
3107,3122
3108,3095
3108,3096
3108,3115
3108,3123
3109,3096
3109,3097
3109,3123
3109,3124
3110,3097
3110,3111
3110,3124
3110,3125
3111,3098
3111,3110
3111,3126
3111,3127
3112,3098
3112,3099
3112,3127
3112,3128
3113,3099
3113,3100
3113,3128
3113,3129
3114,3100
3114,3129
3114,3130
3114,3131
3115,3101
3115,3108
3115,3132
3116,3102
3116,3103
3116,3133
3117,3103
3117,3104
3117,3133
3117,3134
3118,3104
3118,3105
3118,3119
3118,3134
3119,3105
3119,3118
3119,3120
3119,3135
3120,3106
3120,3119
3120,3136
3120,3137
3121,3106
3121,3107
3121,3137
3121,3138
3122,3107
3122,3130
3122,3138
3122,3139
3123,3108
3123,3109
3123,3124
3123,3132
3124,3109
3124,3110
3124,3123
3124,3140
3125,3110
3125,3126
3125,3140
3126,3111
3126,3125
3126,3141
3127,3111
3127,3112
3127,3141
3127,3142
3128,3112
3128,3113
3128,3142
3128,3143
3129,3113
3129,3114
3129,3143
3129,3144
3130,3114
3130,3122
3130,3145
3130,3146
3131,3114
3131,3144
3131,3146
3131,3147
3132,3115
3132,3123
3132,3140
3133,3116
3133,3117
3133,3148
3134,3117
3134,3118
3134,3135
3134,3148
3135,3119
3135,3134
3135,3136
3135,3149
3136,3120
3136,3135
3136,3150
3136,3151
3137,3120
3137,3121
3137,3151
3137,3152
3138,3121
3138,3122
3138,3152
3138,3153
3139,3122
3139,3145
3139,3153
3139,3154
3140,3124
3140,3125
3140,3132
3141,3126
3141,3127
3141,3155
3142,3127
3142,3128
3142,3155
3142,3156
3143,3128
3143,3129
3143,3156
3143,3157
3144,3129
3144,3131
3144,3157
3144,3158
3145,3130
3145,3139
3145,3159
3145,3160
3146,3130
3146,3131
3146,3160
3146,3161
3147,3131
3147,3158
3147,3161
3147,3162
3148,3133
3148,3134
3148,3149
3149,3135
3149,3148
3149,3150
3150,3136
3150,3149
3150,3163
3151,3136
3151,3137
3151,3163
3151,3164
3152,3137
3152,3138
3152,3164
3152,3165
3153,3138
3153,3139
3153,3165
3153,3166
3154,3139
3154,3166
3154,3167
3154,3168
3155,3141
3155,3142
3155,3169
3156,3142
3156,3143
3156,3169
3156,3170
3157,3143
3157,3144
3157,3170
3157,3171
3158,3144
3158,3147
3158,3171
3158,3172
3159,3145
3159,3168
3159,3173
3159,3174
3160,3145
3160,3146
3160,3173
3160,3175
3161,3146
3161,3147
3161,3162
3161,3175
3162,3147
3162,3161
3162,3172
3162,3176
3163,3150
3163,3151
3163,3177
3164,3151
3164,3152
3164,3177
3164,3178
3165,3152
3165,3153
3165,3178
3165,3179
3166,3153
3166,3154
3166,3179
3166,3180
3167,3154
3167,3180
3167,3181
3167,3182
3168,3154
3168,3159
3168,3182
3168,3183
3169,3155
3169,3156
3169,3184
3170,3156
3170,3157
3170,3184
3170,3185
3171,3157
3171,3158
3171,3185
3171,3186
3172,3158
3172,3162
3172,3187
3172,3188
3173,3159
3173,3160
3173,3189
3173,3190
3174,3159
3174,3183
3174,3190
3174,3191
3175,3160
3175,3161
3175,3176
3175,3189
3176,3162
3176,3175
3176,3188
3176,3192
3177,3163
3177,3164
3177,3193
3178,3164
3178,3165
3178,3193
3178,3194
3179,3165
3179,3166
3179,3194
3179,3195
3180,3166
3180,3167
3180,3195
3180,3196
3181,3167
3181,3182
3181,3196
3181,3197
3182,3167
3182,3168
3182,3181
3182,3198
3183,3168
3183,3174
3183,3198
3183,3199
3184,3169
3184,3170
3184,3200
3185,3170
3185,3171
3185,3186
3185,3200
3186,3171
3186,3185
3186,3187
3186,3201
3187,3172
3187,3186
3187,3202
3187,3203
3188,3172
3188,3176
3188,3203
3188,3204
3189,3173
3189,3175
3189,3192
3189,3205
3190,3173
3190,3174
3190,3205
3190,3206
3191,3174
3191,3199
3191,3206
3192,3176
3192,3189
3192,3204
3192,3207
3193,3177
3193,3178
3193,3208
3194,3178
3194,3179
3194,3208
3194,3209
3195,3179
3195,3180
3195,3209
3195,3210
3196,3180
3196,3181
3196,3211
3196,3212
3197,3181
3197,3198
3197,3212
3197,3213
3198,3182
3198,3183
3198,3197
3198,3214
3199,3183
3199,3191
3199,3214
3200,3184
3200,3185
3200,3201
3201,3186
3201,3200
3201,3202
3202,3187
3202,3201
3202,3215
3203,3187
3203,3188
3203,3215
3203,3216
3204,3188
3204,3192
3204,3216
3204,3217
3205,3189
3205,3190
3205,3207
3205,3218
3206,3190
3206,3191
3206,3218
3207,3192
3207,3205
3207,3217
3207,3219
3208,3193
3208,3194
3208,3220
3209,3194
3209,3195
3209,3220
3209,3221
3210,3195
3210,3211
3210,3221
3210,3222
3211,3196
3211,3210
3211,3223
3211,3224
3212,3196
3212,3197
3212,3224
3212,3225
3213,3197
3213,3214
3213,3225
3213,3226
3214,3198
3214,3199
3214,3213
3215,3202
3215,3203
3215,3227
3216,3203
3216,3204
3216,3227
3216,3228
3217,3204
3217,3207
3217,3228
3217,3229
3218,3205
3218,3206
3218,3219
3219,3207
3219,3218
3219,3229
3219,3230
3220,3208
3220,3209
3220,3231
3221,3209
3221,3210
3221,3222
3221,3231
3222,3210
3222,3221
3222,3223
3222,3232
3223,3211
3223,3222
3223,3233
3223,3234
3224,3211
3224,3212
3224,3234
3224,3235
3225,3212
3225,3213
3225,3235
3225,3236
3226,3213
3226,3236
3226,3237
3227,3215
3227,3216
3227,3238
3228,3216
3228,3217
3228,3238
3228,3239
3229,3217
3229,3219
3229,3239
3229,3240
3230,3219
3230,3240
3230,3241
3231,3220
3231,3221
3231,3232
3232,3222
3232,3231
3232,3233
3233,3223
3233,3232
3233,3242
3234,3223
3234,3224
3234,3242
3234,3243
3235,3224
3235,3225
3235,3243
3235,3244
3236,3225
3236,3226
3236,3244
3237,3226
3237,3245
3237,3246
3238,3227
3238,3228
3238,3247
3239,3228
3239,3229
3239,3247
3239,3248
3240,3229
3240,3230
3240,3248
3240,3249
3241,3230
3241,3249
3241,3250
3242,3233
3242,3234
3242,3251
3243,3234
3243,3235
3243,3251
3243,3252
3244,3235
3244,3236
3244,3246
3244,3252
3245,3237
3245,3253
3245,3254
3246,3237
3246,3244
3246,3254
3246,3255
3247,3238
3247,3239
3247,3256
3248,3239
3248,3240
3248,3256
3248,3257
3249,3240
3249,3241
3249,3257
3249,3258
3250,3241
3250,3258
3250,3259
3251,3242
3251,3243
3251,3260
3252,3243
3252,3244
3252,3255
3252,3260
3253,3245
3253,3261
3253,3262
3254,3245
3254,3246
3254,3262
3254,3263
3255,3246
3255,3252
3255,3263
3255,3264
3256,3247
3256,3248
3256,3265
3257,3248
3257,3249
3257,3265
3257,3266
3258,3249
3258,3250
3258,3266
3258,3267
3259,3250
3259,3268
3259,3269
3260,3251
3260,3252
3260,3264
3261,3253
3261,3270
3261,3271
3262,3253
3262,3254
3262,3272
3262,3273
3263,3254
3263,3255
3263,3272
3263,3274
3264,3255
3264,3260
3264,3274
3265,3256
3265,3257
3265,3275
3266,3257
3266,3258
3266,3275
3266,3276
3267,3258
3267,3269
3267,3276
3268,3259
3268,3277
3268,3278
3269,3259
3269,3267
3269,3278
3269,3279
3270,3261
3270,3280
3270,3281
3270,3282
3271,3261
3271,3273
3271,3281
3271,3283
3272,3262
3272,3263
3272,3284
3272,3285
3273,3262
3273,3271
3273,3283
3273,3285
3274,3263
3274,3264
3274,3284
3275,3265
3275,3266
3275,3286
3276,3266
3276,3267
3276,3279
3276,3286
3277,3268
3277,3287
3277,3288
3277,3289
3278,3268
3278,3269
3278,3289
3278,3290
3279,3269
3279,3276
3279,3290
3279,3291
3280,3270
3280,3292
3280,3293
3281,3270
3281,3271
3281,3294
3281,3295
3282,3270
3282,3293
3282,3295
3282,3296
3283,3271
3283,3273
3283,3294
3283,3297
3284,3272
3284,3274
3284,3298
3285,3272
3285,3273
3285,3297
3285,3298
3286,3275
3286,3276
3286,3291
3287,3277
3287,3299
3287,3300
3288,3277
3288,3300
3288,3301
3288,3302
3289,3277
3289,3278
3289,3302
3289,3303
3290,3278
3290,3279
3290,3303
3290,3304
3291,3279
3291,3286
3291,3304
3292,3280
3292,3305
3292,3306
3293,3280
3293,3282
3293,3306
3293,3307
3294,3281
3294,3283
3294,3308
3294,3309
3295,3281
3295,3282
3295,3309
3295,3310
3296,3282
3296,3307
3296,3310
3296,3311
3297,3283
3297,3285
3297,3308
3297,3312
3298,3284
3298,3285
3298,3312
3299,3287
3299,3305
3299,3313
3300,3287
3300,3288
3300,3313
3300,3314
3301,3288
3301,3314
3301,3315
3301,3316
3302,3288
3302,3289
3302,3317
3302,3318
3303,3289
3303,3290
3303,3317
3303,3319
3304,3290
3304,3291
3304,3319
3305,3292
3305,3299
3305,3320
3306,3292
3306,3293
3306,3320
3306,3321
3307,3293
3307,3296
3307,3321
3307,3322
3308,3294
3308,3297
3308,3323
3308,3324
3309,3294
3309,3295
3309,3324
3309,3325
3310,3295
3310,3296
3310,3325
3310,3326
3311,3296
3311,3322
3311,3326
3311,3327
3312,3297
3312,3298
3312,3323
3313,3299
3313,3300
3313,3320
3313,3328
3314,3300
3314,3301
3314,3328
3314,3329
3315,3301
3315,3318
3315,3330
3315,3331
3316,3301
3316,3329
3316,3331
3316,3332
3317,3302
3317,3303
3317,3333
3317,3334
3318,3302
3318,3315
3318,3334
3318,3335
3319,3303
3319,3304
3319,3333
3320,3305
3320,3306
3320,3313
3320,3336
3321,3306
3321,3307
3321,3336
3321,3337
3322,3307
3322,3311
3322,3337
3322,3338
3323,3308
3323,3312
3323,3339
3324,3308
3324,3309
3324,3339
3324,3340
3325,3309
3325,3310
3325,3340
3325,3341
3326,3310
3326,3311
3326,3341
3326,3342
3327,3311
3327,3338
3327,3342
3327,3343
3328,3313
3328,3314
3328,3336
3328,3344
3329,3314
3329,3316
3329,3344
3329,3345
3330,3315
3330,3335
3330,3346
3330,3347
3331,3315
3331,3316
3331,3347
3331,3348
3332,3316
3332,3345
3332,3348
3332,3349
3333,3317
3333,3319
3333,3350
3334,3317
3334,3318
3334,3335
3334,3350
3335,3318
3335,3330
3335,3334
3335,3351
3336,3320
3336,3321
3336,3328
3336,3344
3337,3321
3337,3322
3337,3352
3337,3353
3338,3322
3338,3327
3338,3353
3338,3354
3339,3323
3339,3324
3339,3355
3340,3324
3340,3325
3340,3355
3340,3356
3341,3325
3341,3326
3341,3356
3341,3357
3342,3326
3342,3327
3342,3357
3342,3358
3343,3327
3343,3354
3343,3358
3343,3359
3344,3328
3344,3329
3344,3336
3344,3352
3345,3329
3345,3332
3345,3352
3345,3360
3346,3330
3346,3351
3346,3361
3347,3330
3347,3331
3347,3361
3347,3362
3348,3331
3348,3332
3348,3362
3348,3363
3349,3332
3349,3360
3349,3363
3349,3364
3350,3333
3350,3334
3350,3351
3351,3335
3351,3346
3351,3350
3352,3337
3352,3344
3352,3345
3352,3365
3353,3337
3353,3338
3353,3365
3353,3366
3354,3338
3354,3343
3354,3367
3354,3368
3355,3339
3355,3340
3355,3369
3356,3340
3356,3341
3356,3369
3356,3370
3357,3341
3357,3342
3357,3370
3357,3371
3358,3342
3358,3343
3358,3371
3358,3372
3359,3343
3359,3367
3359,3373
3360,3345
3360,3349
3360,3365
3360,3374
3361,3346
3361,3347
3361,3375
3362,3347
3362,3348
3362,3375
3362,3376
3363,3348
3363,3349
3363,3376
3363,3377
3364,3349
3364,3374
3364,3377
3364,3378
3365,3352
3365,3353
3365,3360
3365,3379
3366,3353
3366,3368
3366,3379
3366,3380
3367,3354
3367,3359
3367,3381
3367,3382
3368,3354
3368,3366
3368,3382
3368,3383
3369,3355
3369,3356
3369,3384
3370,3356
3370,3357
3370,3384
3370,3385
3371,3357
3371,3358
3371,3385
3371,3386
3372,3358
3372,3373
3372,3386
3372,3387
3373,3359
3373,3372
3373,3381
3373,3388
3374,3360
3374,3364
3374,3379
3374,3389
3375,3361
3375,3362
3375,3390
3376,3362
3376,3363
3376,3390
3376,3391
3377,3363
3377,3364
3377,3391
3377,3392
3378,3364
3378,3389
3378,3392
3378,3393
3379,3365
3379,3366
3379,3374
3379,3394
3380,3366
3380,3383
3380,3394
3380,3395
3381,3367
3381,3373
3381,3396
3381,3397
3382,3367
3382,3368
3382,3397
3382,3398
3383,3368
3383,3380
3383,3398
3383,3399
3384,3369
3384,3370
3384,3400
3385,3370
3385,3371
3385,3400
3385,3401
3386,3371
3386,3372
3386,3387
3386,3401
3387,3372
3387,3386
3387,3388
3387,3402
3388,3373
3388,3387
3388,3403
3388,3404
3389,3374
3389,3378
3389,3394
3389,3405
3390,3375
3390,3376
3390,3406
3391,3376
3391,3377
3391,3406
3391,3407
3392,3377
3392,3378
3392,3407
3392,3408
3393,3378
3393,3405
3393,3408
3393,3409
3394,3379
3394,3380
3394,3389
3394,3410
3395,3380
3395,3410
3395,3411
3395,3412
3396,3381
3396,3404
3396,3413
3396,3414
3397,3381
3397,3382
3397,3414
3397,3415
3398,3382
3398,3383
3398,3415
3398,3416
3399,3383
3399,3412
3399,3416
3399,3417
3400,3384
3400,3385
3400,3418
3401,3385
3401,3386
3401,3402
3401,3418
3402,3387
3402,3401
3402,3403
3402,3419
3403,3388
3403,3402
3403,3420
3403,3421
3404,3388
3404,3396
3404,3421
3404,3422
3405,3389
3405,3393
3405,3410
3405,3423
3406,3390
3406,3391
3406,3424
3407,3391
3407,3392
3407,3424
3407,3425
3408,3392
3408,3393
3408,3425
3408,3426
3409,3393
3409,3423
3409,3426
3409,3427
3410,3394
3410,3395
3410,3405
3410,3428
3411,3395
3411,3428
3411,3429
3411,3430
3412,3395
3412,3399
3412,3430
3412,3431
3413,3396
3413,3422
3413,3432
3413,3433
3414,3396
3414,3397
3414,3433
3414,3434
3415,3397
3415,3398
3415,3434
3415,3435
3416,3398
3416,3399
3416,3435
3416,3436
3417,3399
3417,3431
3417,3437
3417,3438
3418,3400
3418,3401
3418,3419
3419,3402
3419,3418
3419,3420
3420,3403
3420,3419
3420,3439
3421,3403
3421,3404
3421,3422
3421,3439
3422,3404
3422,3413
3422,3421
3422,3440
3423,3405
3423,3409
3423,3428
3423,3441
3424,3406
3424,3407
3424,3442
3425,3407
3425,3408
3425,3442
3425,3443
3426,3408
3426,3409
3426,3443
3426,3444
3427,3409
3427,3441
3427,3444
3427,3445
3428,3410
3428,3411
3428,3423
3428,3429
3429,3411
3429,3428
3429,3446
3429,3447
3430,3411
3430,3412
3430,3447
3430,3448
3431,3412
3431,3417
3431,3448
3431,3449
3432,3413
3432,3440
3432,3450
3433,3413
3433,3414
3433,3450
3433,3451
3434,3414
3434,3415
3434,3451
3434,3452
3435,3415
3435,3416
3435,3452
3435,3453
3436,3416
3436,3437
3436,3453
3436,3454
3437,3417
3437,3436
3437,3455
3437,3456
3438,3417
3438,3449
3438,3456
3438,3457
3439,3420
3439,3421
3439,3440
3440,3422
3440,3432
3440,3439
3441,3423
3441,3427
3441,3446
3441,3458
3442,3424
3442,3425
3442,3459
3443,3425
3443,3426
3443,3459
3443,3460
3444,3426
3444,3427
3444,3460
3444,3461
3445,3427
3445,3458
3445,3461
3445,3462
3446,3429
3446,3441
3446,3463
3446,3464
3447,3429
3447,3430
3447,3464
3447,3465
3448,3430
3448,3431
3448,3465
3448,3466
3449,3431
3449,3438
3449,3466
3449,3467
3450,3432
3450,3433
3450,3468
3451,3433
3451,3434
3451,3468
3451,3469
3452,3434
3452,3435
3452,3469
3452,3470
3453,3435
3453,3436
3453,3470
3453,3471
3454,3436
3454,3455
3454,3471
3454,3472
3455,3437
3455,3454
3455,3473
3455,3474
3456,3437
3456,3438
3456,3474
3456,3475
3457,3438
3457,3467
3457,3475
3457,3476
3458,3441
3458,3445
3458,3463
3458,3477
3459,3442
3459,3443
3459,3478
3460,3443
3460,3444
3460,3461
3460,3478
3461,3444
3461,3445
3461,3460
3461,3479
3462,3445
3462,3477
3462,3479
3463,3446
3463,3458
3463,3480
3463,3481
3464,3446
3464,3447
3464,3481
3464,3482
3465,3447
3465,3448
3465,3482
3465,3483
3466,3448
3466,3449
3466,3483
3466,3484
3467,3449
3467,3457
3467,3484
3467,3485
3468,3450
3468,3451
3468,3486
3469,3451
3469,3452
3469,3486
3469,3487
3470,3452
3470,3453
3470,3487
3470,3488
3471,3453
3471,3454
3471,3488
3471,3489
3472,3454
3472,3473
3472,3489
3472,3490
3473,3455
3473,3472
3473,3491
3473,3492
3474,3455
3474,3456
3474,3492
3474,3493
3475,3456
3475,3457
3475,3493
3475,3494
3476,3457
3476,3494
3476,3495
3476,3496
3477,3458
3477,3462
3477,3480
3478,3459
3478,3460
3478,3479
3479,3461
3479,3462
3479,3478
3480,3463
3480,3477
3480,3497
3481,3463
3481,3464
3481,3497
3481,3498
3482,3464
3482,3465
3482,3498
3482,3499
3483,3465
3483,3466
3483,3500
3483,3501
3484,3466
3484,3467
3484,3501
3484,3502
3485,3467
3485,3496
3485,3502
3485,3503
3486,3468
3486,3469
3486,3504
3487,3469
3487,3470
3487,3504
3487,3505
3488,3470
3488,3471
3488,3489
3488,3505
3489,3471
3489,3472
3489,3488
3489,3506
3490,3472
3490,3491
3490,3506
3490,3507
3491,3473
3491,3490
3491,3508
3491,3509
3492,3473
3492,3474
3492,3509
3492,3510
3493,3474
3493,3475
3493,3510
3493,3511
3494,3475
3494,3476
3494,3511
3494,3512
3495,3476
3495,3512
3495,3513
3495,3514
3496,3476
3496,3485
3496,3514
3496,3515
3497,3480
3497,3481
3497,3516
3498,3481
3498,3482
3498,3516
3498,3517
3499,3482
3499,3500
3499,3517
3499,3518
3500,3483
3500,3499
3500,3518
3500,3519
3501,3483
3501,3484
3501,3519
3501,3520
3502,3484
3502,3485
3502,3520
3502,3521
3503,3485
3503,3515
3503,3521
3503,3522
3504,3486
3504,3487
3504,3523
3505,3487
3505,3488
3505,3506
3505,3523
3506,3489
3506,3490
3506,3505
3506,3524
3507,3490
3507,3508
3507,3524
3508,3491
3508,3507
3508,3525
3509,3491
3509,3492
3509,3525
3509,3526
3510,3492
3510,3493
3510,3526
3510,3527
3511,3493
3511,3494
3511,3527
3511,3528
3512,3494
3512,3495
3512,3528
3512,3529
3513,3495
3513,3529
3513,3530
3513,3531
3514,3495
3514,3496
3514,3531
3514,3532
3515,3496
3515,3503
3515,3532
3515,3533
3516,3497
3516,3498
3516,3534
3517,3498
3517,3499
3517,3534
3517,3535
3518,3499
3518,3500
3518,3535
3518,3536
3519,3500
3519,3501
3519,3536
3519,3537
3520,3501
3520,3502
3520,3537
3520,3538
3521,3502
3521,3503
3521,3538
3521,3539
3522,3503
3522,3533
3522,3539
3522,3540
3523,3504
3523,3505
3523,3524
3524,3506
3524,3507
3524,3523
3525,3508
3525,3509
3525,3541
3526,3509
3526,3510
3526,3541
3526,3542
3527,3510
3527,3511
3527,3542
3527,3543
3528,3511
3528,3512
3528,3543
3528,3544
3529,3512
3529,3513
3529,3544
3529,3545
3530,3513
3530,3546
3530,3547
3530,3548
3531,3513
3531,3514
3531,3548
3531,3549
3532,3514
3532,3515
3532,3549
3532,3550
3533,3515
3533,3522
3533,3551
3533,3552
3534,3516
3534,3517
3534,3553
3535,3517
3535,3518
3535,3553
3535,3554
3536,3518
3536,3519
3536,3554
3536,3555
3537,3519
3537,3520
3537,3555
3537,3556
3538,3520
3538,3521
3538,3556
3538,3557
3539,3521
3539,3522
3539,3557
3539,3558
3540,3522
3540,3551
3540,3558
3540,3559
3541,3525
3541,3526
3541,3560
3542,3526
3542,3527
3542,3560
3542,3561
3543,3527
3543,3528
3543,3561
3543,3562
3544,3528
3544,3529
3544,3562
3544,3563
3545,3529
3545,3547
3545,3563
3545,3564
3546,3530
3546,3565
3546,3566
3546,3567
3547,3530
3547,3545
3547,3567
3547,3568
3548,3530
3548,3531
3548,3549
3548,3566
3549,3531
3549,3532
3549,3548
3549,3569
3550,3532
3550,3552
3550,3569
3550,3570
3551,3533
3551,3540
3551,3552
3551,3571
3552,3533
3552,3550
3552,3551
3552,3572
3553,3534
3553,3535
3553,3573
3554,3535
3554,3536
3554,3573
3554,3574
3555,3536
3555,3537
3555,3574
3555,3575
3556,3537
3556,3538
3556,3575
3556,3576
3557,3538
3557,3539
3557,3576
3557,3577
3558,3539
3558,3540
3558,3578
3558,3579
3559,3540
3559,3571
3559,3578
3559,3580
3560,3541
3560,3542
3560,3581
3561,3542
3561,3543
3561,3581
3561,3582
3562,3543
3562,3544
3562,3582
3562,3583
3563,3544
3563,3545
3563,3583
3563,3584
3564,3545
3564,3568
3564,3584
3564,3585
3565,3546
3565,3586
3565,3587
3565,3588
3566,3546
3566,3548
3566,3569
3566,3586
3567,3546
3567,3547
3567,3588
3567,3589
3568,3547
3568,3564
3568,3589
3568,3590
3569,3549
3569,3550
3569,3566
3569,3591
3570,3550
3570,3572
3570,3591
3570,3592
3571,3551
3571,3559
3571,3572
3571,3593
3572,3552
3572,3570
3572,3571
3572,3594
3573,3553
3573,3554
3573,3595
3574,3554
3574,3555
3574,3595
3574,3596
3575,3555
3575,3556
3575,3596
3575,3597
3576,3556
3576,3557
3576,3597
3576,3598
3577,3557
3577,3579
3577,3598
3577,3599
3578,3558
3578,3559
3578,3600
3578,3601
3579,3558
3579,3577
3579,3601
3579,3602
3580,3559
3580,3593
3580,3600
3581,3560
3581,3561
3581,3603
3582,3561
3582,3562
3582,3603
3582,3604
3583,3562
3583,3563
3583,3604
3583,3605
3584,3563
3584,3564
3584,3605
3584,3606
3585,3564
3585,3590
3585,3606
3585,3607
3586,3565
3586,3566
3586,3591
3586,3608
3587,3565
3587,3608
3587,3609
3587,3610
3588,3565
3588,3567
3588,3610
3588,3611
3589,3567
3589,3568
3589,3611
3589,3612
3590,3568
3590,3585
3590,3612
3590,3613
3591,3569
3591,3570
3591,3586
3591,3614
3592,3570
3592,3594
3592,3614
3593,3571
3593,3580
3593,3594
3594,3572
3594,3592
3594,3593
3595,3573
3595,3574
3595,3615
3596,3574
3596,3575
3596,3615
3596,3616
3597,3575
3597,3576
3597,3616
3597,3617
3598,3576
3598,3577
3598,3617
3598,3618
3599,3577
3599,3602
3599,3618
3599,3619
3600,3578
3600,3580
3600,3620
3600,3621
3601,3578
3601,3579
3601,3621
3601,3622
3602,3579
3602,3599
3602,3622
3602,3623
3603,3581
3603,3582
3603,3624
3604,3582
3604,3583
3604,3624
3604,3625
3605,3583
3605,3584
3605,3606
3605,3625
3606,3584
3606,3585
3606,3605
3606,3626
3607,3585
3607,3613
3607,3626
3607,3627
3608,3586
3608,3587
3608,3614
3608,3628
3609,3587
3609,3628
3609,3629
3609,3630
3610,3587
3610,3588
3610,3629
3610,3631
3611,3588
3611,3589
3611,3631
3611,3632
3612,3589
3612,3590
3612,3632
3612,3633
3613,3590
3613,3607
3613,3633
3613,3634
3614,3591
3614,3592
3614,3608
3615,3595
3615,3596
3615,3635
3616,3596
3616,3597
3616,3635
3616,3636
3617,3597
3617,3598
3617,3636
3617,3637
3618,3598
3618,3599
3618,3637
3618,3638
3619,3599
3619,3623
3619,3638
3619,3639
3620,3600
3620,3640
3620,3641
3621,3600
3621,3601
3621,3641
3621,3642
3622,3601
3622,3602
3622,3642
3622,3643
3623,3602
3623,3619
3623,3643
3623,3644
3624,3603
3624,3604
3624,3645
3625,3604
3625,3605
3625,3626
3625,3645
3626,3606
3626,3607
3626,3625
3626,3646
3627,3607
3627,3634
3627,3646
3628,3608
3628,3609
3628,3647
3629,3609
3629,3610
3629,3630
3629,3648
3630,3609
3630,3629
3630,3647
3630,3649
3631,3610
3631,3611
3631,3648
3631,3650
3632,3611
3632,3612
3632,3650
3632,3651
3633,3612
3633,3613
3633,3651
3633,3652
3634,3613
3634,3627
3634,3652
3635,3615
3635,3616
3635,3653
3636,3616
3636,3617
3636,3653
3636,3654
3637,3617
3637,3618
3637,3638
3637,3654
3638,3618
3638,3619
3638,3637
3638,3655
3639,3619
3639,3644
3639,3655
3639,3656
3640,3620
3640,3657
3640,3658
3641,3620
3641,3621
3641,3658
3641,3659
3642,3621
3642,3622
3642,3659
3642,3660
3643,3622
3643,3623
3643,3660
3643,3661
3644,3623
3644,3639
3644,3661
3644,3662
3645,3624
3645,3625
3645,3646
3646,3626
3646,3627
3646,3645
3647,3628
3647,3630
3647,3663
3648,3629
3648,3631
3648,3664
3648,3665
3649,3630
3649,3663
3649,3665
3649,3666
3650,3631
3650,3632
3650,3664
3650,3667
3651,3632
3651,3633
3651,3667
3651,3668
3652,3633
3652,3634
3652,3668
3653,3635
3653,3636
3653,3669
3654,3636
3654,3637
3654,3655
3654,3669
3655,3638
3655,3639
3655,3654
3655,3670
3656,3639
3656,3662
3656,3670
3657,3640
3657,3671
3657,3672
3658,3640
3658,3641
3658,3672
3658,3673
3659,3641
3659,3642
3659,3673
3659,3674
3660,3642
3660,3643
3660,3674
3660,3675
3661,3643
3661,3644
3661,3675
3661,3676
3662,3644
3662,3656
3662,3676
3663,3647
3663,3649
3663,3677
3664,3648
3664,3650
3664,3678
3664,3679
3665,3648
3665,3649
3665,3679
3665,3680
3666,3649
3666,3677
3666,3681
3666,3682
3667,3650
3667,3651
3667,3678
3667,3683
3668,3651
3668,3652
3668,3683
3669,3653
3669,3654
3669,3670
3670,3655
3670,3656
3670,3669
3671,3657
3671,3684
3671,3685
3672,3657
3672,3658
3672,3685
3672,3686
3673,3658
3673,3659
3673,3686
3673,3687
3674,3659
3674,3660
3674,3688
3674,3689
3675,3660
3675,3661
3675,3688
3675,3690
3676,3661
3676,3662
3676,3690
3677,3663
3677,3666
3677,3691
3678,3664
3678,3667
3678,3692
3678,3693
3679,3664
3679,3665
3679,3693
3679,3694
3680,3665
3680,3682
3680,3695
3680,3696
3681,3666
3681,3691
3681,3697
3681,3698
3682,3666
3682,3680
3682,3698
3683,3667
3683,3668
3683,3692
3684,3671
3684,3699
3684,3700
3685,3671
3685,3672
3685,3700
3685,3701
3686,3672
3686,3673
3686,3701
3686,3702
3687,3673
3687,3689
3687,3702
3687,3703
3688,3674
3688,3675
3688,3704
3688,3705
3689,3674
3689,3687
3689,3705
3689,3706
3690,3675
3690,3676
3690,3704
3691,3677
3691,3681
3691,3707
3692,3678
3692,3683
3692,3708
3693,3678
3693,3679
3693,3708
3693,3709
3694,3679
3694,3695
3694,3709
3694,3710
3695,3680
3695,3694
3695,3711
3695,3712
3696,3680
3696,3698
3696,3712
3696,3713
3697,3681
3697,3707
3697,3714
3697,3715
3698,3681
3698,3682
3698,3696
3698,3715
3699,3684
3699,3716
3699,3717
3699,3718
3700,3684
3700,3685
3700,3718
3700,3719
3701,3685
3701,3686
3701,3719
3701,3720
3702,3686
3702,3687
3702,3720
3702,3721
3703,3687
3703,3706
3703,3721
3703,3722
3704,3688
3704,3690
3704,3723
3705,3688
3705,3689
3705,3706
3705,3723
3706,3689
3706,3703
3706,3705
3706,3724
3707,3691
3707,3697
3707,3725
3707,3726
3708,3692
3708,3693
3708,3727
3709,3693
3709,3694
3709,3710
3709,3727
3710,3694
3710,3709
3710,3711
3710,3728
3711,3695
3711,3710
3711,3729
3711,3730
3712,3695
3712,3696
3712,3730
3712,3731
3713,3696
3713,3715
3713,3731
3713,3732
3714,3697
3714,3726
3714,3733
3714,3734
3715,3697
3715,3698
3715,3713
3715,3733
3716,3699
3716,3735
3716,3736
3717,3699
3717,3736
3717,3737
3717,3738
3718,3699
3718,3700
3718,3737
3718,3739
3719,3700
3719,3701
3719,3739
3719,3740
3720,3701
3720,3702
3720,3740
3720,3741
3721,3702
3721,3703
3721,3741
3721,3742
3722,3703
3722,3724
3722,3742
3723,3704
3723,3705
3723,3724
3724,3706
3724,3722
3724,3723
3725,3707
3725,3743
3725,3744
3726,3707
3726,3714
3726,3744
3726,3745
3727,3708
3727,3709
3727,3728
3728,3710
3728,3727
3728,3729
3729,3711
3729,3728
3729,3746
3730,3711
3730,3712
3730,3746
3730,3747
3731,3712
3731,3713
3731,3747
3731,3748
3732,3713
3732,3733
3732,3748
3732,3749
3733,3714
3733,3715
3733,3732
3733,3750
3734,3714
3734,3745
3734,3750
3734,3751
3735,3716
3735,3752
3735,3753
3736,3716
3736,3717
3736,3753
3736,3754
3737,3717
3737,3718
3737,3755
3737,3756
3738,3717
3738,3754
3738,3756
3738,3757
3739,3718
3739,3719
3739,3755
3739,3758
3740,3719
3740,3720
3740,3758
3740,3759
3741,3720
3741,3721
3741,3759
3741,3760
3742,3721
3742,3722
3742,3760
3743,3725
3743,3752
3743,3761
3744,3725
3744,3726
3744,3761
3744,3762
3745,3726
3745,3734
3745,3762
3745,3763
3746,3729
3746,3730
3746,3764
3747,3730
3747,3731
3747,3764
3747,3765
3748,3731
3748,3732
3748,3765
3748,3766
3749,3732
3749,3750
3749,3766
3749,3767
3750,3733
3750,3734
3750,3749
3750,3768
3751,3734
3751,3763
3751,3768
3751,3769
3752,3735
3752,3743
3752,3770
3753,3735
3753,3736
3753,3770
3753,3771
3754,3736
3754,3738
3754,3771
3754,3772
3755,3737
3755,3739
3755,3773
3755,3774
3756,3737
3756,3738
3756,3774
3756,3775
3757,3738
3757,3775
3757,3776
3757,3777
3758,3739
3758,3740
3758,3773
3758,3778
3759,3740
3759,3741
3759,3778
3759,3779
3760,3741
3760,3742
3760,3779
3761,3743
3761,3744
3761,3770
3761,3780
3762,3744
3762,3745
3762,3780
3762,3781
3763,3745
3763,3751
3763,3781
3763,3782
3764,3746
3764,3747
3764,3783
3765,3747
3765,3748
3765,3783
3765,3784
3766,3748
3766,3749
3766,3784
3766,3785
3767,3749
3767,3768
3767,3785
3767,3786
3768,3750
3768,3751
3768,3767
3768,3787
3769,3751
3769,3782
3769,3787
3769,3788
3770,3752
3770,3753
3770,3761
3770,3789
3771,3753
3771,3754
3771,3789
3771,3790
3772,3754
3772,3777
3772,3790
3772,3791
3773,3755
3773,3758
3773,3792
3773,3793
3774,3755
3774,3756
3774,3793
3774,3794
3775,3756
3775,3757
3775,3794
3775,3795
3776,3757
3776,3795
3776,3796
3776,3797
3777,3757
3777,3772
3777,3797
3777,3798
3778,3758
3778,3759
3778,3792
3778,3799
3779,3759
3779,3760
3779,3799
3780,3761
3780,3762
3780,3789
3780,3800
3781,3762
3781,3763
3781,3800
3781,3801
3782,3763
3782,3769
3782,3801
3782,3802
3783,3764
3783,3765
3783,3803
3784,3765
3784,3766
3784,3803
3784,3804
3785,3766
3785,3767
3785,3804
3785,3805
3786,3767
3786,3787
3786,3805
3786,3806
3787,3768
3787,3769
3787,3786
3787,3807
3788,3769
3788,3802
3788,3807
3788,3808
3789,3770
3789,3771
3789,3780
3789,3790
3790,3771
3790,3772
3790,3789
3790,3800
3791,3772
3791,3798
3791,3809
3791,3810
3792,3773
3792,3778
3792,3811
3792,3812
3793,3773
3793,3774
3793,3812
3793,3813
3794,3774
3794,3775
3794,3795
3794,3813
3795,3775
3795,3776
3795,3794
3795,3814
3796,3776
3796,3814
3796,3815
3796,3816
3797,3776
3797,3777
3797,3816
3797,3817
3798,3777
3798,3791
3798,3817
3798,3818
3799,3778
3799,3779
3799,3811
3800,3780
3800,3781
3800,3790
3800,3810
3801,3781
3801,3782
3801,3810
3801,3819
3802,3782
3802,3788
3802,3819
3802,3820
3803,3783
3803,3784
3803,3821
3804,3784
3804,3785
3804,3821
3804,3822
3805,3785
3805,3786
3805,3822
3805,3823
3806,3786
3806,3807
3806,3824
3806,3825
3807,3787
3807,3788
3807,3806
3807,3826
3808,3788
3808,3820
3808,3826
3808,3827
3809,3791
3809,3818
3809,3828
3809,3829
3810,3791
3810,3800
3810,3801
3810,3829
3811,3792
3811,3799
3811,3830
3812,3792
3812,3793
3812,3830
3812,3831
3813,3793
3813,3794
3813,3814
3813,3831
3814,3795
3814,3796
3814,3813
3814,3832
3815,3796
3815,3832
3815,3833
3815,3834
3816,3796
3816,3797
3816,3834
3816,3835
3817,3797
3817,3798
3817,3835
3817,3836
3818,3798
3818,3809
3818,3836
3818,3837
3819,3801
3819,3802
3819,3829
3819,3838
3820,3802
3820,3808
3820,3838
3820,3839
3821,3803
3821,3804
3821,3840
3822,3804
3822,3805
3822,3823
3822,3840
3823,3805
3823,3822
3823,3825
3823,3841
3824,3806
3824,3842
3824,3843
3824,3844
3825,3806
3825,3823
3825,3844
3825,3845
3826,3807
3826,3808
3826,3843
3826,3846
3827,3808
3827,3839
3827,3846
3827,3847
3828,3809
3828,3837
3828,3848
3828,3849
3829,3809
3829,3810
3829,3819
3829,3849
3830,3811
3830,3812
3830,3850
3831,3812
3831,3813
3831,3832
3831,3850
3832,3814
3832,3815
3832,3831
3832,3851
3833,3815
3833,3851
3833,3852
3834,3815
3834,3816
3834,3852
3834,3853
3835,3816
3835,3817
3835,3853
3835,3854
3836,3817
3836,3818
3836,3854
3836,3855
3837,3818
3837,3828
3837,3855
3837,3856
3838,3819
3838,3820
3838,3849
3838,3857
3839,3820
3839,3827
3839,3857
3839,3858
3840,3821
3840,3822
3840,3841
3841,3823
3841,3840
3841,3845
3842,3824
3842,3859
3842,3860
3842,3861
3843,3824
3843,3826
3843,3860
3843,3862
3844,3824
3844,3825
3844,3861
3844,3863
3845,3825
3845,3841
3845,3863
3846,3826
3846,3827
3846,3862
3846,3864
3847,3827
3847,3864
3847,3865
3847,3866
3848,3828
3848,3856
3848,3867
3848,3868
3849,3828
3849,3829
3849,3838
3849,3868
3850,3830
3850,3831
3850,3851
3851,3832
3851,3833
3851,3850
3852,3833
3852,3834
3852,3869
3853,3834
3853,3835
3853,3869
3853,3870
3854,3835
3854,3836
3854,3870
3854,3871
3855,3836
3855,3837
3855,3872
3855,3873
3856,3837
3856,3848
3856,3873
3856,3874
3857,3838
3857,3839
3857,3868
3857,3875
3858,3839
3858,3866
3858,3875
3858,3876
3859,3842
3859,3861
3859,3877
3859,3878
3860,3842
3860,3843
3860,3878
3860,3879
3861,3842
3861,3844
3861,3859
3861,3880
3862,3843
3862,3846
3862,3879
3862,3881
3863,3844
3863,3845
3863,3880
3864,3846
3864,3847
3864,3881
3864,3882
3865,3847
3865,3882
3865,3883
3865,3884
3866,3847
3866,3858
3866,3884
3866,3885
3867,3848
3867,3874
3867,3886
3867,3887
3868,3848
3868,3849
3868,3857
3868,3887
3869,3852
3869,3853
3869,3888
3870,3853
3870,3854
3870,3888
3870,3889
3871,3854
3871,3872
3871,3889
3871,3890
3872,3855
3872,3871
3872,3891
3872,3892
3873,3855
3873,3856
3873,3892
3873,3893
3874,3856
3874,3867
3874,3893
3874,3894
3875,3857
3875,3858
3875,3887
3875,3895
3876,3858
3876,3885
3876,3895
3876,3896
3877,3859
3877,3880
3877,3897
3878,3859
3878,3860
3878,3897
3878,3898
3879,3860
3879,3862
3879,3898
3879,3899
3880,3861
3880,3863
3880,3877
3881,3862
3881,3864
3881,3899
3881,3900
3882,3864
3882,3865
3882,3900
3882,3901
3883,3865
3883,3901
3883,3902
3883,3903
3884,3865
3884,3866
3884,3903
3884,3904
3885,3866
3885,3876
3885,3904
3885,3905
3886,3867
3886,3894
3886,3906
3886,3907
3887,3867
3887,3868
3887,3875
3887,3908
3888,3869
3888,3870
3888,3909
3889,3870
3889,3871
3889,3890
3889,3909
3890,3871
3890,3889
3890,3891
3890,3910
3891,3872
3891,3890
3891,3911
3891,3912
3892,3872
3892,3873
3892,3912
3892,3913
3893,3873
3893,3874
3893,3913
3893,3914
3894,3874
3894,3886
3894,3914
3894,3915
3895,3875
3895,3876
3895,3908
3895,3916
3896,3876
3896,3905
3896,3916
3896,3917
3897,3877
3897,3878
3897,3918
3898,3878
3898,3879
3898,3918
3898,3919
3899,3879
3899,3881
3899,3919
3899,3920
3900,3881
3900,3882
3900,3920
3900,3921
3901,3882
3901,3883
3901,3921
3901,3922
3902,3883
3902,3922
3902,3923
3902,3924
3903,3883
3903,3884
3903,3924
3903,3925
3904,3884
3904,3885
3904,3925
3904,3926
3905,3885
3905,3896
3905,3926
3905,3927
3906,3886
3906,3915
3906,3928
3906,3929
3907,3886
3907,3908
3907,3930
3907,3931
3908,3887
3908,3895
3908,3907
3908,3932
3909,3888
3909,3889
3909,3910
3910,3890
3910,3909
3910,3911
3911,3891
3911,3910
3911,3933
3912,3891
3912,3892
3912,3933
3912,3934
3913,3892
3913,3893
3913,3934
3913,3935
3914,3893
3914,3894
3914,3935
3914,3936
3915,3894
3915,3906
3915,3936
3915,3937
3916,3895
3916,3896
3916,3932
3916,3938
3917,3896
3917,3938
3917,3939
3917,3940
3918,3897
3918,3898
3918,3941
3919,3898
3919,3899
3919,3941
3919,3942
3920,3899
3920,3900
3920,3921
3920,3942
3921,3900
3921,3901
3921,3920
3921,3943
3922,3901
3922,3902
3922,3943
3922,3944
3923,3902
3923,3944
3923,3945
3924,3902
3924,3903
3924,3945
3924,3946
3925,3903
3925,3904
3925,3946
3925,3947
3926,3904
3926,3905
3926,3947
3926,3948
3927,3905
3927,3940
3927,3948
3927,3949
3928,3906
3928,3937
3928,3950
3928,3951
3929,3906
3929,3930
3929,3951
3929,3952
3930,3907
3930,3929
3930,3953
3930,3954
3931,3907
3931,3932
3931,3954
3931,3955
3932,3908
3932,3916
3932,3931
3932,3956
3933,3911
3933,3912
3933,3957
3934,3912
3934,3913
3934,3957
3934,3958
3935,3913
3935,3914
3935,3958
3935,3959
3936,3914
3936,3915
3936,3959
3936,3960
3937,3915
3937,3928
3937,3960
3937,3961
3938,3916
3938,3917
3938,3956
3938,3962
3939,3917
3939,3962
3939,3963
3939,3964
3940,3917
3940,3927
3940,3964
3940,3965
3941,3918
3941,3919
3941,3966
3942,3919
3942,3920
3942,3943
3942,3966
3943,3921
3943,3922
3943,3942
3943,3967
3944,3922
3944,3923
3944,3967
3945,3923
3945,3924
3945,3968
3946,3924
3946,3925
3946,3968
3946,3969
3947,3925
3947,3926
3947,3948
3947,3969
3948,3926
3948,3927
3948,3947
3948,3970
3949,3927
3949,3965
3949,3970
3949,3971
3950,3928
3950,3961
3950,3972
3950,3973
3951,3928
3951,3929
3951,3973
3951,3974
3952,3929
3952,3953
3952,3974
3952,3975
3953,3930
3953,3952
3953,3954
3953,3976
3954,3930
3954,3931
3954,3953
3954,3977
3955,3931
3955,3956
3955,3977
3955,3978
3956,3932
3956,3938
3956,3955
3956,3979
3957,3933
3957,3934
3957,3980
3958,3934
3958,3935
3958,3980
3958,3981
3959,3935
3959,3936
3959,3981
3959,3982
3960,3936
3960,3937
3960,3982
3960,3983
3961,3937
3961,3950
3961,3983
3961,3984
3962,3938
3962,3939
3962,3979
3962,3985
3963,3939
3963,3985
3963,3986
3963,3987
3964,3939
3964,3940
3964,3988
3964,3989
3965,3940
3965,3949
3965,3989
3965,3990
3966,3941
3966,3942
3966,3967
3967,3943
3967,3944
3967,3966
3968,3945
3968,3946
3968,3991
3969,3946
3969,3947
3969,3991
3969,3992
3970,3948
3970,3949
3970,3992
3970,3993
3971,3949
3971,3990
3971,3993
3971,3994
3972,3950
3972,3984
3972,3995
3972,3996
3973,3950
3973,3951
3973,3996
3973,3997
3974,3951
3974,3952
3974,3997
3974,3998
3975,3952
3975,3976
3975,3999
3975,4000
3976,3953
3976,3975
3976,3977
3976,4001
3977,3954
3977,3955
3977,3976
3977,4002
3978,3955
3978,3979
3978,4002
3978,4003
3979,3956
3979,3962
3979,3978
3979,4004
3980,3957
3980,3958
3980,4005
3981,3958
3981,3959
3981,4005
3981,4006
3982,3959
3982,3960
3982,3983
3982,4006
3983,3960
3983,3961
3983,3982
3983,4007
3984,3961
3984,3972
3984,4007
3984,4008
3985,3962
3985,3963
3985,4004
3985,4009
3986,3963
3986,3988
3986,4010
3986,4011
3987,3963
3987,4009
3987,4010
3987,4012
3988,3964
3988,3986
3988,4013
3988,4014
3989,3964
3989,3965
3989,4014
3989,4015
3990,3965
3990,3971
3990,4015
3990,4016
3991,3968
3991,3969
3991,4017
3992,3969
3992,3970
3992,4017
3992,4018
3993,3970
3993,3971
3993,4018
3993,4019
3994,3971
3994,4016
3994,4019
3994,4020
3995,3972
3995,4008
3995,4021
3996,3972
3996,3973
3996,4021
3996,4022
3997,3973
3997,3974
3997,4022
3997,4023
3998,3974
3998,3999
3998,4023
3998,4024
3999,3975
3999,3998
3999,4025
3999,4026
4000,3975
4000,4001
4000,4026
4000,4027
4001,3976
4001,4000
4001,4002
4001,4028
4002,3977
4002,3978
4002,4001
4002,4029
4003,3978
4003,4004
4003,4029
4003,4030
4004,3979
4004,3985
4004,4003
4004,4031
4005,3980
4005,3981
4005,4032
4006,3981
4006,3982
4006,4007
4006,4032
4007,3983
4007,3984
4007,4006
4007,4033
4008,3984
4008,3995
4008,4033
4009,3985
4009,3987
4009,4031
4010,3986
4010,3987
4010,4034
4010,4035
4011,3986
4011,4013
4011,4034
4011,4036
4012,3987
4012,4037
4012,4038
4013,3988
4013,4011
4013,4014
4013,4039
4014,3988
4014,3989
4014,4013
4014,4040
4015,3989
4015,3990
4015,4040
4015,4041
4016,3990
4016,3994
4016,4041
4016,4042
4017,3991
4017,3992
4017,4043
4018,3992
4018,3993
4018,4019
4018,4043
4019,3993
4019,3994
4019,4018
4019,4044
4020,3994
4020,4042
4020,4044
4021,3995
4021,3996
4021,4045
4022,3996
4022,3997
4022,4045
4022,4046
4023,3997
4023,3998
4023,4024
4023,4046
4024,3998
4024,4023
4024,4025
4024,4047
4025,3999
4025,4024
4025,4048
4025,4049
4026,3999
4026,4000
4026,4050
4026,4051
4027,4000
4027,4028
4027,4052
4027,4053
4028,4001
4028,4027
4028,4029
4028,4054
4029,4002
4029,4003
4029,4028
4029,4055
4030,4003
4030,4031
4030,4055
4031,4004
4031,4009
4031,4030
4032,4005
4032,4006
4032,4033
4033,4007
4033,4008
4033,4032
4034,4010
4034,4011
4034,4056
4034,4057
4035,4010
4035,4038
4035,4057
4035,4058
4036,4011
4036,4039
4036,4056
4036,4059
4037,4012
4037,4060
4037,4061
4038,4012
4038,4035
4038,4061
4038,4062
4039,4013
4039,4036
4039,4040
4039,4063
4040,4014
4040,4015
4040,4039
4040,4064
4041,4015
4041,4016
4041,4064
4041,4065
4042,4016
4042,4020
4042,4065
4043,4017
4043,4018
4043,4044
4044,4019
4044,4020
4044,4043
4045,4021
4045,4022
4045,4066
4046,4022
4046,4023
4046,4047
4046,4066
4047,4024
4047,4046
4047,4048
4047,4067
4048,4025
4048,4047
4048,4068
4048,4069
4049,4025
4049,4050
4049,4069
4049,4070
4050,4026
4050,4049
4050,4071
4050,4072
4051,4026
4051,4053
4051,4072
4051,4073
4052,4027
4052,4054
4052,4074
4052,4075
4053,4027
4053,4051
4053,4075
4053,4076
4054,4028
4054,4052
4054,4055
4055,4029
4055,4030
4055,4054
4056,4034
4056,4036
4056,4077
4056,4078
4057,4034
4057,4035
4057,4078
4057,4079
4058,4035
4058,4062
4058,4079
4058,4080
4059,4036
4059,4063
4059,4077
4059,4081
4060,4037
4060,4082
4060,4083
4061,4037
4061,4038
4061,4083
4061,4084
4062,4038
4062,4058
4062,4084
4062,4085
4063,4039
4063,4059
4063,4064
4063,4086
4064,4040
4064,4041
4064,4063
4064,4087
4065,4041
4065,4042
4065,4087
4066,4045
4066,4046
4066,4067
4067,4047
4067,4066
4067,4068
4068,4048
4068,4067
4068,4088
4069,4048
4069,4049
4069,4070
4069,4088
4070,4049
4070,4069
4070,4071
4070,4089
4071,4050
4071,4070
4071,4090
4071,4091
4072,4050
4072,4051
4072,4073
4072,4091
4073,4051
4073,4072
4073,4076
4073,4092
4074,4052
4074,4093
4074,4094
4075,4052
4075,4053
4075,4094
4075,4095
4076,4053
4076,4073
4076,4095
4076,4096
4077,4056
4077,4059
4077,4097
4077,4098
4078,4056
4078,4057
4078,4099
4079,4057
4079,4058
4079,4099
4079,4100
4080,4058
4080,4085
4080,4100
4080,4101
4081,4059
4081,4086
4081,4097
4082,4060
4082,4102
4082,4103
4083,4060
4083,4061
4083,4102
4083,4104
4084,4061
4084,4062
4084,4104
4084,4105
4085,4062
4085,4080
4085,4105
4085,4106
4086,4063
4086,4081
4086,4087
4087,4064
4087,4065
4087,4086
4088,4068
4088,4069
4088,4089
4089,4070
4089,4088
4089,4090
4090,4071
4090,4089
4090,4107
4091,4071
4091,4072
4091,4092
4091,4107
4092,4073
4092,4091
4092,4096
4092,4108
4093,4074
4093,4109
4093,4110
4094,4074
4094,4075
4094,4111
4094,4112
4095,4075
4095,4076
4095,4112
4095,4113
4096,4076
4096,4092
4096,4113
4096,4114
4097,4077
4097,4081
4097,4115
4098,4077
4098,4099
4098,4115
4098,4116
4099,4078
4099,4079
4099,4098
4099,4116
4100,4079
4100,4080
4100,4116
4100,4117
4101,4080
4101,4106
4101,4117
4102,4082
4102,4083
4102,4118
4102,4119
4103,4082
4103,4120
4103,4121
4104,4083
4104,4084
4104,4118
4104,4122
4105,4084
4105,4085
4105,4122
4105,4123
4106,4085
4106,4101
4106,4123
4107,4090
4107,4091
4107,4108
4108,4092
4108,4107
4108,4114
4109,4093
4109,4124
4109,4125
4110,4093
4110,4111
4110,4126
4110,4127
4111,4094
4111,4110
4111,4112
4111,4128
4112,4094
4112,4095
4112,4111
4112,4129
4113,4095
4113,4096
4113,4129
4113,4130
4114,4096
4114,4108
4114,4130
4115,4097
4115,4098
4115,4131
4116,4098
4116,4099
4116,4100
4116,4131
4117,4100
4117,4101
4117,4131
4118,4102
4118,4104
4118,4132
4118,4133
4119,4102
4119,4121
4119,4133
4119,4134
4120,4103
4120,4135
4120,4136
4121,4103
4121,4119
4121,4137
4121,4138
4122,4104
4122,4105
4122,4132
4122,4139
4123,4105
4123,4106
4123,4139
4124,4109
4124,4140
4124,4141
4125,4109
4125,4127
4125,4141
4125,4142
4126,4110
4126,4128
4126,4143
4126,4144
4127,4110
4127,4125
4127,4144
4127,4145
4128,4111
4128,4126
4128,4129
4128,4146
4129,4112
4129,4113
4129,4128
4129,4147
4130,4113
4130,4114
4130,4147
4131,4115
4131,4116
4131,4117
4132,4118
4132,4122
4132,4148
4132,4149
4133,4118
4133,4119
4133,4149
4133,4150
4134,4119
4134,4138
4134,4150
4134,4151
4135,4120
4135,4152
4135,4153
4136,4120
4136,4137
4136,4153
4136,4154
4137,4121
4137,4136
4137,4155
4137,4156
4138,4121
4138,4134
4138,4157
4138,4158
4139,4122
4139,4123
4139,4148
4140,4124
4140,4159
4140,4160
4140,4161
4141,4124
4141,4125
4141,4160
4141,4162
4142,4125
4142,4145
4142,4162
4142,4163
4143,4126
4143,4146
4143,4164
4144,4126
4144,4127
4144,4145
4144,4164
4145,4127
4145,4142
4145,4144
4145,4165
4146,4128
4146,4143
4146,4147
4147,4129
4147,4130
4147,4146
4148,4132
4148,4139
4148,4166
4149,4132
4149,4133
4149,4166
4149,4167
4150,4133
4150,4134
4150,4167
4150,4168
4151,4134
4151,4158
4151,4168
4151,4169
4152,4135
4152,4170
4152,4171
4153,4135
4153,4136
4153,4171
4153,4172
4154,4136
4154,4155
4154,4173
4154,4174
4155,4137
4155,4154
4155,4175
4155,4176
4156,4137
4156,4157
4156,4175
4156,4177
4157,4138
4157,4156
4157,4178
4157,4179
4158,4138
4158,4151
4158,4179
4158,4180
4159,4140
4159,4181
4159,4182
4160,4140
4160,4141
4160,4183
4160,4184
4161,4140
4161,4182
4161,4184
4161,4185
4162,4141
4162,4142
4162,4183
4162,4186
4163,4142
4163,4165
4163,4186
4164,4143
4164,4144
4164,4165
4165,4145
4165,4163
4165,4164
4166,4148
4166,4149
4166,4187
4167,4149
4167,4150
4167,4168
4167,4187
4168,4150
4168,4151
4168,4167
4168,4188
4169,4151
4169,4180
4169,4188
4170,4152
4170,4189
4170,4190
4171,4152
4171,4153
4171,4190
4171,4191
4172,4153
4172,4174
4172,4191
4172,4192
4173,4154
4173,4176
4173,4193
4173,4194
4174,4154
4174,4172
4174,4193
4174,4195
4175,4155
4175,4156
4175,4196
4175,4197
4176,4155
4176,4173
4176,4197
4176,4198
4177,4156
4177,4178
4177,4196
4177,4199
4178,4157
4178,4177
4178,4200
4178,4201
4179,4157
4179,4158
4179,4201
4179,4202
4180,4158
4180,4169
4180,4202
4181,4159
4181,4203
4181,4204
4181,4205
4182,4159
4182,4161
4182,4205
4182,4206
4183,4160
4183,4162
4183,4207
4183,4208
4184,4160
4184,4161
4184,4208
4184,4209
4185,4161
4185,4206
4185,4210
4185,4211
4186,4162
4186,4163
4186,4207
4187,4166
4187,4167
4187,4188
4188,4168
4188,4169
4188,4187
4189,4170
4189,4203
4189,4212
4190,4170
4190,4171
4190,4212
4190,4213
4191,4171
4191,4172
4191,4213
4191,4214
4192,4172
4192,4195
4192,4214
4192,4215
4193,4173
4193,4174
4193,4216
4193,4217
4194,4173
4194,4198
4194,4216
4194,4218
4195,4174
4195,4192
4195,4217
4195,4219
4196,4175
4196,4177
4196,4220
4196,4221
4197,4175
4197,4176
4197,4221
4197,4222
4198,4176
4198,4194
4198,4222
4198,4223
4199,4177
4199,4200
4199,4220
4199,4224
4200,4178
4200,4199
4200,4201
4200,4225
4201,4178
4201,4179
4201,4200
4201,4226
4202,4179
4202,4180
4202,4226
4203,4181
4203,4189
4203,4227
4204,4181
4204,4227
4204,4228
4204,4229
4205,4181
4205,4182
4205,4206
4205,4229
4206,4182
4206,4185
4206,4205
4206,4230
4207,4183
4207,4186
4207,4231
4208,4183
4208,4184
4208,4231
4208,4232
4209,4184
4209,4210
4209,4232
4209,4233
4210,4185
4210,4209
4210,4234
4210,4235
4211,4185
4211,4230
4211,4235
4211,4236
4212,4189
4212,4190
4212,4227
4212,4237
4213,4190
4213,4191
4213,4237
4213,4238
4214,4191
4214,4192
4214,4239
4214,4240
4215,4192
4215,4219
4215,4241
4215,4242
4216,4193
4216,4194
4216,4243
4216,4244
4217,4193
4217,4195
4217,4244
4217,4245
4218,4194
4218,4223
4218,4243
4218,4246
4219,4195
4219,4215
4219,4247
4219,4248
4220,4196
4220,4199
4220,4249
4220,4250
4221,4196
4221,4197
4221,4250
4221,4251
4222,4197
4222,4198
4222,4251
4222,4252
4223,1
4223,4198
4223,4218
4223,4252
4224,4199
4224,4225
4224,4249
4225,4200
4225,4224
4225,4226
4226,4201
4226,4202
4226,4225
4227,4203
4227,4204
4227,4212
4227,4253
4228,4204
4228,4253
4228,4254
4228,4255
4229,4204
4229,4205
4229,4230
4229,4256
4230,4206
4230,4211
4230,4229
4230,4236
4231,4207
4231,4208
4231,4257
4232,4208
4232,4209
4232,4233
4232,4257
4233,4209
4233,4232
4233,4234
4233,4258
4234,4210
4234,4233
4234,4259
4234,4260
4235,4210
4235,4211
4235,4260
4235,4261
4236,4211
4236,4230
4236,4256
4236,4261
4237,4212
4237,4213
4237,4253
4237,4262
4238,4213
4238,4240
4238,4262
4239,4214
4239,4242
4239,4263
4239,4264
4240,4214
4240,4238
4240,4263
4240,4265
4241,4215
4241,4247
4241,4266
4241,4267
4242,4215
4242,4239
4242,4267
4242,4268
4243,4216
4243,4218
4243,4269
4243,4270
4244,4216
4244,4217
4244,4269
4245,4217
4245,4248
4245,4269
4245,4271
4246,1
4246,6
4246,4218
4246,4270
4247,4219
4247,4241
4247,4272
4247,4273
4248,4219
4248,4245
4248,4273
4248,4274
4249,4220
4249,4224
4249,4275
4250,4220
4250,4221
4250,4275
4250,4276
4251,4221
4251,4222
4251,4276
4251,4277
4252,2
4252,4222
4252,4223
4252,4277
4253,4227
4253,4228
4253,4237
4253,4278
4254,4228
4254,4256
4254,4279
4254,4280
4255,4228
4255,4278
4255,4280
4255,4281
4256,4229
4256,4236
4256,4254
4256,4282
4257,4231
4257,4232
4257,4258
4258,4233
4258,4257
4258,4259
4259,4234
4259,4258
4259,4283
4260,4234
4260,4235
4260,4283
4260,4284
4261,4235
4261,4236
4261,4282
4261,4284
4262,4237
4262,4238
4262,4265
4262,4285
4263,4239
4263,4240
4263,4286
4263,4287
4264,4239
4264,4268
4264,4286
4264,4288
4265,4240
4265,4262
4265,4287
4265,4289
4266,4241
4266,4272
4266,4290
4266,4291
4267,4241
4267,4242
4267,4268
4267,4291
4268,4242
4268,4264
4268,4267
4268,4292
4269,4243
4269,4244
4269,4245
4269,4293
4270,4243
4270,4246
4270,4293
4270,4294
4271,4245
4271,4274
4271,4293
4271,4295
4272,4247
4272,4266
4272,4296
4272,4297
4273,4247
4273,4248
4273,4297
4273,4298
4274,4248
4274,4271
4274,4298
4274,4299
4275,4249
4275,4250
4275,4300
4276,4250
4276,4251
4276,4300
4276,4301
4277,4
4277,4251
4277,4252
4277,4301
4278,4253
4278,4255
4278,4285
4278,4302
4279,4254
4279,4282
4279,4303
4279,4304
4280,4254
4280,4255
4280,4304
4280,4305
4281,4255
4281,4302
4281,4305
4281,4306
4282,4256
4282,4261
4282,4279
4282,4307
4283,4259
4283,4260
4283,4308
4284,4260
4284,4261
4284,4307
4284,4308
4285,4262
4285,4278
4285,4289
4285,4309
4286,4263
4286,4264
4286,4310
4286,4311
4287,4263
4287,4265
4287,4311
4287,4312
4288,4264
4288,4292
4288,4310
4288,4313
4289,4265
4289,4285
4289,4312
4289,4314
4290,4266
4290,4296
4290,4315
4290,4316
4291,4266
4291,4267
4291,4292
4291,4316
4292,4268
4292,4288
4292,4291
4292,4317
4293,4269
4293,4270
4293,4271
4293,4318
4294,4270
4294,4318
4294,4319
4294,4320
4295,4271
4295,4299
4295,4318
4295,4321
4296,4272
4296,4290
4296,4322
4296,4323
4297,4272
4297,4273
4297,4323
4297,4324
4298,4273
4298,4274
4298,4324
4298,4325
4299,4274
4299,4295
4299,4325
4299,4326
4300,4275
4300,4276
4300,4327
4301,7
4301,4276
4301,4277
4301,4327
4302,4278
4302,4281
4302,4309
4302,4328
4303,4279
4303,4307
4303,4329
4303,4330
4304,4279
4304,4280
4304,4330
4304,4331
4305,4280
4305,4281
4305,4331
4305,4332
4306,4281
4306,4328
4306,4332
4306,4333
4307,4282
4307,4284
4307,4303
4307,4334
4308,4283
4308,4284
4308,4334
4309,4285
4309,4302
4309,4314
4309,4335
4310,4286
4310,4288
4310,4336
4310,4337
4311,4286
4311,4287
4311,4337
4311,4338
4312,4287
4312,4289
4312,4338
4312,4339
4313,4288
4313,4317
4313,4336
4313,4340
4314,4289
4314,4309
4314,4339
4314,4341
4315,4290
4315,4322
4315,4342
4316,4290
4316,4291
4316,4317
4316,4342
4317,4292
4317,4313
4317,4316
4317,4343
4318,4293
4318,4294
4318,4295
4318,4344
4319,24
4319,4294
4319,4344
4319,4345
4320,6
4320,13
4320,4294
4320,4345
4321,28
4321,4295
4321,4326
4321,4344
4322,72
4322,4296
4322,4315
4322,4346
4323,4296
4323,4297
4323,4346
4323,4347
4324,4297
4324,4298
4324,4347
4324,4348
4325,4298
4325,4299
4325,4348
4325,4349
4326,30
4326,4299
4326,4321
4326,4349
4327,10
4327,4300
4327,4301
4328,4302
4328,4306
4328,4335
4328,4350
4329,4303
4329,4334
4329,4351
4330,4303
4330,4304
4330,4351
4330,4352
4331,4304
4331,4305
4331,4352
4331,4353
4332,4305
4332,4306
4332,4353
4332,4354
4333,4306
4333,4350
4333,4354
4333,4355
4334,4307
4334,4308
4334,4329
4335,4309
4335,4328
4335,4341
4335,4356
4336,4310
4336,4313
4336,4357
4336,4358
4337,4310
4337,4311
4337,4358
4337,4359
4338,4311
4338,4312
4338,4359
4338,4360
4339,4312
4339,4314
4339,4360
4339,4361
4340,4313
4340,4343
4340,4357
4341,4314
4341,4335
4341,4361
4341,4362
4342,4315
4342,4316
4342,4343
4343,4317
4343,4340
4343,4342
4344,26
4344,4318
4344,4319
4344,4321
4345,16
4345,22
4345,4319
4345,4320
4346,54
4346,65
4346,4322
4346,4323
4347,54
4347,4323
4347,4324
4347,4363
4348,4324
4348,4325
4348,4363
4348,4364
4349,32
4349,4325
4349,4326
4349,4364
4350,4328
4350,4333
4350,4356
4350,4365
4351,4329
4351,4330
4351,4366
4352,4330
4352,4331
4352,4366
4352,4367
4353,4331
4353,4332
4353,4354
4353,4367
4354,4332
4354,4333
4354,4353
4354,4368
4355,4333
4355,4365
4355,4368
4355,4369
4356,4335
4356,4350
4356,4362
4356,4370
4357,4336
4357,4340
4357,4371
4358,4336
4358,4337
4358,4371
4358,4372
4359,4337
4359,4338
4359,4372
4359,4373
4360,4338
4360,4339
4360,4373
4360,4374
4361,4339
4361,4341
4361,4375
4361,4376
4362,4341
4362,4356
4362,4375
4362,4377
4363,45
4363,4347
4363,4348
4363,4378
4364,34
4364,4348
4364,4349
4364,4378
4365,4350
4365,4355
4365,4370
4365,4379
4366,4351
4366,4352
4366,4380
4367,4352
4367,4353
4367,4368
4367,4380
4368,4354
4368,4355
4368,4367
4368,4381
4369,4355
4369,4379
4369,4381
4370,4356
4370,4365
4370,4377
4370,4382
4371,4357
4371,4358
4371,4383
4371,4384
4372,4358
4372,4359
4372,4384
4372,4385
4373,4359
4373,4360
4373,4386
4374,4360
4374,4376
4374,4387
4374,4388
4375,4361
4375,4362
4375,4389
4375,4390
4376,4361
4376,4374
4376,4390
4376,4391
4377,4362
4377,4370
4377,4389
4377,4392
4378,36
4378,41
4378,4363
4378,4364
4379,4365
4379,4369
4379,4382
4380,4366
4380,4367
4380,4381
4381,4368
4381,4369
4381,4380
4382,4370
4382,4379
4382,4392
4383,4371
4383,4393
4383,4394
4384,4371
4384,4372
4384,4394
4384,4395
4385,4372
4385,4386
4385,4395
4385,4396
4386,4373
4386,4385
4386,4388
4386,4397
4387,4374
4387,4391
4387,4398
4387,4399
4388,4374
4388,4386
4388,4399
4388,4400
4389,4375
4389,4377
4389,4401
4389,4402
4390,4375
4390,4376
4390,4402
4390,4403
4391,4376
4391,4387
4391,4403
4391,4404
4392,4377
4392,4382
4392,4401
4393,4383
4393,4405
4393,4406
4394,4383
4394,4384
4394,4406
4394,4407
4395,4384
4395,4385
4395,4407
4395,4408
4396,4385
4396,4397
4396,4408
4396,4409
4397,4386
4397,4396
4397,4400
4397,4410
4398,4387
4398,4404
4398,4411
4398,4412
4399,4387
4399,4388
4399,4412
4399,4413
4400,4388
4400,4397
4400,4413
4400,4414
4401,4389
4401,4392
4401,4415
4402,4389
4402,4390
4402,4415
4402,4416
4403,4390
4403,4391
4403,4416
4403,4417
4404,4391
4404,4398
4404,4417
4404,4418
4405,4393
4405,4419
4405,4420
4406,4393
4406,4394
4406,4420
4406,4421
4407,4394
4407,4395
4407,4422
4407,4423
4408,4395
4408,4396
4408,4422
4408,4424
4409,4396
4409,4410
4409,4424
4409,4425
4410,4397
4410,4409
4410,4414
4410,4426
4411,4398
4411,4418
4411,4427
4412,4398
4412,4399
4412,4427
4412,4428
4413,4399
4413,4400
4413,4428
4413,4429
4414,4400
4414,4410
4414,4429
4414,4430
4415,4401
4415,4402
4415,4431
4416,4402
4416,4403
4416,4417
4416,4431
4417,4403
4417,4404
4417,4416
4417,4432
4418,4404
4418,4411
4418,4432
4419,4405
4419,4433
4419,4434
4420,4405
4420,4406
4420,4434
4420,4435
4421,4406
4421,4423
4421,4436
4422,4407
4422,4408
4422,4437
4422,4438
4423,4407
4423,4421
4423,4438
4423,4439
4424,4408
4424,4409
4424,4437
4424,4440
4425,4409
4425,4440
4425,4441
4425,4442
4426,4410
4426,4430
4426,4442
4426,4443
4427,4411
4427,4412
4427,4444
4428,4412
4428,4413
4428,4444
4428,4445
4429,4413
4429,4414
4429,4430
4429,4445
4430,4414
4430,4426
4430,4429
4430,4446
4431,4415
4431,4416
4431,4432
4432,4417
4432,4418
4432,4431
4433,186
4433,4419
4433,4447
4434,4419
4434,4420
4434,4447
4434,4448
4435,4420
4435,4436
4435,4448
4435,4449
4436,4421
4436,4435
4436,4439
4436,4450
4437,4422
4437,4424
4437,4451
4437,4452
4438,4422
4438,4423
4438,4452
4438,4453
4439,4423
4439,4436
4439,4453
4439,4454
4440,4424
4440,4425
4440,4451
4440,4455
4441,4425
4441,4455
4441,4456
4442,4425
4442,4426
4442,4443
4442,4456
4443,4426
4443,4442
4443,4446
4443,4457
4444,4427
4444,4428
4444,4458
4445,4428
4445,4429
4445,4446
4445,4458
4446,4430
4446,4443
4446,4445
4446,4459
4447,203
4447,4433
4447,4434
4447,4460
4448,4434
4448,4435
4448,4460
4448,4461
4449,4435
4449,4450
4449,4461
4449,4462
4450,4436
4450,4449
4450,4454
4450,4463
4451,4437
4451,4440
4451,4464
4451,4465
4452,4437
4452,4438
4452,4465
4452,4466
4453,4438
4453,4439
4453,4454
4453,4466
4454,4439
4454,4450
4454,4453
4454,4467
4455,4440
4455,4441
4455,4464
4456,4441
4456,4442
4456,4457
4457,4443
4457,4456
4457,4459
4458,4444
4458,4445
4458,4459
4459,4446
4459,4457
4459,4458
4460,4447
4460,4448
4460,4468
4460,4469
4461,4448
4461,4449
4461,4470
4461,4471
4462,4449
4462,4463
4462,4470
4462,4472
4463,4450
4463,4462
4463,4473
4463,4474
4464,4451
4464,4455
4464,4475
4465,4451
4465,4452
4465,4475
4465,4476
4466,4452
4466,4453
4466,4467
4466,4476
4467,4454
4467,4466
4467,4474
4467,4477
4468,203
4468,4460
4468,4478
4468,4479
4469,4460
4469,4471
4469,4478
4469,4480
4470,4461
4470,4462
4470,4481
4470,4482
4471,4461
4471,4469
4471,4480
4471,4482
4472,4462
4472,4473
4472,4481
4472,4483
4473,4463
4473,4472
4473,4484
4473,4485
4474,4463
4474,4467
4474,4485
4474,4486
4475,4464
4475,4465
4475,4487
4476,4465
4476,4466
4476,4477
4476,4487
4477,4467
4477,4476
4477,4486
4477,4488
4478,4468
4478,4469
4478,4489
4478,4490
4479,218
4479,4468
4479,4490
4479,4491
4480,4469
4480,4471
4480,4489
4480,4492
4481,4470
4481,4472
4481,4493
4481,4494
4482,4470
4482,4471
4482,4492
4482,4494
4483,4472
4483,4484
4483,4493
4484,4473
4484,4483
4484,4495
4485,4473
4485,4474
4485,4486
4485,4495
4486,4474
4486,4477
4486,4485
4486,4496
4487,4475
4487,4476
4487,4488
4488,4477
4488,4487
4488,4496
4489,4478
4489,4480
4489,4497
4489,4498
4490,4478
4490,4479
4490,4498
4490,4499
4491,236
4491,4479
4491,4499
4491,4500
4492,4480
4492,4482
4492,4497
4492,4501
4493,4481
4493,4483
4493,4502
4494,4481
4494,4482
4494,4501
4494,4502
4495,4484
4495,4485
4495,4496
4496,4486
4496,4488
4496,4495
4497,4489
4497,4492
4497,4503
4497,4504
4498,4489
4498,4490
4498,4504
4498,4505
4499,4490
4499,4491
4499,4506
4499,4507
4500,4491
4500,4507
4500,4508
4500,4509
4501,4492
4501,4494
4501,4503
4501,4510
4502,4493
4502,4494
4502,4510
4503,4497
4503,4501
4503,4511
4503,4512
4504,4497
4504,4498
4504,4512
4504,4513
4505,4498
4505,4506
4505,4513
4505,4514
4506,4499
4506,4505
4506,4515
4506,4516
4507,4499
4507,4500
4507,4508
4507,4516
4508,4500
4508,4507
4508,4517
4508,4518
4509,255
4509,4500
4509,4518
4509,4519
4510,4501
4510,4502
4510,4511
4511,4503
4511,4510
4511,4520
4512,4503
4512,4504
4512,4520
4512,4521
4513,4504
4513,4505
4513,4514
4513,4521
4514,4505
4514,4513
4514,4515
4514,4522
4515,4506
4515,4514
4515,4523
4515,4524
4516,4506
4516,4507
4516,4517
4516,4524
4517,4508
4517,4516
4517,4525
4517,4526
4518,4508
4518,4509
4518,4526
4518,4527
4519,4509
4519,4527
4519,4528
4519,4529
4520,4511
4520,4512
4520,4530
4521,4512
4521,4513
4521,4522
4521,4530
4522,4514
4522,4521
4522,4523
4522,4531
4523,4515
4523,4522
4523,4532
4523,4533
4524,4515
4524,4516
4524,4525
4524,4533
4525,4517
4525,4524
4525,4534
4525,4535
4526,4517
4526,4518
4526,4535
4526,4536
4527,4518
4527,4519
4527,4536
4527,4537
4528,255
4528,4519
4528,4538
4528,4539
4529,4519
4529,4537
4529,4538
4530,4520
4530,4521
4530,4531
4531,4522
4531,4530
4531,4532
4532,4523
4532,4531
4532,4540
4533,4523
4533,4524
4533,4534
4533,4540
4534,4525
4534,4533
4534,4541
4534,4542
4535,4525
4535,4526
4535,4542
4535,4543
4536,4526
4536,4527
4536,4543
4536,4544
4537,4527
4537,4529
4537,4545
4537,4546
4538,4528
4538,4529
4538,4546
4538,4547
4539,256
4539,4528
4539,4547
4539,4548
4540,4532
4540,4533
4540,4541
4541,4534
4541,4540
4541,4549
4542,4534
4542,4535
4542,4549
4542,4550
4543,4535
4543,4536
4543,4550
4543,4551
4544,4536
4544,4545
4544,4551
4544,4552
4545,4537
4545,4544
4545,4553
4545,4554
4546,4537
4546,4538
4546,4554
4546,4555
4547,4538
4547,4539
4547,4555
4547,4556
4548,273
4548,4539
4548,4556
4548,4557
4549,4541
4549,4542
4549,4558
4550,4542
4550,4543
4550,4558
4550,4559
4551,4543
4551,4544
4551,4559
4551,4560
4552,4544
4552,4553
4552,4560
4552,4561
4553,4545
4553,4552
4553,4562
4553,4563
4554,4545
4554,4546
4554,4563
4554,4564
4555,4546
4555,4547
4555,4564
4555,4565
4556,4547
4556,4548
4556,4565
4556,4566
4557,4548
4557,4566
4557,4567
4557,4568
4558,4549
4558,4550
4558,4569
4559,4550
4559,4551
4559,4569
4559,4570
4560,4551
4560,4552
4560,4570
4560,4571
4561,4552
4561,4562
4561,4572
4561,4573
4562,4553
4562,4561
4562,4574
4562,4575
4563,4553
4563,4554
4563,4575
4563,4576
4564,4554
4564,4555
4564,4576
4564,4577
4565,4555
4565,4556
4565,4578
4565,4579
4566,4556
4566,4557
4566,4579
4566,4580
4567,4557
4567,4581
4567,4582
4567,4583
4568,273
4568,4557
4568,4581
4568,4584
4569,4558
4569,4559
4569,4585
4570,4559
4570,4560
4570,4585
4570,4586
4571,4560
4571,4573
4571,4586
4572,4561
4572,4574
4572,4587
4573,4561
4573,4571
4573,4586
4573,4587
4574,4562
4574,4572
4574,4588
4575,4562
4575,4563
4575,4588
4575,4589
4576,4563
4576,4564
4576,4589
4576,4590
4577,4564
4577,4578
4577,4590
4577,4591
4578,4565
4578,4577
4578,4592
4578,4593
4579,4565
4579,4566
4579,4593
4579,4594
4580,4566
4580,4583
4580,4594
4580,4595
4581,4567
4581,4568
4581,4596
4581,4597
4582,4567
4582,4596
4582,4598
4582,4599
4583,4567
4583,4580
4583,4599
4583,4600
4584,257
4584,258
4584,4568
4584,4597
4585,4569
4585,4570
4585,4601
4586,4570
4586,4571
4586,4573
4586,4601
4587,4572
4587,4573
4587,4601
4588,4574
4588,4575
4588,4602
4589,4575
4589,4576
4589,4602
4589,4603
4590,4576
4590,4577
4590,4591
4590,4603
4591,4577
4591,4590
4591,4592
4591,4604
4592,4578
4592,4591
4592,4605
4592,4606
4593,4578
4593,4579
4593,4606
4593,4607
4594,4579
4594,4580
4594,4607
4594,4608
4595,4580
4595,4600
4595,4608
4595,4609
4596,4581
4596,4582
4596,4610
4596,4611
4597,4581
4597,4584
4597,4611
4597,4612
4598,4582
4598,4610
4598,4613
4598,4614
4599,4582
4599,4583
4599,4613
4599,4615
4600,4583
4600,4595
4600,4615
4600,4616
4601,4585
4601,4586
4601,4587
4602,4588
4602,4589
4602,4617
4603,4589
4603,4590
4603,4604
4603,4617
4604,4591
4604,4603
4604,4605
4604,4618
4605,4592
4605,4604
4605,4619
4605,4620
4606,4592
4606,4593
4606,4620
4606,4621
4607,4593
4607,4594
4607,4621
4607,4622
4608,4594
4608,4595
4608,4622
4608,4623
4609,4595
4609,4616
4609,4623
4609,4624
4610,4596
4610,4598
4610,4625
4610,4626
4611,4596
4611,4597
4611,4612
4611,4627
4612,258
4612,4597
4612,4611
4612,4628
4613,4598
4613,4599
4613,4629
4613,4630
4614,4598
4614,4626
4614,4630
4614,4631
4615,4599
4615,4600
4615,4629
4615,4632
4616,4600
4616,4609
4616,4632
4616,4633
4617,4602
4617,4603
4617,4618
4618,4604
4618,4617
4618,4619
4619,4605
4619,4618
4619,4634
4620,4605
4620,4606
4620,4634
4620,4635
4621,4606
4621,4607
4621,4635
4621,4636
4622,4607
4622,4608
4622,4623
4622,4636
4623,4608
4623,4609
4623,4622
4623,4637
4624,4609
4624,4633
4624,4637
4624,4638
4625,4610
4625,4627
4625,4639
4626,4610
4626,4614
4626,4639
4626,4640
4627,4611
4627,4625
4627,4628
4628,274
4628,4612
4628,4627
4629,4613
4629,4615
4629,4641
4629,4642
4630,4613
4630,4614
4630,4642
4630,4643
4631,4614
4631,4643
4631,4644
4632,4615
4632,4616
4632,4641
4632,4645
4633,4616
4633,4624
4633,4645
4633,4646
4634,4619
4634,4620
4634,4647
4635,4620
4635,4621
4635,4647
4635,4648
4636,4621
4636,4622
4636,4637
4636,4648
4637,4623
4637,4624
4637,4636
4637,4649
4638,4624
4638,4646
4638,4649
4638,4650
4639,4625
4639,4626
4639,4651
4640,4626
4640,4644
4640,4651
4640,4652
4641,4629
4641,4632
4641,4653
4641,4654
4642,4629
4642,4630
4642,4654
4642,4655
4643,4630
4643,4631
4643,4655
4643,4656
4644,4631
4644,4640
4644,4656
4644,4657
4645,4632
4645,4633
4645,4653
4645,4658
4646,4633
4646,4638
4646,4658
4646,4659
4647,4634
4647,4635
4647,4660
4648,4635
4648,4636
4648,4649
4648,4660
4649,4637
4649,4638
4649,4648
4649,4661
4650,4638
4650,4659
4650,4661
4651,4639
4651,4640
4651,4662
4652,4640
4652,4657
4652,4662
4652,4663
4653,4641
4653,4645
4653,4664
4653,4665
4654,4641
4654,4642
4654,4665
4654,4666
4655,4642
4655,4643
4655,4667
4655,4668
4656,4643
4656,4644
4656,4667
4656,4669
4657,4644
4657,4652
4657,4669
4657,4670
4658,4645
4658,4646
4658,4664
4658,4671
4659,4646
4659,4650
4659,4671
4660,4647
4660,4648
4660,4661
4661,4649
4661,4650
4661,4660
4662,4651
4662,4652
4662,4672
4663,4652
4663,4670
4663,4672
4663,4673
4664,4653
4664,4658
4664,4674
4664,4675
4665,4653
4665,4654
4665,4675
4665,4676
4666,4654
4666,4668
4666,4676
4666,4677
4667,4655
4667,4656
4667,4678
4667,4679
4668,4655
4668,4666
4668,4678
4668,4680
4669,4656
4669,4657
4669,4679
4669,4681
4670,4657
4670,4663
4670,4681
4670,4682
4671,4658
4671,4659
4671,4674
4672,4662
4672,4663
4672,4683
4672,4684
4673,4663
4673,4682
4673,4684
4673,4685
4674,4664
4674,4671
4674,4686
4675,4664
4675,4665
4675,4686
4675,4687
4676,4665
4676,4666
4676,4687
4676,4688
4677,4666
4677,4680
4677,4688
4677,4689
4678,4667
4678,4668
4678,4690
4678,4691
4679,4667
4679,4669
4679,4691
4679,4692
4680,4668
4680,4677
4680,4690
4680,4693
4681,4669
4681,4670
4681,4692
4681,4694
4682,4670
4682,4673
4682,4694
4682,4695
4683,4672
4683,4696
4683,4697
4684,4672
4684,4673
4684,4697
4684,4698
4685,4673
4685,4695
4685,4698
4685,4699
4686,4674
4686,4675
4686,4700
4687,4675
4687,4676
4687,4700
4687,4701
4688,4676
4688,4677
4688,4701
4688,4702
4689,4677
4689,4693
4689,4702
4689,4703
4690,4678
4690,4680
4690,4704
4690,4705
4691,4678
4691,4679
4691,4705
4691,4706
4692,4679
4692,4681
4692,4706
4692,4707
4693,4680
4693,4689
4693,4704
4693,4708
4694,4681
4694,4682
4694,4709
4694,4710
4695,4682
4695,4685
4695,4710
4695,4711
4696,4683
4696,4712
4696,4713
4697,4683
4697,4684
4697,4713
4697,4714
4698,4684
4698,4685
4698,4714
4698,4715
4699,4685
4699,4715
4699,4716
4699,4717
4700,4686
4700,4687
4700,4718
4701,4687
4701,4688
4701,4702
4701,4718
4702,4688
4702,4689
4702,4701
4702,4719
4703,4689
4703,4708
4703,4719
4704,4690
4704,4693
4704,4720
4704,4721
4705,4690
4705,4691
4705,4721
4705,4722
4706,4691
4706,4692
4706,4722
4706,4723
4707,4692
4707,4709
4707,4723
4707,4724
4708,4693
4708,4703
4708,4720
4709,4694
4709,4707
4709,4724
4709,4725
4710,4694
4710,4695
4710,4725
4710,4726
4711,4695
4711,4716
4711,4726
4711,4727
4712,4696
4712,4728
4712,4729
4713,4696
4713,4697
4713,4729
4713,4730
4714,4697
4714,4698
4714,4730
4714,4731
4715,4698
4715,4699
4715,4731
4715,4732
4716,4699
4716,4711
4716,4733
4716,4734
4717,4699
4717,4732
4717,4734
4717,4735
4718,4700
4718,4701
4718,4719
4719,4702
4719,4703
4719,4718
4720,4704
4720,4708
4720,4736
4721,4704
4721,4705
4721,4736
4721,4737
4722,4705
4722,4706
4722,4737
4722,4738
4723,4706
4723,4707
4723,4738
4723,4739
4724,4707
4724,4709
4724,4739
4724,4740
4725,4709
4725,4710
4725,4740
4725,4741
4726,4710
4726,4711
4726,4741
4726,4742
4727,4711
4727,4733
4727,4742
4727,4743
4728,4712
4728,4744
4728,4745
4729,4712
4729,4713
4729,4745
4729,4746
4730,4713
4730,4714
4730,4746
4730,4747
4731,4714
4731,4715
4731,4747
4731,4748
4732,4715
4732,4717
4732,4748
4732,4749
4733,4716
4733,4727
4733,4750
4733,4751
4734,4716
4734,4717
4734,4751
4734,4752
4735,4717
4735,4752
4735,4753
4735,4754
4736,4720
4736,4721
4736,4755
4737,4721
4737,4722
4737,4755
4737,4756
4738,4722
4738,4723
4738,4756
4738,4757
4739,4723
4739,4724
4739,4758
4739,4759
4740,4724
4740,4725
4740,4759
4740,4760
4741,4725
4741,4726
4741,4742
4741,4760
4742,4726
4742,4727
4742,4741
4742,4761
4743,4727
4743,4750
4743,4761
4743,4762
4744,4728
4744,4763
4744,4764
4745,4728
4745,4729
4745,4764
4745,4765
4746,4729
4746,4730
4746,4765
4746,4766
4747,4730
4747,4731
4747,4766
4747,4767
4748,4731
4748,4732
4748,4767
4748,4768
4749,4732
4749,4754
4749,4768
4749,4769
4750,4733
4750,4743
4750,4770
4750,4771
4751,4733
4751,4734
4751,4771
4751,4772
4752,4734
4752,4735
4752,4772
4752,4773
4753,4735
4753,4773
4753,4774
4753,4775
4754,4735
4754,4749
4754,4775
4754,4776
4755,4736
4755,4737
4755,4777
4756,4737
4756,4738
4756,4757
4756,4777
4757,4738
4757,4756
4757,4758
4757,4778
4758,4739
4758,4757
4758,4779
4758,4780
4759,4739
4759,4740
4759,4780
4759,4781
4760,4740
4760,4741
4760,4761
4760,4781
4761,4742
4761,4743
4761,4760
4761,4782
4762,4743
4762,4770
4762,4782
4762,4783
4763,4744
4763,4784
4763,4785
4764,4744
4764,4745
4764,4786
4764,4787
4765,4745
4765,4746
4765,4787
4765,4788
4766,4746
4766,4747
4766,4788
4766,4789
4767,4747
4767,4748
4767,4789
4767,4790
4768,4748
4768,4749
4768,4790
4768,4791
4769,4749
4769,4776
4769,4791
4769,4792
4770,4750
4770,4762
4770,4793
4770,4794
4771,4750
4771,4751
4771,4794
4771,4795
4772,4751
4772,4752
4772,4795
4772,4796
4773,4752
4773,4753
4773,4796
4773,4797
4774,4753
4774,4797
4774,4798
4774,4799
4775,4753
4775,4754
4775,4799
4775,4800
4776,4754
4776,4769
4776,4800
4776,4801
4777,4755
4777,4756
4777,4778
4778,4757
4778,4777
4778,4779
4779,4758
4779,4778
4779,4802
4780,4758
4780,4759
4780,4802
4780,4803
4781,4759
4781,4760
4781,4803
4781,4804
4782,4761
4782,4762
4782,4804
4782,4805
4783,4762
4783,4793
4783,4805
4783,4806
4784,4763
4784,4786
4784,4807
4784,4808
4785,4763
4785,4808
4785,4809
4786,4764
4786,4784
4786,4810
4786,4811
4787,4764
4787,4765
4787,4811
4787,4812
4788,4765
4788,4766
4788,4812
4788,4813
4789,4766
4789,4767
4789,4813
4789,4814
4790,4767
4790,4768
4790,4815
4790,4816
4791,4768
4791,4769
4791,4815
4791,4817
4792,4769
4792,4801
4792,4817
4792,4818
4793,4770
4793,4783
4793,4819
4793,4820
4794,4770
4794,4771
4794,4820
4794,4821
4795,4771
4795,4772
4795,4821
4795,4822
4796,4772
4796,4773
4796,4822
4796,4823
4797,4773
4797,4774
4797,4823
4798,4774
4798,4823
4798,4824
4798,4825
4799,4774
4799,4775
4799,4825
4799,4826
4800,4775
4800,4776
4800,4826
4800,4827
4801,4776
4801,4792
4801,4827
4801,4828
4802,4779
4802,4780
4802,4829
4803,4780
4803,4781
4803,4829
4803,4830
4804,4781
4804,4782
4804,4830
4804,4831
4805,4782
4805,4783
4805,4831
4805,4832
4806,4783
4806,4819
4806,4832
4807,4784
4807,4808
4807,4810
4807,4833
4808,4784
4808,4785
4808,4807
4808,4834
4809,4785
4809,4835
4809,4836
4810,443
4810,4786
4810,4807
4810,4837
4811,443
4811,4786
4811,4787
4811,4838
4812,4787
4812,4788
4812,4838
4812,4839
4813,4788
4813,4789
4813,4839
4813,4840
4814,4789
4814,4816
4814,4840
4814,4841
4815,4790
4815,4791
4815,4842
4815,4843
4816,4790
4816,4814
4816,4843
4816,4844
4817,4791
4817,4792
4817,4842
4817,4845
4818,4792
4818,4845
4818,4846
4818,4847
4819,4793
4819,4806
4819,4848
4820,4793
4820,4794
4820,4848
4820,4849
4821,4794
4821,4795
4821,4849
4821,4850
4822,4795
4822,4796
4822,4850
4822,4851
4823,4796
4823,4797
4823,4798
4823,4851
4824,4798
4824,4852
4824,4853
4824,4854
4825,4798
4825,4799
4825,4853
4825,4855
4826,4799
4826,4800
4826,4855
4826,4856
4827,4800
4827,4801
4827,4856
4827,4857
4828,4801
4828,4847
4828,4857
4828,4858
4829,4802
4829,4803
4829,4859
4830,4803
4830,4804
4830,4831
4830,4859
4831,4804
4831,4805
4831,4830
4831,4860
4832,4805
4832,4806
4832,4860
4833,4807
4833,4834
4833,4837
4833,4861
4834,4808
4834,4833
4834,4836
4834,4862
4835,4809
4835,4863
4835,4864
4836,4809
4836,4834
4836,4864
4836,4865
4837,432
4837,4810
4837,4833
4837,4866
4838,453
4838,4811
4838,4812
4838,4867
4839,4812
4839,4813
4839,4867
4839,4868
4840,4813
4840,4814
4840,4868
4840,4869
4841,4814
4841,4844
4841,4869
4841,4870
4842,4815
4842,4817
4842,4871
4842,4872
4843,4815
4843,4816
4843,4872
4843,4873
4844,4816
4844,4841
4844,4873
4844,4874
4845,4817
4845,4818
4845,4871
4845,4875
4846,4818
4846,4875
4846,4876
4846,4877
4847,4818
4847,4828
4847,4877
4847,4878
4848,4819
4848,4820
4848,4879
4849,4820
4849,4821
4849,4879
4849,4880
4850,4821
4850,4822
4850,4880
4850,4881
4851,4822
4851,4823
4851,4854
4851,4881
4852,4824
4852,4882
4852,4883
4852,4884
4853,4824
4853,4825
4853,4883
4853,4885
4854,4824
4854,4851
4854,4884
4854,4886
4855,4825
4855,4826
4855,4885
4855,4887
4856,4826
4856,4827
4856,4887
4856,4888
4857,4827
4857,4828
4857,4888
4857,4889
4858,4828
4858,4878
4858,4889
4858,4890
4859,4829
4859,4830
4859,4860
4860,4831
4860,4832
4860,4859
4861,388
4861,4833
4861,4862
4861,4866
4862,4834
4862,4861
4862,4865
4862,4891
4863,4835
4863,4892
4863,4893
4864,4835
4864,4836
4864,4893
4864,4894
4865,4836
4865,4862
4865,4894
4865,4895
4866,408
4866,423
4866,4837
4866,4861
4867,4838
4867,4839
4867,4896
4867,4897
4868,4839
4868,4840
4868,4896
4868,4898
4869,4840
4869,4841
4869,4898
4869,4899
4870,4841
4870,4874
4870,4899
4871,4842
4871,4845
4871,4900
4871,4901
4872,4842
4872,4843
4872,4873
4872,4900
4873,4843
4873,4844
4873,4872
4873,4902
4874,4844
4874,4870
4874,4902
4875,4845
4875,4846
4875,4901
4875,4903
4876,4846
4876,4904
4876,4905
4876,4906
4877,4846
4877,4847
4877,4907
4877,4908
4878,4847
4878,4858
4878,4890
4878,4908
4879,4848
4879,4849
4879,4909
4880,4849
4880,4850
4880,4909
4880,4910
4881,4850
4881,4851
4881,4886
4881,4910
4882,4852
4882,4911
4882,4912
4883,4852
4883,4853
4883,4912
4883,4913
4884,4852
4884,4854
4884,4911
4884,4914
4885,4853
4885,4855
4885,4913
4885,4915
4886,4854
4886,4881
4886,4914
4886,4916
4887,4855
4887,4856
4887,4915
4887,4917
4888,4856
4888,4857
4888,4917
4888,4918
4889,4857
4889,4858
4889,4918
4889,4919
4890,4858
4890,4878
4890,4919
4890,4920
4891,369
4891,388
4891,4862
4891,4895
4892,244
4892,4863
4892,4921
4893,4863
4893,4864
4893,4921
4893,4922
4894,325
4894,4864
4894,4865
4894,4922
4895,325
4895,349
4895,4865
4895,4891
4896,481
4896,4867
4896,4868
4896,4923
4897,453
4897,460
4897,481
4897,4867
4898,4868
4898,4869
4898,4923
4898,4924
4899,4869
4899,4870
4899,4924
4900,4871
4900,4872
4900,4902
4900,4925
4901,4871
4901,4875
4901,4925
4901,4926
4902,4873
4902,4874
4902,4900
4903,4875
4903,4905
4903,4926
4903,4927
4904,4876
4904,4907
4904,4928
4904,4929
4905,4876
4905,4903
4905,4927
4905,4930
4906,4876
4906,4929
4906,4930
4906,4931
4907,4877
4907,4904
4907,4920
4907,4932
4908,4877
4908,4878
4908,4920
4909,4879
4909,4880
4909,4933
4910,4880
4910,4881
4910,4916
4910,4933
4911,4882
4911,4884
4911,4934
4912,4882
4912,4883
4912,4935
4913,4883
4913,4885
4913,4935
4913,4936
4914,4884
4914,4886
4914,4916
4914,4934
4915,4885
4915,4887
4915,4936
4915,4937
4916,4886
4916,4910
4916,4914
4916,4938
4917,4887
4917,4888
4917,4937
4917,4939
4918,4888
4918,4889
4918,4939
4918,4940
4919,4889
4919,4890
4919,4941
4919,4942
4920,4890
4920,4907
4920,4908
4920,4942
4921,261
4921,4892
4921,4893
4921,4943
4922,313
4922,4893
4922,4894
4922,4943
4923,493
4923,520
4923,4896
4923,4898
4924,520
4924,4898
4924,4899
4925,4900
4925,4901
4925,4944
4926,4901
4926,4903
4926,4944
4926,4945
4927,4903
4927,4905
4927,4945
4927,4946
4928,4904
4928,4932
4928,4947
4928,4948
4929,4904
4929,4906
4929,4948
4929,4949
4930,4905
4930,4906
4930,4946
4930,4950
4931,4906
4931,4950
4931,4951
4931,4952
4932,4907
4932,4928
4932,4942
4932,4953
4933,4909
4933,4910
4933,4938
4934,4911
4934,4914
4934,4938
4935,4912
4935,4913
4935,4954
4936,4913
4936,4915
4936,4954
4936,4955
4937,4915
4937,4917
4937,4955
4937,4956
4938,4916
4938,4933
4938,4934
4939,4917
4939,4918
4939,4956
4939,4957
4940,4918
4940,4941
4940,4957
4941,4919
4941,4940
4941,4958
4941,4959
4942,4919
4942,4920
4942,4932
4942,4959
4943,275
4943,300
4943,4921
4943,4922
4944,4925
4944,4926
4944,4960
4945,4926
4945,4927
4945,4960
4945,4961
4946,4927
4946,4930
4946,4961
4946,4962
4947,4928
4947,4953
4947,4963
4947,4964
4948,4928
4948,4929
4948,4964
4948,4965
4949,4929
4949,4952
4949,4965
4949,4966
4950,4930
4950,4931
4950,4962
4950,4967
4951,4931
4951,4967
4951,4968
4951,4969
4952,4931
4952,4949
4952,4968
4952,4970
4953,4932
4953,4947
4953,4959
4953,4971
4954,4935
4954,4936
4954,4972
4955,4936
4955,4937
4955,4972
4955,4973
4956,4937
4956,4939
4956,4973
4956,4974
4957,4939
4957,4940
4957,4974
4957,4975
4958,4941
4958,4975
4958,4976
4958,4977
4959,4941
4959,4942
4959,4953
4959,4977
4960,4944
4960,4945
4960,4978
4961,4945
4961,4946
4961,4978
4961,4979
4962,4946
4962,4950
4962,4979
4962,4980
4963,4947
4963,4971
4963,4981
4963,4982
4964,4947
4964,4948
4964,4982
4964,4983
4965,4948
4965,4949
4965,4966
4965,4983
4966,4949
4966,4965
4966,4970
4966,4984
4967,4950
4967,4951
4967,4980
4967,4985
4968,4951
4968,4952
4968,4986
4968,4987
4969,4951
4969,4985
4969,4987
4969,4988
4970,4952
4970,4966
4970,4989
4970,4990
4971,4953
4971,4963
4971,4977
4971,4991
4972,4954
4972,4955
4972,4992
4973,4955
4973,4956
4973,4992
4973,4993
4974,4956
4974,4957
4974,4993
4974,4994
4975,4957
4975,4958
4975,4994
4975,4995
4976,4958
4976,4995
4976,4996
4976,4997
4977,4958
4977,4959
4977,4971
4977,4997
4978,4960
4978,4961
4978,4998
4979,4961
4979,4962
4979,4998
4979,4999
4980,4962
4980,4967
4980,4999
4980,5000
4981,4963
4981,4991
4981,5001
4981,5002
4982,4963
4982,4964
4982,5002
4982,5003
4983,4964
4983,4965
4983,4984
4983,5003
4984,4966
4984,4983
4984,4990
4984,5004
4985,906
4985,4967
4985,4969
4985,5000
4986,1450
4986,4968
4986,4989
4986,5005
4987,4968
4987,4969
4987,5005
4987,5006
4988,4969
4988,5006
4988,5007
4989,1500
4989,4970
4989,4986
4989,5008
4990,4970
4990,4984
4990,5008
4990,5009
4991,4971
4991,4981
4991,4997
4991,5010
4992,4972
4992,4973
4992,5011
4993,4973
4993,4974
4993,5011
4993,5012
4994,4974
4994,4975
4994,5012
4994,5013
4995,4975
4995,4976
4995,5013
4995,5014
4996,4976
4996,5014
4996,5015
4997,4976
4997,4977
4997,4991
4997,5015
4998,729
4998,753
4998,4978
4998,4979
4999,753
4999,811
4999,4979
4999,4980
5000,811
5000,876
5000,4980
5000,4985
5001,4981
5001,5010
5001,5016
5002,4981
5002,4982
5002,5016
5002,5017
5003,4982
5003,4983
5003,5004
5003,5017
5004,4984
5004,5003
5004,5018
5004,5019
5005,1392
5005,4986
5005,4987
5005,5020
5006,4987
5006,4988
5006,5020
5006,5021
5007,906
5007,4988
5007,5021
5007,5022
5008,1555
5008,4989
5008,4990
5008,5023
5009,4990
5009,5019
5009,5023
5009,5024
5010,4991
5010,5001
5010,5015
5011,4992
5011,4993
5011,5025
5012,4993
5012,4994
5012,5013
5012,5025
5013,4994
5013,4995
5013,5012
5013,5026
5014,4995
5014,4996
5014,5026
5015,4996
5015,4997
5015,5010
5016,5001
5016,5002
5016,5027
5017,5002
5017,5003
5017,5018
5017,5027
5018,5004
5018,5017
5018,5019
5018,5028
5019,5004
5019,5009
5019,5018
5019,5029
5020,1326
5020,5005
5020,5006
5020,5030
5021,5006
5021,5007
5021,5030
5021,5031
5022,942
5022,1016
5022,5007
5022,5031
5023,1616
5023,5008
5023,5009
5023,5032
5024,5009
5024,5029
5024,5032
5025,5011
5025,5012
5025,5026
5026,5013
5026,5014
5026,5025
5027,5016
5027,5017
5027,5028
5028,5018
5028,5027
5028,5029
5029,5019
5029,5024
5029,5028
5030,1261
5030,5020
5030,5021
5030,5033
5031,1056
5031,5021
5031,5022
5031,5033
5032,1682
5032,5023
5032,5024
5033,1099
5033,1201
5033,5030
5033,5031
